keep,university,openalex_id,doi,title,authors,affiliations,publication_year,cited_by_count,is_open_access,pdf_url,source,language,abstract,collected_on
yes,USPN,W2910890213,https://doi.org/10.1016/j.artmed.2019.01.001,Explainable artificial intelligence for breast cancer: A visual case-based reasoning approach,Jean-Baptiste Lamy; Boomadevi Sekar; Gilles Guézennec; Jacques Bouaud; Brigitte Séroussi,Université Sorbonne Paris Nord; Université Paris Cité; Inserm; Sorbonne Université; Assistance Publique – Hôpitaux de Paris; Laboratoire d'Informatique Médicale et d'Ingénierie des Connaissances en e-Santé; University of Ulster; Hôpital Tenon,2019,291,True,https://www.sciencedirect.com/science/article/am/pii/S0933365718304846?via%3Dihub,Artificial Intelligence in Medicine,en,"Case-Based Reasoning (CBR) is a form of analogical reasoning in which the solution for a (new) query case is determined using a database of previous known cases with their solutions. Cases similar to the query are retrieved from the database, and then their solutions are adapted to the query. In medicine, a case usually corresponds to a patient and the problem consists of classifying the patient in a class of diagnostic or therapy. Compared to ""black box"" algorithms such as deep learning, the responses of CBR systems can be justified easily using the similar cases as examples. However, this possibility is often under-exploited and the explanations provided by most CBR systems are limited to the display of the similar cases. In this paper, we propose a CBR method that can be both executed automatically as an algorithm and presented visually in a user interface for providing visual explanations or for visual reasoning. After retrieving similar cases, a visual interface displays quantitative and qualitative similarities between the query and the similar cases, so as one can easily classify the query through visual reasoning, in a fully explainable manner. It combines a quantitative approach (visualized by a scatter plot based on Multidimensional Scaling in polar coordinates, preserving distances involving the query) and a qualitative approach (set visualization using rainbow boxes). We applied this method to breast cancer management. We showed on three public datasets that our qualitative method has a classification accuracy comparable to k-Nearest Neighbors algorithms, but is better explainable. We also tested the proposed interface during a small user study. Finally, we apply the proposed approach to a real dataset in breast cancer. Medical experts found the visual approach interesting as it explains why cases are similar through the visualization of shared patient characteristics.",2026-03-23
yes,USPN,W3210685454,https://doi.org/10.2196/30359,Opportunities and Challenges for Professionals in Psychiatry and Mental Health Care Using Digital Technologies During the COVID-19 Pandemic: Systematic Review,Hélène Kane; Jade Gourret Baumgart; Wissam El‐Hage; Jocelyn Deloyer; Christine Maes; Marie-Clotilde Lebas; Donatella Marazziti; Johannes Thome; Laurence Fond‐Harmant; Frédéric Denis,Université Sorbonne Paris Nord; University of Pisa; Sorbonne Université; Centre Hospitalier Universitaire de Tours; Clinical Investigation Center Plurithematic Tours; Sorbonne Paris Cité; University of Rostock; Haute École de la Province de Namur; Saint Camillus International University of Health and Medical Sciences; Université de Tours,2021,42,True,https://doi.org/10.2196/30359,JMIR Human Factors,en,"New uses of such technologies essentially consist of a transition from the classic consultation model toward teleconsultation and make less use of the specific potential of artificial intelligence. As professionals were not prepared for these uses, they were confronted with practical difficulties and ethical questions, such as the place of digital technology in care, confidentiality and protection of personal data, and equity in access to care. The COVID-19 health crisis questions how the organization of health care integrates the possibilities offered by digital technology, in particular to promote the autonomy and empowerment of mental health service users.",2026-03-23
yes,USPN,W3081510761,https://doi.org/10.1055/s-0040-1702029,Transparency of Health Informatics Processes as the Condition of Healthcare Professionals’ and Patients’ Trust and Adoption: the Rise of Ethical Requirements,Brigitte Séroussi; Kate Fultz Hollis; Lina F. Soualmia,"Université Sorbonne Paris Nord; Inserm; Sorbonne Université; Normandie Université; Assistance Publique – Hôpitaux de Paris; Laboratoire d'Informatique, du Traitement de l'Information et des Systèmes; Laboratoire d'Informatique Médicale et d'Ingénierie des Connaissances en e-Santé; Oregon Health & Science University; Hôpital Tenon",2020,26,True,http://www.thieme-connect.de/products/ejournals/pdf/10.1055/s-0040-1702029.pdf,Yearbook of Medical Informatics,en,"Objectives: To provide an introduction to the 2020 International Medical Informatics Association (IMIA) Yearbook by the editors. Methods: This editorial provides an introduction and overview to the 2020 IMIA Yearbook which special topic is: “Ethics in Health Informatics”. The keynote paper, the survey paper of the Special Topic section, and the paper about Donald Lindberg’s ethical scientific openness in the History of Medical Informatics chapter of the Yearbook are discussed. Changes in the Yearbook Editorial Committee are also described. Results: Inspired by medical ethics, ethics in health informatics progresses with the advances in biomedical informatics. With the wide use of EHRs, the enlargement of the care team perimeter, the need for data sharing for care continuity, the reuse of data for the sake of research, and the implementation of AI-powered decision support tools, new ethics requirements are necessary to address issues such as threats on privacy, confidentiality breaches, poor security practices, lack of patient information, tension on data sharing and reuse policies, need for more transparency on apps effectiveness, biased algorithms with discriminatory outcomes, guarantee on trustworthy AI, concerns on the re-identification of de-identified data. Conclusions: Despite privacy rules rooted in the Health Insurance Portability and Accountability Act of 1996 (HIPAA) in the USA and even more restrictive new regulations such as the EU General Data Protection Regulation published in May 2018, some people do not believe their data will be kept confidential and may not share sensitive information with a provider, which may also induce unethical situations. Transparency on healthcare data processes is a condition of healthcare professionals’ and patients’ trust and their adoption of digital tools.",2026-03-23
yes,USPN,W2967002964,https://doi.org/10.1055/s-0039-1677951,Artificial Intelligence in Health Informatics: Hype or Reality?,Kate Fultz Hollis; Lina F. Soualmia; Brigitte Séroussi,"Université Sorbonne Paris Nord; Université Paris Cité; Inserm; Sorbonne Université; Normandie Université; Sorbonne Paris Cité; Assistance Publique – Hôpitaux de Paris; Laboratoire d'Informatique, du Traitement de l'Information et des Systèmes; Laboratoire d'Informatique Médicale et d'Ingénierie des Connaissances en e-Santé; Oregon Health & Science University; Hôpital Tenon",2019,23,True,http://www.thieme-connect.de/products/ejournals/pdf/10.1055/s-0039-1677951.pdf,Yearbook of Medical Informatics,en,"Objectives: To provide an introduction to the 2019 International Medical Informatics Association (IMIA) Yearbook by the editors. Methods: This editorial presents an overview and introduction to the 2019 IMIA Yearbook which includes the special topic “Artificial Intelligence in Health: New Opportunities, Challenges, and Practical Implications"". The special topic is discussed, the IMIA President’s statement is introduced, and changes in the Yearbook editorial team are described. Results: Artificial intelligence (AI) in Medicine arose in the 1970’s from new approaches for representing expert knowledge with computers. Since then, AI in medicine has gradually evolved toward essentially data-driven approaches with great results in image analysis. However, data integration, storage, and management still present clear challenges among which the lack of explanability of the results produced by data-driven AI methods. Conclusion: With more health data availability, and the recent developments of efficient and improved machine learning algorithms, there is a renewed interest for AI in medicine. The objective is to help health professionals improve patient care while also reduce costs. However, the other costs of AI, including ethical issues when processing personal health data by algorithms, should be included.",2026-03-23
yes,USPN,W3157307907,https://doi.org/10.1016/j.envint.2021.106574,Identification of non-validated endocrine disrupting chemical characterization methods by screening of the literature using artificial intelligence and by database exploration,Elias Zgheib; Min Ji Kim; Florence Jornod; Kévin Bernal; Céline Tomkiewicz; Sylvie Bortoli; Xavier Coumoul; Robert Barouki; Kelly de Jesus; Elise Grignard; P. Hubert; Efrosini S. Katsanou; François Busquet; Karine Audouze,"Université Sorbonne Paris Nord; Toxicologie, Pharmacologie et Signalisation Cellulaire; Université Paris Cité; Inserm; Université Clermont Auvergne; Sorbonne Université; Institut national de l'environnement industriel et des risques; Institut Génétique, Reproduction et Développement; Sorbonne Paris Cité; Benaki Phytopathological Institute",2021,23,True,https://doi.org/10.1016/j.envint.2021.106574,Environment International,en,"We identified methods to characterize EDCs which could be relevant for regulatory pre-validation and, ultimately for the efficient prevention of EDC-related severe health outcomes. This integrative approach highlights a successful and complementary strategy which combines computational and manual curation approaches.",2026-03-23
yes,USPN,W4393950419,https://doi.org/10.1093/jamia/ocae069,Collaborative and privacy-enhancing workflows on a clinical data warehouse: an example developing natural language processing pipelines to detect medical conditions,Thomas Petit-Jean; Christel Gérardin; Emmanuelle Berthelot; Gilles Châtellier; Marie Frank; Xavier Tannier; Emmanuelle Kempf; Romain Bey,Université Sorbonne Paris Nord; Institut Pierre Louis d‘Épidémiologie et de Santé Publique; Inserm; Université Paris Cité; Sorbonne Université; Assistance Publique – Hôpitaux de Paris; Laboratoire d'Informatique Médicale et d'Ingénierie des Connaissances en e-Santé; Bicêtre Hospital; Hôpital Albert-Chenevier,2024,20,True,https://academic.oup.com/jamia/advance-article-pdf/doi/10.1093/jamia/ocae069/57159967/ocae069.pdf,Journal of the American Medical Informatics Association,en,"We demonstrated that a community of investigators working on a common clinical data warehouse could efficiently and securely collaborate to develop, validate and use sensitive artificial intelligence models. In particular, we provided an efficient and robust NLP pipeline that detects conditions mentioned in clinical notes.",2026-03-23
yes,USPN,W4376126986,https://doi.org/10.1016/j.eswa.2023.120443,A novel one-vs-rest consensus learning method for crash severity prediction,Syed Fawad Hussain; Muhammad Ashraf,Sorbonne Université; Université Sorbonne Paris Nord; Ghulam Ishaq Khan Institute of Engineering Sciences and Technology; University of Birmingham,2023,16,True,https://doi.org/10.1016/j.eswa.2023.120443,Expert Systems with Applications,en,"Research in crash severity prediction is necessary to allow safety planners to take precautionary measures and enable first aiders to remain prepared for assisting the injured. Existing literature in the field of crash severity prediction is mostly focused on generating the attributes for predicting the severity. However, in reality, not all features are discriminating, and certain classes are challenging to detect even employing the entire feature set. Although to tackle these problems several techniques are developed in the Machine Learning (ML) literature. But their application to crash severity prediction and an optimal strategy for the best combination of features or classifiers for achieving high accuracy is a less studied area. To address these problems, this work first provides a comparison of widely used classifiers for predicting crash severity; and secondly, by combining class-wise majority voting with One-vs-Rest (OvR) approach, a novel classification framework named, OvR consensus learning (OvRCL) is proposed. The proposed method avail a feature selection technique, Mutual information (MI), to acquire the most relevant feature set regarding the output class (i.e. severity). Moreover, to differentiate each class in the multi-class data, OvRCL iteratively runs ML algorithms as binary classifiers in an ensemble framework to significantly ameliorate classification performance. In our experiments, we use four classifiers, namely, the k-Nearest Neighbors (k-NN), Support Vector Machines (SVM), Random Forest (RF), and Bagging classifier, to get the consensus. Analysis was done using a real crash dataset obtained from an open data source of Leeds city council. A four-year crash data (2015–2018) is used for training and the OvRCL is tested on the 2019 data. Moreover, to validate the performance of OvRCL, this study also utilizes two more datasets with high-class imbalance. In contrast to conventional ML algorithms, our experiments depict that the OvRCL is a potent method for forecasting crash severity levels on the data under test.",2026-03-23
yes,USPN,W4311282072,https://doi.org/10.1055/s-0042-1742540,Inclusive Digital Health,Fleur Mougin; Kate Fultz Hollis; Lina F. Soualmia,"Université Sorbonne Paris Nord; Inserm; Sorbonne Université; Normandie Université; Laboratoire d'Informatique, du Traitement de l'Information et des Systèmes; Laboratoire d'Informatique Médicale et d'Ingénierie des Connaissances en e-Santé; Bordeaux Population Health; Oregon Health & Science University; Université de Bordeaux",2022,13,True,http://www.thieme-connect.de/products/ejournals/pdf/10.1055/s-0042-1742540.pdf,Yearbook of Medical Informatics,en,There is a strong desire to better consider disparities between populations to avoid biases being induced in Artificial Intelligence algorithms in particular. Telemedicine and m-health must be more inclusive for people with disabilities or living in isolated geographical areas.,2026-03-23
yes,USPN,W3211238343,https://doi.org/10.3390/s21217278,Human Activity Recognition: A Dynamic Inductive Bias Selection Perspective,Massinissa Hamidi; Aomar Osmani,Laboratoire d'Informatique de Paris-Nord; Sorbonne Université; Université Sorbonne Paris Nord; Centre National de la Recherche Scientifique,2021,12,True,https://www.mdpi.com/1424-8220/21/21/7278/pdf?version=1636092895,Sensors,en,"In this article, we study activity recognition in the context of sensor-rich environments. In these environments, many different constraints arise at various levels during the data generation process, such as the intrinsic characteristics of the sensing devices, their energy and computational constraints, and their collective (collaborative) dimension. These constraints have a fundamental impact on the final activity recognition models as the quality of the data, its availability, and its reliability, among other things, are not ensured during model deployment in real-world configurations. Current approaches for activity recognition rely on the activity recognition chain which defines several steps that the sensed data undergo: This is an inductive process that involves exploring a hypothesis space to find a theory able to explain the observations. For activity recognition to be effective and robust, this inductive process must consider the constraints at all levels and model them explicitly. Whether it is a bias related to sensor measurement, transmission protocol, sensor deployment topology, heterogeneity, dynamicity, or stochastic effects, it is essential to understand their substantial impact on the quality of the data and ultimately on activity recognition models. This study highlights the need to exhibit the different types of biases arising in real situations so that machine learning models, e.g., can adapt to the dynamicity of these environments, resist sensor failures, and follow the evolution of the sensors' topology. We propose a metamodeling approach in which these biases are specified as hyperparameters that can control the structure of the activity recognition models. Via these hyperparameters, it becomes easier to optimize the inductive processes, reason about them, and incorporate additional knowledge. It also provides a principled strategy to adapt the models to the evolutions of the environment. We illustrate our approach on the SHL dataset, which features motion sensor data for a set of human activities collected in real conditions. The obtained results make a case for the proposed metamodeling approach; noticeably, the robustness gains achieved when the deployed models are confronted with the evolution of the initial sensing configurations. The trade-offs exhibited and the broader implications of the proposed approach are discussed with alternative techniques to encode and incorporate knowledge into activity recognition models.",2026-03-23
yes,USPN,W3080524808,https://doi.org/10.1055/s-0040-1702007,Clinical Research Informatics,Christel Daniel; Dipak Kalra; Section Editors for the IMIA Yearbook Section on Clinical Research Informatics,Université Sorbonne Paris Nord; Université Paris Cité; Inserm; Sorbonne Université; Sorbonne Paris Cité; Assistance Publique – Hôpitaux de Paris; Laboratoire d'Informatique Médicale et d'Ingénierie des Connaissances en e-Santé; Ghent University,2020,12,True,http://www.thieme-connect.de/products/ejournals/pdf/10.1055/s-0040-1702007.pdf,Yearbook of Medical Informatics,en,"The most significant research efforts in the CRI field are currently focusing on real world evidence generation and especially the reuse of EHR data. With the progress achieved this year in the areas of phenotyping, data integration, semantic interoperability, and data quality assessment, real world data is becoming more accessible and reusable. High quality data sets are key assets not only for large scale observational studies or for changing the way clinical trials are conducted but also for developing or evaluating artificial intelligence algorithms guiding clinical decision for more personalized care. And lastly, security and confidentiality, ethical and regulatory issues, and more generally speaking data governance are still active research areas this year.",2026-03-23
yes,USPN,W4403048071,https://doi.org/10.1038/s41746-024-01237-y,"Algorithmovigilance, lessons from pharmacovigilance",Alan Balendran; Mehdi Benchoufi; Theodoros Evgeniou; Philippe Ravaud,"Université Sorbonne Paris Nord; Institut National de Recherche pour l'Agriculture, l'Alimentation et l'Environnement; Université Paris Cité; Inserm; Sorbonne Université; Sorbonne Paris Cité; Assistance Publique – Hôpitaux de Paris; Centre de Recherche Épidémiologie et Statistique; Hôtel-Dieu de Paris; INSEAD; Columbia University",2024,11,True,https://www.nature.com/articles/s41746-024-01237-y.pdf,npj Digital Medicine,en,"Artificial Intelligence (AI) systems are increasingly being deployed across various high-risk applications, especially in healthcare. Despite significant attention to evaluating these systems, post-deployment incidents are not uncommon, and effective mitigation strategies remain challenging. Drug safety has a well-established history of assessing, monitoring, understanding, and preventing adverse effects in real-world usage, known as pharmacovigilance. Drawing inspiration from pharmacovigilance methods, we discuss concepts that can be adapted for monitoring AI systems in healthcare. This discussion aims to improve responses to adverse effects and potential incidents and risks associated with AI deployment in healthcare but also beyond.",2026-03-23
yes,USPN,W2889142411,https://doi.org/10.1055/s-0038-1667078,"As Ontologies Reach Maturity, Artificial Intelligence Starts Being Fully Efficient: Findings from the Section on Knowledge Representation and Management for the Yearbook 2018",Ferdinand Dhombres; Jean Charlet; Section Editors for the IMIA Yearbook Section on Knowledge Representation and Management,Université Sorbonne Paris Nord; Université Paris Cité; Inserm; Sorbonne Université; Assistance Publique – Hôpitaux de Paris; Sorbonne Paris Cité; Laboratoire d'Informatique Médicale et d'Ingénierie des Connaissances en e-Santé; Hôpital Armand-Trousseau,2018,11,True,http://www.thieme-connect.de/products/ejournals/pdf/10.1055/s-0038-1667078.pdf,Yearbook of Medical Informatics,en,"Ontologies are demonstrating their maturity to integrate medical data and begin to support clinical practices. New challenges have emerged: the query on distributed semantically annotated datasets, the efficiency of semantic annotation processes, the semantic representation of large textual datasets, the control of biases associated with semantic annotations, and the computation of Bayesian indicators on data annotated with ontologies.",2026-03-23
yes,USPN,W3110781278,https://doi.org/10.1016/j.breast.2020.11.012,Artificial intelligence (AI) in breast cancer care - Leveraging multidisciplinary skills to improve care,Maria João Cardoso; Nehmat Houssami; Giuseppe Pozzi; Brigitte Séroussi,Université Sorbonne Paris Nord; University of Sydney; Inserm; Sorbonne Université; Assistance Publique – Hôpitaux de Paris; Laboratoire d'Informatique Médicale et d'Ingénierie des Connaissances en e-Santé; Champalimaud Foundation; Politecnico di Milano; Universidade Nova de Lisboa,2020,10,True,http://www.thebreastonline.com/article/S0960977620302186/pdf,The Breast,en,"Artificial Intelligence (AI) technologies supporting health professionals’ skills bring the promise of an era in which repetitive and time-intensive tasks in healthcare can be automated and performed (either entirely or in part) by AI systems. As automation progressively facilitates the delivery of health care, physicians can now focus on more humanized patient care. The use of AI to ensure quality delivery is essential in the fight against diseases and there is no doubt that the next decade will see a growing stream of AI applications across healthcare. “We are not ready for what is about to come” Coiera tells us [[1]Coiera E. The price of artificial intelligence.Yearbk Med Inform. 2019; 28: 14-25https://doi.org/10.1055/s-0039-1677892Crossref PubMed Scopus (11) Google Scholar], a statement highlighting the need for healthcare practitioners and services to prepare for AI’s adoption into health practice. With the progress of AI systems, it seems obvious that machine thinking will invade our workspace, literally and figuratively, in all areas of breast cancer care. Instead of resisting, we should better consider preparing ourselves for the impact, the potential, and the pitfalls, and start adapting our work environment to this new reality. This progress will need big input from “both sides of the barricade”, namely AI technical experts and health care professionals. Fear of the unknown is a common obstacle in innovation and frequently leads to resistance to new approaches. This is also the situation with AI in health care, although in this instance, cautious planning and evaluation are needed to allow us to understand the most beneficial way to adopt AI in practice. To achieve this, healthcare professionals including doctors need to work closely with AI experts. However, many doctors are not at ease with the computer science language, and computer scientists and engineers don’t master health terminology and concepts. Moreover, these very divergent skills appear to focus on different objectives. While health professionals have the primary goal of better diagnosis and treatment for patients, computer science teams are focused on inventing methods and computational processes to solve questions that might, in some instances, be considered of less priority to those who actually manage patients in real-word health settings. So, to make progress in our endeavor to use AI to improve various aspects of clinical care, in general and in our focus on breast cancer, we need to communicate our different perspectives more efficiently and more effectively. To help solve this problem, a curriculum teaching the language used and the problems addressed both by AI scientists and healthcare professionals could be implemented both in pre-graduate and post-graduate education, as highlighted in the work from Ferreira et al. in this special issue [[2]Ferreira M.F. Savoy J.N. Markey M.K. Teaching cross-cultural design thinking for healthcare.Breast. 2020; 50: 1-10https://doi.org/10.1016/j.breast.2019.12.015Abstract Full Text Full Text PDF PubMed Scopus (7) Google Scholar]. Many of the subfields of AI in health care are represented in this collection of papers addressing some of the developments that will help us in the routine care of breast cancer patients. It is obvious that many of the tasks that are undertaken very frequently by human operators with their inherent subjectivity will be the ones most likely to be replaced successfully in the near future by AI-based systems. One of the most relevant fields of research is the use of image analysis in various clinical applications including breast imaging, digital pathology, surgical planning, and outcomes evaluation. The huge amount of imaging digital data already annotated with defined characteristics either in screening or diagnosis has allowed the development of machine-learning-derived solutions that are on the verge of becoming a part of our practices in the near future. On the methodological side, contributions to this special issue come from the papers by Ref. [[3]Yap M.H. Goyal M. Osman F. Martí R. Denton E. Juette A. Zwiggelaar R. Breast ultrasound region of interest detection and lesion localisation.Artif Intell Med. 2020; 107https://doi.org/10.1016/j.artmed.2020.101880Crossref PubMed Scopus (31) Google Scholar,[4]Carvalho E.D. Filho A.O. Silva R.R. Araújo F.H. Diniz J.O. Silva A.C. … Gattass M. Breast cancer diagnosis from histopathological images using textural features and CBIR.Artif Intell Med. 2020; 105https://doi.org/10.1016/j.artmed.2020.101845Crossref PubMed Scopus (40) Google Scholar]. Yap et al. move from a set of ultrasound breast images and use an accurate object detection deep learning framework (namely, Faster-RCNN with Inception-ResNet-v2): region of interest (ROI) detection and lesion localization are automatically performed, helping the surgeon to focus on the relevant area of the breast. Carvalho et al. propose a method which deploys phylogenetic diversity indexes, generally used in biology to compare the behavior patterns of species in different areas, applied in this work to characterize breast histopathology images: the resulting model classifies histopathological images of the breast into four classes - invasive carcinoma, in situ carcinoma, normal tissue, and benign lesion – leaving a possible promise for the future of reducing the number of needed biopsies. Other papers in this special issue are also dedicated to the use of AI in breast imaging, screening, diagnosis, and prognosis as well as the prediction of cancer response to treatment. These topics are reviewed and discussed taking into account the current state of existing applications [5Lee C.I. Houssami N. Elmore J.G. Buist D.S. Pathways to breast cancer screening artificial intelligence algorithm validation.Breast. 2020; 52: 146-149https://doi.org/10.1016/j.breast.2019.09.005Abstract Full Text Full Text PDF PubMed Scopus (8) Google Scholar, 6Gullo R.L. Eskreis-Winkler S. Morris E.A. Pinker K. Machine learning with multiparametric magnetic resonance imaging of the breast for early prediction of response to neoadjuvant chemotherapy.Breast. 2020; 49: 115-122https://doi.org/10.1016/j.breast.2019.11.009Abstract Full Text Full Text PDF PubMed Scopus (26) Google Scholar, 7Sechopoulos I. Mann R.M. Stand-alone artificial intelligence - the future of breast cancer screening?.Breast. 2020; 49: 254-260https://doi.org/10.1016/j.breast.2019.12.014Abstract Full Text Full Text PDF PubMed Scopus (28) Google Scholar, 8Tagliafico A.S. Piana M. Schenone D. Lai R. Massone A.M. Houssami N. Overview of radiomics in breast cancer diagnosis and prognostication.Breast. 2020; 49: 74-80https://doi.org/10.1016/j.breast.2019.10.018Abstract Full Text Full Text PDF PubMed Scopus (67) Google Scholar]. AI has the potential to bring efficiencies to screening programs burdened by screen-reading workload, and augmenting radiologists’ interpretation. Various approaches to using AI in screening are discussed by Sechopoulos and Mann in this issue [[7]Sechopoulos I. Mann R.M. Stand-alone artificial intelligence - the future of breast cancer screening?.Breast. 2020; 49: 254-260https://doi.org/10.1016/j.breast.2019.12.014Abstract Full Text Full Text PDF PubMed Scopus (28) Google Scholar], while Lee et al. highlight the pathways and processes needed to ensure validation and diversification of algorithms for screening practice [[5]Lee C.I. Houssami N. Elmore J.G. Buist D.S. Pathways to breast cancer screening artificial intelligence algorithm validation.Breast. 2020; 52: 146-149https://doi.org/10.1016/j.breast.2019.09.005Abstract Full Text Full Text PDF PubMed Scopus (8) Google Scholar]. Applications of machine learning to digital pathology for breast cancer, including both diagnostic and prognostic applications, will not only complement the routine work of breast pathologists but also improve their diagnostic accuracy. As described in the detailed review by Ibrahim et al. [[9]Ibrahim A. Gamble P. Jaroensri R. Abdelsamea M.M. Mermel C.H. Chen P.-H.C. Rakha E.A. Artificial intelligence in digital breast pathology: techniques and applications.Breast. 2020; 49: 267-273https://doi.org/10.1016/j.breast.2019.12.007Abstract Full Text Full Text PDF PubMed Scopus (45) Google Scholar], AI in breast cancer pathology will provide information beyond that can be gained by eyeball assessment with the potential to replace some of the expensive multigene assays. In contrast to imaging and pathology where there are already available AI tools and substantial applied research, the sub-specialties in local treatments of breast cancer are relatively lagging behind in AI applications. It is not surprising that AI work in surgery is not commensurate with that described for imaging and pathology. Operating a breast depends on a number of variables that are difficult to collect and standardize. An effort has been made to try to transfer the diagnosis imaging information to the operating room, allowing more accurate localization of cancer. This effort has been essentially directed to the fusion of information coming from surface scans with imaging data from MRI allowing the construction of a breast model with the tumor inside, as reported by Bessa et al. [[10]Bessa S. Gouveia P.F. Carvalho P.H. Rodrigues C. Silva N.L. Cardoso F. Cardoso M.J. 3D digital breast cancer models with multimodal fusion algorithms.Breast. 2020; 49: 281-290https://doi.org/10.1016/j.breast.2019.12.016Abstract Full Text Full Text PDF PubMed Scopus (7) Google Scholar]. Some work has also been done in breast reconstruction through image analysis of angio CTs, the routine exam used to plan free flap reconstruction after mastectomy. The capacity to automatically detect vessels from angio CTs, proposed by Mavioso et al. will hopefully replace the process of manual annotation by a computerized automatic analysis keeping the same accuracy levels [[11]Mavioso C. Araújo R.J. Oliveira H.P. Anacleto J.C. Vasconcelos M.A. Pinto D. … Cardoso M.J. Automatic detection of perforators for microsurgical reconstruction.Breast. 2020; 50: 19-24https://doi.org/10.1016/j.breast.2020.01.001Abstract Full Text Full Text PDF PubMed Scopus (4) Google Scholar]. Concerning radiotherapy, CT images are the core of treatment planning for each patient, and some facilitating tools already exist for contouring the fields of treatment. However, the use of AI to automate the entire process is not yet used in breast cancer although it could save many hours of work for the radiation oncology team. The paper from Poortmans et al. offers a significant contribution to elucidate the issues related to AI applications to individualize radiation therapy for breast cancer patients [[12]Poortmans P.M. Takanen S. Marta G.N. Meattini I. Kaidar-Person O. Winter is over: the use of Artificial Intelligence to individualise radiation therapy for breast cancer.Breast. 2020; 49: 194-200https://doi.org/10.1016/j.breast.2019.11.011Abstract Full Text Full Text PDF PubMed Scopus (11) Google Scholar]. Beyond using image analysis in diagnostic and planning of treatment, we also need tools to assess the clinical outcomes of this decision. Besides the side effects of systemic treatments, the visible impact of surgery and radiotherapy on patients’ body image is of major importance for patients. Cardoso and colleagues [[13]Cardoso J.S. Silva W. Cardoso M.J. Evolution, current challenges, and future possibilities in the objective assessment of aesthetic outcome of breast cancer locoregional treatment.Breast. 2020; 49: 123-130https://doi.org/10.1016/j.breast.2019.11.006Abstract Full Text Full Text PDF PubMed Scopus (8) Google Scholar] offer a review and a discussion of recent advancements in machine learning, and especially deep learning, bringing new promises to the field of aesthetic outcomes of locoregional treatments. Decision support systems are advanced systems that help physicians to diagnose and treat diseases. In fact, the task of physicians is becoming more and more complex because increasing quantities of data need to be properly considered before proceeding with any treatment decision. Indeed, because medical knowledge is advancing, different categories of cancer are proliferating along with the number of new therapies stemming from clinical research and new surgery techniques, which dramatically widen the set of possible choices of decisions. Decision support systems make use of different methodologies including artificial intelligence, knowledge representation, information visualization, and text mining, among others. On the methodological side, contributions on decision support systems come from the papers by Ref. [[14]Bouaud J. Pelayo S. Lamy J.-B. Prebet C. Ngo C. Teixeira L. … Seroussi B. Implementation of an ontological reasoning to support the guideline-based management of primary breast cancer patients in the DESIREE project.Artif Intell Med. 2020; 101922https://doi.org/10.1016/j.artmed.2020.101922Crossref Scopus (8) Google Scholar,[15]Gu D. Su K. Zhao H. A case-based ensemble learning system for explainable breast cancer recurrence prediction.Artif Intell Med. 2020; 107https://doi.org/10.1016/j.artmed.2020.101858Crossref PubMed Scopus (22) Google Scholar]. Bouaud et al. report about the results of the European-funded DESIREE project, providing breast unit physicians with different complementary therapeutic decision support modules including guideline-based, experience-based, and case-based reasoning. Gu et al. propose an auxiliary decision support system to help doctors improve the accuracy of breast cancer recurrence prediction. Big data analysis refers to the analysis of huge quantities of data which are now collected and stored in any human activity, including healthcare. Such data can be exploited for different targets, e.g., to provide medical staff with suggestion support for care delivery, to reason, and to extract knowledge, as well as to understand the natural language of textual descriptions such as medical reports. Papers by Macias-Garcia et al. [[16]Macı́as-Garcı́a L. Martı́nez-Ballesteros M. Luna-Romera J.M. Garcı́a-Heredia J.M. Garcı́a-Gutiérrez J. Riquelme-Santos J.C. Autoencoded DNA methylation data to predict breast cancer recurrence: machine learning models and gene-weight significance.Artif Intell Med. 2020; 110https://doi.org/10.1016/j.artmed.2020.101976Crossref PubMed Scopus (11) Google Scholar], and Pozzoli et al. [[17]Pozzoli S. Soliman A. Bahri L. Branca R.M. Girdzijauskas S. Brambilla M. Domain expertise–agnostic feature selection for the analysis of breast cancer data.Artif Intell Med. 2020; 101928https://doi.org/10.1016/j.artmed.2020.101928Crossref Scopus (4) Google Scholar] offer significant contributions to the methodological side of the big data topic. Macias-Garcia et al. summarize DNA methylation data to generate new features from the values of CpG sites of patients, to predict breast cancer recurrence. Pozzoli et al. experiment unsupervised learning in the detection and analysis of distinctive proteins for the identification of cancer subtypes. Natural language processing (NLP) refers to the capacity of analyzing free text, i.e., the text in human normal speaking or writing, and of understanding it and, possibly, of extracting knowledge from it. The main sources for NLP are medical reports, where non-coded information is depicted. On the methodological side, one contribution on NLP comes from the paper by Hanyin Wang et al. [[18]Wang H. Li Y. Khan S.A. Luo Y. Prediction of breast cancer distant recurrence using natural language processing and knowledge-guided convolutional neural network.Artif Intell Med. 2020; 110https://doi.org/10.1016/j.artmed.2020.101977Crossref PubMed Scopus (14) Google Scholar], where the authors propose an automated method to predict breast cancer distant recurrence, using natural language processing and deep learning approaches applied to pathology reports and progress notes of some 6000 patients. Some less established but however emerging and promising areas of AI applications to breast cancer care are also introduced into this issue. Butow and Hoque [[19]Butow P. Hoque E. Using artificial intelligence to analyse and teach communication in healthcare.Breast. 2020; 50: 49-55https://doi.org/10.1016/j.breast.2020.01.008Abstract Full Text Full Text PDF PubMed Scopus (14) Google Scholar] discuss AI use to assess and define effective communication between health professionals and patients. Both communication and teaching of how to communicate are processes that stand essentially on qualitative forms of analysis/evaluation, and the use of machine learning could make these processes more efficient. Moser and Nayaran [[20]Moser E.C. Narayan G. Improving breast cancer care coordination and symptom management by using AI driven predictive toolkits.Breast. 2020; 50: 25-29https://doi.org/10.1016/j.breast.2019.12.006Abstract Full Text Full Text PDF PubMed Scopus (10) Google Scholar] report on the use of machine learning to detect patterns that help to track the ideal workflow for breast cancer patients from diagnosis to long-term follow-up. The authors propose that electronic records analysis could bring AI modeling into clinical practice to drive well-coordinated, patient-centered cancer care in the complex web of modern healthcare today, yet stressing the need for human presence along these pathways. Kakileti et al. [[21]Kakileti S.T. Madhu H.J. Manjunath G. Wee L. Dekker A. Sampangi S. Personalized risk prediction for breast cancer pre-screening using artificial intelligence and thermal radiomics.Artif Intell Med. 2020; 105https://doi.org/10.1016/j.artmed.2020.101854Crossref PubMed Scopus (15) Google Scholar] propose and analyze a new personalized risk framework to identify a high-risk target population for regular screening and early breast cancer detection at The machine learning algorithms to analyze thermal and automatically a breast health risk to four different risk et al. L. A. S. N. N. … L. care processes in breast cancer Intell Med. 2020; PubMed Scopus Google Scholar] analyze data from some electronic health records and a care algorithm to define the most patterns of care. The results allow electronic which pathology classes across the and provide the with relevant help in care A for AI in breast cancer care, and relevant for any of AI in to and issues addressed in the paper by and colleagues W. H. B. Houssami N. The and of using artificial intelligence systems in breast cancer 2020; 49: Full Text Full Text PDF PubMed Scopus Google Scholar], in this special issue. This the and their possible solutions and the importance of thinking on what is to come and addressing AI before This will have to all to the design an effective risk plan that will support the of AI in breast cancer care and in and pathways. AI is to generally in but also in breast cancer care. research is needed to not only the accuracy and of the new processes to what as of care, but also to ensure these AI tools are beyond the where The future could and the way we to it will define how and how clinical skills work with AI skills to the for AI in clinical care for the of breast cancer patients. Such a consider an for using AI and including breast cancer in where AI is as part of healthcare. This us to a future where AI will be used to not only healthcare professionals but also patients, to or clinical and to to an clinical in breast cancer care. The of a special issue on the of Artificial Intelligence (AI) in the management of breast cancer by the at the of The special issue have to be contributions on the same coming from different Indeed, each with target research and research have addressed only some of the the have the with a more and of the topic. The special issue have to be papers be both on the different but also be collected all in the of the special issue. As for the special the proposed Intelligence in Breast and the to to the special issue Artificial Intelligence in on the and methodological side, and The Breast on the clinical and medical The in of the the four to in the of the special issue. The four where that have to be by also that should the process to the The four with the help of the and of the in and with the identification of current and major research in the to which have been Some of the issues by both while some are by only one the current and major research considered such as imaging and image machine decision support big data natural language processing have been as personalized and the major research performed a deep analysis of the state of the in to identify the authors to for the special issue. This analysis to on the side and on The Breast on the side and on The Breast side, to papers in the and in The Breast one of the as by the of the and the system of the in to the and the process in the special issue is as The construction of the current special issue effort from many The four are the who in the of a special issue and in the care such an Cardoso and the in of the Breast and Artificial Intelligence in who the the who the and their in of the and from and and the help set the on which this",2026-03-23
yes,USPN,W4283716294,https://doi.org/10.3233/shti220709,Ethical Issues in the Utilization of Black Boxes for Artificial Intelligence in Medicine,Divà Beltramin; Eugénia Lamas; Cédric Bousquet,Santé Publique France; Université Sorbonne Paris Nord; Inserm; Sorbonne Université; Centre Hospitalier Universitaire de Saint-Étienne; Laboratoire d'Informatique Médicale et d'Ingénierie des Connaissances en e-Santé,2022,10,True,https://ebooks.iospress.nl/pdf/doi/10.3233/SHTI220709,Studies in health technology and informatics,en,"Artificial Intelligence (AI) has made major progress in recent years in many fields. With regard of medicine however, the utilization of AI raises numerous ethical questions, especially since newer and much more accurate algorithms function as black boxes. A trade-off must then be made between having algorithms being very accurate and effective, and algorithms that are explainable but less proficient. In this paper we address the ethical implications of utilizing black box algorithms in medicine.",2026-03-23
yes,USPN,W4401823964,https://doi.org/10.3233/shti240533,Causal Deep Learning for the Detection of Adverse Drug Reactions: Drug-Induced Acute Kidney Injury as a Case Study,Stella Dimitsaki; Pantelis Natsiavas; Marie‐Christine Jaulent,Université Sorbonne Paris Nord; Inserm; Sorbonne Université; Laboratoire d'Informatique Médicale et d'Ingénierie des Connaissances en e-Santé; Centre for Research and Technology Hellas,2024,6,True,https://ebooks.iospress.nl/pdf/doi/10.3233/SHTI240533,Studies in health technology and informatics,en,"Causal Deep/Machine Learning (CDL/CML) is an emerging Artificial Intelligence (AI) paradigm. The combination of causal inference and AI could mine explainable causal relationships between data features, providing useful insights for various applications, e.g. Pharmacovigilance (PV) signal detection upon Real-World Data. The objective of this study is to demonstrate the use of CDL for potential PV signal validation using Electronic Health Records as input data source.",2026-03-23
yes,USPN,W2968813116,https://doi.org/10.1055/s-0039-1677921,Clinical Research Informatics: Contributions from 2018,Christel Daniel; Dipak Kalra; Section Editors for the IMIA Yearbook Section on Clinical Research Informatics,Université Sorbonne Paris Nord; Université Paris Cité; Inserm; Sorbonne Université; Assistance Publique – Hôpitaux de Paris; Sorbonne Paris Cité; Laboratoire d'Informatique Médicale et d'Ingénierie des Connaissances en e-Santé; Ghent University,2019,4,True,http://www.thieme-connect.de/products/ejournals/pdf/10.1055/s-0039-1677921.pdf,Yearbook of Medical Informatics,en,"Research efforts in the CRI field currently focus on consolidating promises of early Distributed Research Networks aimed at maximizing the potential of large-scale, harmonized data from diverse, quickly developing digital sources. Data quality assessment methods and tools as well as privacy-enhancing techniques are major concerns. It is also notable that, following examples in the US and Asia, ambitious regional or national plans in Europe are launched that aim at developing big data and new artificial intelligence technologies to contribute to the understanding of health and diseases in whole populations and whole health systems, and returning actionable feedback loops to improve existing models of research and care. The use of ""real-world"" data is continuously increasing but the ultimate role of this data in clinical research remains to be determined.",2026-03-23
yes,USPN,W4387456745,https://doi.org/10.21203/rs.3.rs-3405428/v1,Unsupervised physics-informed neural network in reaction-diffusion biology models (Ulcerative colitis and Crohn’s disease cases) A preliminary study,Ahmed Rebaï; Louay Boukhris; Radhi Toujani; Ahmed Gueddiche; Fayad Ali Banna; Fares Souissi; Ahmed Lasram; Elyes Ben Rayana; Hatem Zaag,"Sorbonne Université; Laboratoire Analyse, Géométrie et Applications; Université Sorbonne Paris Nord; Centre National de la Recherche Scientifique",2023,4,True,https://www.researchsquare.com/article/rs-3405428/latest.pdf,Research Square (Research Square),en,"<title>Abstract</title> We propose to explore the potential of physics-informed neural networks (PINNs) in solving a class of partial differential equations (PDEs) used to model the propagation of chronic inflammatory bowel diseases, such as Crohn’s disease and ulcerative colitis. An unsupervised approach was privileged during the deep neural network training. Given the complexity of the underlying biological system, characterized by intricate feedback loops and limited availability of high-quality data, the aim of this study is to explore the potential of PINNs in solving PDEs. In addition to providing this exploratory assessment, we also aim to emphasize the principles of reproducibility and transparency in our approach, with a specific focus on ensuring the robustness and generalizability through the use of artificial intelligence. We will quantify the relevance of the PINN method with several linear and non-linear PDEs in relation to biology. However, it is important to note that the final solution is dependent on the initial conditions, chosen boundary conditions, and neural network architectures.",2026-03-23
yes,USPN,W4409459278,https://doi.org/10.1007/s43681-025-00710-y,Implementing ethical principles in AI: an initial discussion,Mykhailo Danilevskyi; Fernando Pérez-Téllez; Davide Buscaldi,Sorbonne Université; Université Sorbonne Paris Nord; Technological University Dublin,2025,3,True,https://link.springer.com/content/pdf/10.1007/s43681-025-00710-y.pdf,AI and Ethics,en,"Abstract In recent years, there has been a lot of discussion around ethics in IT and AI. Many researchers and organisations have proposed guidelines to address privacy, fairness, and explainability challenges for creating trustworthy AI. In this paper, we discuss ethical principles in the context of AI and their significance in developing trustworthy AI solutions. We consider the problem of the categorisation of ethical principles in IT. We concentrate our discussion on privacy, fairness, and explainability. These principles, we believe, meaningfully contribute to the trust of AI systems. We overview the available privacy regulations in the EU and US. We also look at how to achieve compliance with them, including private data detection, data anonymisation techniques and toolkits. From a practical perspective, we analyse fairness and bias problems. We discuss the issue of fairness assessment and metrics. To improve the fairness of AI solutions, an enormous number of techniques have been developed. We also focus on fairness improvement techniques and a few popular toolkits in which these techniques are implemented. Explainability is another ethical principle discussed. It is one of many socially important properties, as it ensures understanding of AI system decision-making and transparency in inspection. Ensuring explainability is important for high-risk applications in healthcare, finance and criminal justice. Finally, we outline approaches that help in the level of explainability. With this review and analysis, we contribute to the knowledge of available techniques and toolkits that can be used by AI practitioners as an initial step in implementing ethical principles into AI solutions.",2026-03-23
yes,USPN,W4412980675,https://doi.org/10.1016/j.idnow.2025.105131,Artificial intelligence and infectious diseases: Scope and perspectives,Salam Abbara; Yoann Crabol; Jeanne Goupil de Bouillé; Aurélien Dinh; David Morquin,Université Sorbonne Paris Nord; Centre Hospitalier Universitaire de Montpellier; Assistance Publique – Hôpitaux de Paris; Centre hospitalier Bretagne Atlantique; Université de Versailles Saint-Quentin-en-Yvelines,2025,2,True,https://doi.org/10.1016/j.idnow.2025.105131,Infectious Diseases Now,en,"Artificial intelligence (AI) is set to permeate every facet of infectious disease practice-from prevention and public health surveillance to epidemic management and bedside care. Routine care data (laboratory results, medication orders, progress notes) and research-generated datasets now fuel state-of-the-art machine-learning (ML) pipelines that sharpen diagnosis, prognosis, antimicrobial stewardship, and, by combining both sources, accelerate drug discovery. In diagnostics, deep networks that now flag pneumonia or tuberculosis on chest images are increasingly able to identify-and localize-virtually more infectious processes throughout the body, while simultaneously predicting pathogen identity and antimicrobial resistance from routine microbiology. Prognostic models trained on Electronic Health Records surpass traditional scores in anticipating clinical deterioration or postoperative sepsis, enabling earlier targeted interventions. Predictive analytics can also personalize antimicrobial dosing by fusing real-time drug-monitoring data. Large language models (LLMs) build upon these advances by transforming unstructured clinical narratives into structured phenotypes suitable for predictive modeling, automatically summarizing patient encounters, generating synthetic cohorts for rare conditions, and providing real-time conversational decision support at the patient's bedside. Despite rapid progress, real-world deployment faces hurdles: high computational and licensing costs, vendor-specific implementation constraints, limited cross-site model transferability, and fragmented governance of safety, bias, and cybersecurity risks. Rigorous, lifecycle-based evaluation frameworks-covering external validation, cost-effectiveness analysis, and post-deployment monitoring-are required to ensure safe, equitable, and sustainable AI adoption. This review synthesizes current applications, evidential strengths, and unresolved challenges, and proposes a translational roadmap aligning technical innovation with clinical and regulatory realities.",2026-03-23
yes,USPN,W4401822498,https://doi.org/10.3233/shti240544,Exploring Explainable AI Techniques for Text Classification in Healthcare: A Scoping Review,Ibrahim Alaa eddine Madi; Akram Redjdal; Jacques Bouaud; Brigitte Séroussi,Université Sorbonne Paris Nord; Inserm; Sorbonne Université; Assistance Publique – Hôpitaux de Paris; Laboratoire d'Informatique Médicale et d'Ingénierie des Connaissances en e-Santé; Agence Parisienne du Climat; Hôpital Tenon,2024,2,True,https://ebooks.iospress.nl/pdf/doi/10.3233/SHTI240544,Studies in health technology and informatics,en,"Text classification plays an essential role in the medical domain by organizing and categorizing vast amounts of textual data through machine learning (ML) and deep learning (DL). The adoption of Artificial Intelligence (AI) technologies in healthcare has raised concerns about the interpretability of AI models, often perceived as ""black boxes."" Explainable AI (XAI) techniques aim to mitigate this issue by elucidating AI model decision-making process. In this paper, we present a scoping review exploring the application of different XAI techniques in medical text classification, identifying two main types: model-specific and model-agnostic methods. Despite some positive feedback from developers, formal evaluations with medical end users of these techniques remain limited. The review highlights the necessity for further research in XAI to enhance trust and transparency in AI-driven decision-making processes in healthcare.",2026-03-23
yes,USPN,W4413293768,https://doi.org/10.1016/j.ejca.2025.115714,Limited impact of real-world evidence in medical oncology: How can AI turn the tide,Anna Pellat; Jakob Nikolas Kather,"University Hospital Heidelberg; Université Sorbonne Paris Nord; Institut National de Recherche pour l'Agriculture, l'Alimentation et l'Environnement; Université Paris Cité; Inserm; University Hospital Carl Gustav Carus; Sorbonne Université; Sorbonne Paris Cité; Assistance Publique – Hôpitaux de Paris; Centre de Recherche Épidémiologie et Statistique; Heidelberg University; Hôpital Cochin; Délégation Paris 5",2025,2,True,https://doi.org/10.1016/j.ejca.2025.115714,European Journal of Cancer,en,"Real-world evidence (RWE), derived from real-world health data (RWD) generated during routine clinical practice, is increasingly recognized as a valuable complement to traditional clinical trial data in medical oncology. While randomized controlled trials remain the gold standard for evidence-based medicine, they often face limitations due to rising costs, ethical constraints, and the inability to cover all treatment combinations and diverse patient populations. The current impact of RWE is limited by several challenges, including data inconsistency, quality issues, and burdensome data collection processes. Despite its role in specific areas like accelerating drug development in rare cancers, RWE has yet to achieve its full potential due to these limitations. Artificial intelligence (AI), particularly through natural language processing and large language models (LLMs), presents a transformative opportunity for RWE. AI technologies can streamline data collection, extraction, cleaning, and analysis, making the process more efficient and accurate. LLMs, for instance, can extract structured data from unstructured text and facilitate the integration of diverse data sources. This automation can significantly reduce the workload on clinicians and improve the consistency and reliability of RWD. These tools can address existing challenges and unlock the full potential of RWD, ultimately leading to improved patient outcomes and more robust oncology research.",2026-03-23
yes,USPN,W3092395537,https://doi.org/10.1093/eurpub/ckaa165.267,Use of artificial intelligence to estimate population health indicators in France,Romana Haneef; Sonsoles Fuentes; Rok Hrzic; Sandrine Fosse‐Edorh; Sofiane Kab; A. Gallay; Emmanuel Cosson,Santé Publique France; Université Sorbonne Paris Nord; Université Paris Cité; Inserm; Maastricht University; Assistance Publique – Hôpitaux de Paris; Sorbonne Paris Cité; Centre de recherche en Epidémiologie et Santé des Populations,2020,2,True,https://academic.oup.com/eurpub/article-pdf/30/Supplement_5/ckaa165.267/33819117/ckaa165.267.pdf,European Journal of Public Health,en,"Abstract Background The use of artificial intelligence is increasing to estimate and predict health outcomes from large data sets. The main objectives were to develop two algorithms using machine learning techniques to identify new cases of diabetes (case study I) and to classify type 1 and type 2 (case study II) in France. Methods We selected the training data set from a cohort study linked with French national Health database (i.e., SNDS). Two final datasets were used to achieve each objective. A supervised machine learning method including eight following steps was developed: the selection of the data set, case definition, coding and standardization of variables, split data into training and test data sets, variable selection, training, validation and selection of the model. We planned to apply the trained models on the SNDS to estimate the incidence of diabetes and the prevalence of type 1/2 diabetes. Results For the case study I, 23/3468 and for case study II, 14/3481 SNDS variables were selected based on an optimal balance between variance explained and using the ReliefExp algorithm. We trained four models using different classification algorithms on the training data set. The Linear Discriminant Analysis model performed best in both case studies. The models were assessed on the test datasets and achieved a specificity of 67% and a sensitivity of 62% in case study I, and a specificity of 97 % and sensitivity of 100% in case study II. The case study II model was applied to the SNDS and estimated the prevalence of type 1 diabetes in 2016 in France of 0.3% and for type 2, 4.4%. The case study model I was not applied to the SNDS. Conclusions The case study II model to estimate the prevalence of type 1/2 diabetes has good performance and will be used in routine surveillance. The case study I model to identify new cases of diabetes showed a poor performance due to missing necessary information on determinants of diabetes and will need to be improved for further research.",2026-03-23
yes,USPN,W4213288261,https://doi.org/10.1101/2022.02.14.22268832,Users’ Reactions on Announced Vaccines against COVID-19 Before Marketing in France: Analysis of Twitter posts,Alexandre Dupuy-Zini; Bissan Audeh; Amandine Gagneux‐Brunon; Cédric Bousquet,Université Claude Bernard Lyon 1; Santé Publique France; Université Sorbonne Paris Nord; Inserm; Sorbonne Université; Université Jean Monnet; Laboratoire d'Informatique Médicale et d'Ingénierie des Connaissances en e-Santé; Centre International de Recherche en Infectiologie; Centre National de la Recherche Scientifique,2022,2,True,https://www.medrxiv.org/content/medrxiv/early/2022/02/15/2022.02.14.22268832.full.pdf,,en,"Abstract Background Within a few months, the COVID-19 pandemic has spread to many countries and has been a real challenge for health systems all around the world. This unprecedented crisis has led to a surge of online discussions about potential cures for the disease. Among them, vaccines have been at the heart of the debates, and have faced lack of confidence before marketing in France. Objective This study aims to identify and investigate the opinion of French Twitter users on the announced vaccines against COVID-19 through sentiment analysis. Methods This study was conducted in two phases. First, we filtered a collection of tweets related to COVID-19 from February to August 2020 with a set of keywords associated with vaccine mistrust using word embeddings. Second, we performed sentiment analysis using deep learning to identify the characteristics of vaccine mistrust. The model was trained on a hand labeled subset of 4,548 tweets. Results A set of 69 relevant keywords were identified as the semantic concept of the word “vaccin” (vaccine in French) and focus mainly on conspiracies, pharmaceutical companies, and alternative treatments. Those keywords enabled to extract nearly 350k tweets in French. The sentiment analysis model achieved a 0.75 accuracy. The model then predicted 16% of positive tweets, 41% of negative tweets and 43% of neutral tweets. This allowed to explore the semantic concepts of positive and negative tweets and to plot the trends of each sentiment. The main negative rhetoric identified from users’ tweets was that vaccines are perceived as having a political purpose, and that COVID-19 is a commercial argument for the pharmaceutical companies. Conclusions Twitter might be a useful tool to investigate the arguments of vaccine mistrust as it unveils a political criticism contrasting with the usual concerns on adverse drug reactions. As the opposition rhetoric is more consistent and more widely spread than the positive rhetoric, we believe that this research provides effective tools to help health authorities better characterize the risk of vaccine mistrust.",2026-03-23
yes,USPN,W4281486759,https://doi.org/10.3233/shti220407,"Machine Learning in Medicine: To Explain, or Not to Explain, That Is the Question",Cédric Bousquet; Divà Beltramin,Santé Publique France; Université Sorbonne Paris Nord; Inserm; Sorbonne Université; Laboratoire d'Informatique Médicale et d'Ingénierie des Connaissances en e-Santé,2022,1,True,https://ebooks.iospress.nl/pdf/doi/10.3233/SHTI220407,Studies in health technology and informatics,en,"In 2022, the Medical Informatics Europe conference created a special topic called ""Challenges of trustable AI and added-value on health"" which was centered around the theme of eXplainable Artificial Intelligence. Unfortunately, two opposite views remain for biomedical applications of machine learning: accepting to use reliable but opaque models, vs. enforce models to be explainable. In this contribution we discuss these two opposite approaches and illustrate with examples the differences between them.",2026-03-23
yes,USPN,W4401822534,https://doi.org/10.3233/shti240587,Evaluation of Machine Learning Algorithms for Pressure Injury Risk Assessment in a Hospital with Limited IT Resources,Cynthia Abi Khalil; Antoine Saab; Jihane Rahme; Jana Abla; Brigitte Séroussi,Université Sorbonne Paris Nord; Inserm; Lebanese Hospital Geitaoui-University Medical Center; Sorbonne Université; Assistance Publique – Hôpitaux de Paris; Laboratoire d'Informatique Médicale et d'Ingénierie des Connaissances en e-Santé; Hôpital Tenon,2024,1,True,https://ebooks.iospress.nl/pdf/doi/10.3233/SHTI240587,Studies in health technology and informatics,en,"Clinical decision support systems for Nursing Process (NP-CDSSs) help resolve a critical challenge in nursing decision-making through automating the Nursing Process. NP-CDSSs are more effective when they are linked to Electronic Medical Record (EMR) Data allowing for the computation of Risk Assessment Scores. Braden scale (BS) is a well-known scale used to identify the risk of Hospital-Acquired Pressure Injuries (HAPIs). While BS is widely used, its specificity for identifying high-risk patients is limited. This study develops and evaluates a Machine Learning (ML) model to predict the HAPI risk, leveraging EMR readily available data. Various ML algorithms demonstrated superior performance compared to BS (pooled model AUC/F1-score of 0.85/0.8 vs. AUC of 0.63 for BS). Integrating ML into NP-CDSSs holds promise for enhancing nursing assessments and automating risk analyses even in hospitals with limited IT resources, aiming for better patient safety.",2026-03-23
yes,USPN,W4386594795,https://doi.org/10.1101/2023.09.11.23295069,Collaborative and privacy-preserving workflows on a clinical data warehouse: an example developing natural language processing pipelines to detect medical conditions,Thomas Petit-Jean; Christel Gérardin; Emmanuelle Berthelot; Gilles Châtellier; Marie Frank; Xavier Tannier; Emmanuelle Kempf; Romain Bey,Université Sorbonne Paris Nord; Institut Pierre Louis d‘Épidémiologie et de Santé Publique; Inserm; Université Paris Cité; Sorbonne Université; Université Paris-Sud; Assistance Publique – Hôpitaux de Paris; Laboratoire d'Informatique Médicale et d'Ingénierie des Connaissances en e-Santé; Bicêtre Hospital; Hôpital Albert-Chenevier,2023,1,True,https://www.medrxiv.org/content/medrxiv/early/2023/09/11/2023.09.11.23295069.full.pdf,,en,"A bstract Objective To develop and validate advanced natural language processing pipelines that detect 18 conditions in clinical notes written in French, among which 16 comorbidities of the Charlson index, while exploring a collaborative and privacy-preserving workflow. Materials and methods The detection pipelines relied both on rule-based and machine learning algorithms for named entity recognition and entity qualification, respectively. We used a large language model pre-trained on millions of clinical notes along with clinical notes annotated in the context of three cohort studies related to oncology, cardiology and rheumatology, respectively. The overall workflow was conceived to foster collaboration between studies while complying to the privacy constraints of the data warehouse. We estimated the added values of both the advanced technologies and the collaborative setting. Results The 18 pipelines reached macro-averaged F1-score positive predictive value, sensitivity and specificity of 95.7 (95%CI 94.5 - 96.3), 95.4 (95%CI 94.0 - 96.3), 96.0 (95%CI 94.0 - 96.7) and 99.2 (95%CI 99.0 - 99.4), respectively. F1-scores were superior to those observed using either alternative technologies or non-collaborative settings. The models were shared through a secured registry. Conclusions We demonstrated that a community of investigators working on a common clinical data warehouse could efficiently and securely collaborate to develop, validate and use sensitive artificial intelligence models. In particular, we provided efficient and robust natural language processing pipelines that detect conditions mentioned in clinical notes.",2026-03-23
yes,USPN,W4210687963,https://doi.org/10.2196/preprints.30359,Opportunities and Challenges for Professionals in Psychiatry and Mental Health Care Using Digital Technologies During the COVID-19 Pandemic: Systematic Review (Preprint),Hélène Kane; Jade Gourret Baumgart; Wissam El‐Hage; Jocelyn Deloyer; Christine Maes; Marie-Clotilde Lebas; Donatella Marazziti; Johannes Thome; Laurence Fond‐Harmant; Frédéric Denis,Université Sorbonne Paris Nord; University of Pisa; Sorbonne Université; Centre Hospitalier Universitaire de Tours; Clinical Investigation Center Plurithematic Tours; Sorbonne Paris Cité; University of Rostock; Haute École de la Province de Namur; Saint Camillus International University of Health and Medical Sciences; Université de Tours,2021,0,True,https://doi.org/10.2196/preprints.30359,,en,"<sec> <title>BACKGROUND</title> The COVID-19 pandemic has required psychiatric and mental health professionals to change their practices to reduce the risk of transmission of SARS-CoV-2, in particular by favoring remote monitoring and assessment via digital technologies. </sec> <sec> <title>OBJECTIVE</title> As part of a research project that was cofunded by the French National Research Agency (ARN) and the Centre-Val de Loire Region, the aim of this systematic literature review was to investigate how such uses of digital technologies have been developing. </sec> <sec> <title>METHODS</title> This systematic review was conducted following the PRISMA (Preferred Reporting Items for Systematic Reviews and Meta-Analyses) guidelines. The search was carried out in the MEDLINE (ie, PubMed) and Cairn databases, as well as in a platform specializing in mental health, Ascodocpsy. The search yielded 558 results for the year 2020. After applying inclusion and exclusion criteria, first on titles and abstracts and then on full texts, 61 articles were included. </sec> <sec> <title>RESULTS</title> The analysis of the literature revealed a heterogeneous integration of digital technologies, not only depending on countries, contexts, and local regulations, but also depending on the modalities of care. Notwithstanding these variations, the use of videoconferencing has developed significantly, affecting working conditions and therapeutic relationships. For many psychiatric and mental health professionals, the pandemic has been an opportunity to build up their experience of remote care and, thus, better identify the possibilities and limits of these digital technologies. </sec> <sec> <title>CONCLUSIONS</title> New uses of such technologies essentially consist of a transition from the classic consultation model toward teleconsultation and make less use of the specific potential of artificial intelligence. As professionals were not prepared for these uses, they were confronted with practical difficulties and ethical questions, such as the place of digital technology in care, confidentiality and protection of personal data, and equity in access to care. The COVID-19 health crisis questions how the organization of health care integrates the possibilities offered by digital technology, in particular to promote the autonomy and empowerment of mental health service users. </sec>",2026-03-23
yes,USPN,W4409364251,https://doi.org/10.1609/aaai.v39i16.33806,Linking Industry Sectors and Financial Statements: A Hybrid Approach for Company Classification,Guy Stephane Waffo Dzuyo; Gaël Guibon; Christophe Cerisara; Luis Belmar-Letelier,Université de Lorraine; Université Sorbonne Paris Nord; Sorbonne Université; Laboratoire Lorrain de Recherche en Informatique et ses Applications; Laboratoire d'Informatique de Paris-Nord; Laboratoire de physique des lasers; Centre National de la Recherche Scientifique,2025,0,True,https://ojs.aaai.org/index.php/AAAI/article/download/33806/35961,Proceedings of the AAAI Conference on Artificial Intelligence,en,"The identification of the financial characteristics of industry sectors has a large importance in accounting audit, allowing auditors to prioritize the most important area during audit. Existing company classification standards such as the Standard Industry Classification (SIC) code allow to map a company to a category based on its activity and products. In this paper, we explore the potential of machine learning algorithms and language models to analyze the relationship between those categories and companies' financial statements. We propose a supervised company classification methodology and analyze several types of representations for financial statements. Existing works address this task using solely numerical information in financial records. Our findings show that beyond numbers, textual information occurring in financial records can be leveraged by language models to match the performance of dedicated decision tree-based classifiers, while providing better explainability and more generic accounting representations. We think this work can serve as a preliminary work towards semi-automatic auditing.",2026-03-23
yes,USPN,W4414494722,https://doi.org/10.1101/2025.09.24.25336459,Factors influencing the trustworthiness of non-randomized studies of interventions: a survey of international experts,Sally Yaacoub; John P. A. Ioannidis; Asbjørn Hróbjartsson; Raphaël Porcher; Philippe Ravaud; Isabelle Boutron,Stanford University; Université Sorbonne Paris Nord; Odense University Hospital; Inserm; Sorbonne Paris Cité; Assistance Publique – Hôpitaux de Paris; Centre de Recherche Épidémiologie et Statistique; Hôtel-Dieu de Paris; Hotel Dieu Hospital; Hôtel-Dieu de Lyon; Délégation Paris 5; University of Southern Denmark,2025,0,True,https://www.medrxiv.org/content/medrxiv/early/2025/09/25/2025.09.24.25336459.full.pdf,,en,"ABSTRACT Background Perceived trustworthiness of research may be influenced by factors beyond the risk of bias, including study-related characteristics, research context, and external circumstances. Identifying these factors is essential for gauging the credibility of non-randomized studies of interventions (NRSIs) as they are interpreted and used in systematic reviews, and for improving their design to ensure that they provide reliable evidence for decision-making. Our objective was to identify factors, not covered in risk of bias assessment tools, that could influence the trustworthiness of NRSIs. Methods We conducted a cross-sectional survey of international experts. We defined trustworthiness as the proper, justified or rational trust in the study findings. Using convenience sampling, we recruited participants who were top-cited scientists in the field of epidemiology, members of the Cochrane Bias Group and Cochrane Non-Randomized Studies Methods Group, authors of initiatives related to observational studies and corresponding authors of NRSIs. Through an online survey, we asked them to identify factors that they believe could influence the trustworthiness of NRSIs. We analyzed qualitative data using an inductive thematic approach. We first coded the responses, which were redefined into factors and grouped under themes. We summarized findings in frequencies and percentages. Results 130 participants out of 1488 contacted completed the survey. Of the 130 participants, 40 (31%) were methodologists and 61 (47%) had 21-40 years of experience in research. The level of expertise in NRSIs ranged from intermediate (35%) to advanced (30%) and expert (30%).We identified a total of 56 factors, with a median of 6 factors per participant (IQR 3; 9, range 0-20). We grouped the factors under 20 domains, when relevant, and eventually under eight overarching themes: Open Science (e.g., transparency, registration), Research Question (e.g., appropriate rationale and hypothesis), Study Methodology (e.g., study design, participants, statistical considerations), Data Source (e.g., quality), Findings and Interpretation (e.g., plausibility of effect estimate), Writing (e.g., appropriate writing), Oversight (e.g., investigators, journal), and Artificial Intelligence (e.g., no suspicion of use in writing or synthesis). Conclusions Our findings provide insight to gauge and improve the quality and uptake of NRSIs, with important implications for strengthening evidence-based decision-making in both research and practice.",2026-03-23
yes,USPN,W4416930780,https://doi.org/10.47738/jdmdc.v2i4.47,Uncovering Key Service Improvement Areas in Digital Finance: A Topic Modeling Approach Using LDA on User Reviews,Jalel Ben‐Othman,Université Sorbonne Paris Nord,2025,0,True,https://jdmdc.com/index.php/JDMDC/article/download/47/36,Journal of Digital Market and Digital Currency.,,"The rapid expansion of digital finance has transformed the way financial services are accessed and utilized, particularly in emerging markets such as Indonesia. This study aims to uncover key service improvement areas within the Easycash mobile lending platform by analyzing user reviews through topic modeling using Latent Dirichlet Allocation (LDA). The research employed a data-driven approach, combining text preprocessing in Bahasa Indonesia using the Sastrawi library, TF-IDF vectorization, and sentiment classification with machine learning models including Naive Bayes, K-Nearest Neighbors (KNN), and XGBoost. The XGBoost model achieved the highest performance with an F1-score of 0.9709, effectively distinguishing between positive, neutral, and negative sentiments. LDA analysis identified five major topics: Loan Limits and Repayment, Customer Gratitude and Satisfaction, Loan Application Process and Interest Rates, App Quality and Customer Service, and Data Management and Account Issues. Results indicate that while Easycash users generally express positive sentiment toward ease of use and service speed, concerns persist regarding high interest rates, customer service responsiveness, and data privacy. These findings provide actionable insights for fintech companies to enhance user satisfaction through targeted service improvements and continuous feedback analysis.",2026-03-23
yes,USPN,W7131130946,https://doi.org/10.1016/j.jts.2026.01.002,Regards croisés sur l’état des lieux de l’utilisation des technologies dans le rugby féminin et masculin élite en France,Maxime Bourgain; Aude Louessard; Sébastien Davidovici; Marie Le Moing; Janick Tarrit; Georges Beaudoin; Max Petetin; S. Laporte; Philippe Rouch; Sylvain Blanchard,Institut Langevin; Université Sorbonne Paris Nord; Digital Science (United States); Institut de Biomécanique Humaine Georges Charpak; AR2i; Association Française de Chirurgie,2026,0,True,https://doi.org/10.1016/j.jts.2026.01.002,Journal de Traumatologie du Sport,fr,"Le rugby élite français connaît une professionnalisation croissante, mais des disparités persistent entre les équipes masculines et féminines. Les hommes bénéficient d’un encadrement pluridisciplinaire, de moyens financiers et technologiques avancés, tandis que les femmes disposent de ressources plus limitées, entraînant un suivi moins systématique. L’essor des technologies (GPS, capteurs, plateformes de force, IA) transforme la préparation et la prévention des blessures. Les données issues de ces outils permettent une analyse fine des charges, des risques et des performances, mais leur exploitation requiert des compétences d’ingénierie encore rares dans les clubs. L’intelligence artificielle est perçue comme un levier pour automatiser des tâches répétitives et optimiser la prise de décision, sans remplacer l’expertise humaine. Son déploiement impose une gouvernance rigoureuse, une qualité des données et une co-conception avec les parties prenantes. La santé neurologique, notamment la gestion des commotions cérébrales, constitue un enjeu majeur. Le rugby est en avance sur d’autres disciplines grâce à des protocoles standardisés (HIA), enrichis par des technologies comme les protège-dents instrumentés. Malgré ces progrès, des défis persistent : détection tardive, sécurisation du retour au jeu et prévention des complications à long terme. L’intégration des ingénieurs dans les clubs apparaît essentielle pour développer des outils adaptés, valides scientifiquement et utilisables en conditions réelles. La formation des acteurs et la synergie entre experts médicaux, scientifiques et techniques sont des conditions clés pour accompagner la mutation technologique du rugby élite et garantir la performance et la santé des joueurs et joueuses. Elite French rugby is experiencing increasing professionalization, yet disparities remain between men's and women's teams. Male players benefit from multidisciplinary support, advanced financial and technological resources, whereas female players have access to more limited means, resulting in less systematic monitoring. The rise of technologies (GPS, sensors, force platforms, AI) is transforming training and injury prevention. Data generated by these tools enable detailed analysis of workloads, risks, and performance, but their effective use requires engineering expertise that is still limited within clubs. Artificial intelligence is seen as a lever to automate repetitive tasks and optimize decision-making, without replacing human expertise. Its deployment demands rigorous governance, high-quality data, and co-design with stakeholders. Neurological health, particularly concussion management, remains a major concern. Rugby is ahead of other sports thanks to standardized protocols (HIA), and currently enhanced by technologies such as instrumented mouthguards. Despite these advances, challenges persist: delayed detection, safe return-to-play, and prevention of long-term complications. Integrating engineers into clubs appears essential to develop tools that are scientifically validated and practical in real-world conditions. Training stakeholders and fostering synergy among medical, scientific, and technical experts are key conditions to support the technological transformation of elite rugby and ensure both performance and player health.",2026-03-23
yes,USPN,W7134911876,https://doi.org/10.1109/icdmw69685.2025.00275,Explainable Profiling of Sleep Disorders to Support Trustworthy Clinical Interventions,Sifeddine Sellami; Juba Agoun; Lamia Yessad; Auday Berro; Louenas Bounia,Université Claude Bernard Lyon 1; Université Sorbonne Paris Nord; Université Lumière Lyon 2; Sorbonne Paris Cité; Laboratoire d'Informatique en Images et Systèmes d'Information; École Nationale Supérieure d'Informatique; Laboratoire d'Informatique de Paris-Nord; Centre National de la Recherche Scientifique,2025,0,False,,,,"Sleep disorders present significant diagnostic challenges due to symptom heterogeneity, profoundly impacting public health. To address this, we leverage real-world data from the KANOPEE mobile application-a validated digital tool for managing sleep complaints-to develop a trustworthy model for disorder detection and patient profiling using explainable artificial intelligence (XAI). Guided by clinical expertise, our analysis focuses on key variables including demographic characteristics, clinical assessment scores (e.g., Insomnia Severity Index, anxiety, and depression scores), and physiological metrics. Our dataset comprises approximately <tex xmlns:mml=""http://www.w3.org/1998/Math/MathML"" xmlns:xlink=""http://www.w3.org/1999/xlink"">$1 k$</tex> complete patient records. Our dual methodological approach involves: (1) regression models to predict treatment success metrics, enabling the identification of modifiable behavioral factors influencing mental health and sleep outcomes; and (2) k-means clustering to segment patients into three or more distinct profiles, differentiating subtypes of sleepers (e.g., young professionals with mild insomnia and anxiety, older individuals with regular sleep and low depression, and middle-aged patients with high daytime sleepiness and irregular sleep patterns). XAI techniques, including SHAP and formal explanations, elucidate key drivers like sleep regularity and anxiety, validated against clinical thresholds and expert feedback from sleep specialists. This framework aligns algorithmic insights with medical reasoning, enhancing interpretability and supporting personalized interventions in digital sleep medicine. Future extensions will incorporate application completion rates for broader efficacy assessment.",2026-03-23
yes,USPN,W4391471942,https://doi.org/10.3390/rs16030575,Dynamic Spatial–Spectral Feature Optimization-Based Point Cloud Classification,Yali Zhang; Wei Feng; Yinghui Quan; Guangqiang Ye; Gabriel Dauphin,State Key Laboratory of Remote Sensing Science; Xidian University; Université Sorbonne Paris Nord; Air Force Engineering University,2024,5,True,https://www.mdpi.com/2072-4292/16/3/575/pdf?version=1706867253,Remote Sensing,en,"With the development and popularization of LiDAR technology, point clouds are becoming widely used in multiple fields. Point cloud classification plays an important role in segmentation, geometric analysis, and vegetation description. However, existing point cloud classification algorithms have problems such as high computational complexity, a lack of feature optimization, and low classification accuracy. This paper proposes an efficient point cloud classification algorithm based on dynamic spatial–spectral feature optimization. It can eliminate redundant features, optimize features, reduce computational costs, and improve classification accuracy. It achieves feature optimization through three key steps. First, the proposed method extracts spatial, geometric, spectral, and other features from point cloud data. Then, the Gini index and Fisher score are used to calculate the importance and relevance of features, and redundant features are filtered. Finally, feature importance factors are used to dynamically enhance the discriminative power of highly distinguishable features to strengthen their contribution to point cloud classification. Four real-scene datasets from STPLS3D are utilized for experimentation. Compared to the other five algorithms, the proposed algorithm achieves at least a 37.97% improvement in mean intersection over union (mIoU). Meanwhile, the results indicate that the proposed algorithm can achieve high-precision point cloud classification with low computational complexity.",2026-03-23
yes,USPN,W4283790509,https://doi.org/10.1609/aaai.v36i7.20760,Clustering Approach to Solve Hierarchical Classification Problem Complexity,Aomar Osmani; Massinissa Hamidi; Pegah Alizadeh,Université Sorbonne Paris Nord; Centre National de la Recherche Scientifique; Pôle Universitaire Léonard de Vinci,2022,5,True,https://ojs.aaai.org/index.php/AAAI/article/download/20760/20519,Proceedings of the AAAI Conference on Artificial Intelligence,en,"In a large domain of classification problems for real applications, like human activity recognition, separable spaces between groups of concepts are easier to learn than each concept alone. This is because the search space biases required to separate groups of classes (or concepts) are more relevant than the ones needed to separate classes individually. For example, it is easier to learn the activities related to the body movements group (running, walking) versus ""on-wheels"" activities group (bicycling, driving a car), before learning more specific classes inside each of these groups. Despite the obvious interest of this approach, our theoretical analysis shows a high complexity for finding an exact solution. We propose in this paper an original approach based on the association of clustering and classification approaches to overcome this limitation. We propose a better approach to learn the concepts by grouping classes recursively rather than learning them class by class. We introduce an effective greedy algorithm and two theoretical measures, namely cohesion and dispersion, to evaluate the connection between the clusters and the classes. Extensive experiments on the SHL dataset show that our approach improves classification performances while reducing the number of instances used to learn each concept.",2026-03-23
yes,USPN,W4386887825,https://doi.org/10.1038/s41467-023-39824-4,Evidence of a causal and modifiable relationship between kidney function and circulating trimethylamine N-oxide,Petros Andrikopoulos; Judith Aron‐Wisnewsky; Rima Chakaroun; Antonis Myridakis; Sofia K. Forslund; Trine Nielsen; Solia Adriouch; Bridget Holmes; Julien Chilloux; Sara Vieira‐Silva; Gwen Falony; Joe‐Elie Salem; Fabrizio Andreelli; Eugeni Belda; Julius Kieswich; Kanta Chechi; Francesc Puig‐Castellví; Mickaël Chevalier; Emmanuelle Le Chatelier; Michael Olanipekun; Lesley Hoyles; Renato Alves; Gérard Helft; Richard Isnard; Lars Køber; Luís Pedro Coelho; Christine Rouault; Dominique Gauguier; Jens Peter Gøtze; Edi Prifti; Philippe Froguel; Rohia Alili; Ehm Astrid Andersson Galijatovic; Olivier Barthélemy; Jean‐Philippe Bastard; Jean-Paul Batisse; Pierre Bel-Lassen; Magali Berland; Randa Bittar; Hervé M. Blottière; F Bosquet; Rachid Boubrit; Olivier Bourron; Mickaël Camus; Cécile Ciangura; Jean‐Philippe Collet; Arne Dietrich; Morad Djebbar; Angélique Doré; Line Engelbrechtsen; Léopold Fezeu; Sébastien Fromentin; Nicolas Pons; Marianne Graine; Caroline Grünemann; Agnès Hartemann; Bolette Hartmann; Malene Hornbak; Sophie Jaqueminet; Niklas Rye Jørgensen; Hanna Julienne; Johanne Marie Justesen; Judith Kammer; Nikolaj Karup; Ruby Kozlowski; Michael Kuhn; Véronique Lejard; Ivica Letunić; Florence Levenez; Lajos Markó; Laura Martínez-Gili; Robin Massey; Nicolas Maziers; Lucas Moitinho‐Silva; Gilles Montalescot; Ana Luísa Neves; Laetitia Pasero Le Pavin; Françoise Pousset; Andrea Rodriguez‐Martinez; Sebastien Schmidt; Tatjana Schütz; Lucas F. M. da Silva; Johanne Silvain; Mathilde Svendstrup; T.D. Swartz; Thierry Vanduyvenboden; Eric O. Verger; Stefanie Walther; Jean‐Daniel Zucker; Fredrik Bäckhed; Henrik Vestergaard; Torben Hansen; Jean‐Michel Oppert; Matthias Blüher; Jens Nielsen; Jeroen Raes; Peer Bork; Muhammad M. Yaqoob; Michael Stümvoll; Oluf Pedersen,"Université Paris-Saclay; Unité de Modélisation Mathématique et Informatique des Systèmes Complexes; Centre International deHautes Etudes Agronomiques Méditerranéennes; Institute of Medical Microbiology and Hygiene; KU Leuven; Assistance Publique – Hôpitaux de Paris; Charité - Universitätsmedizin Berlin; Institut Pasteur de Lille; Centre de Coopération Internationale en Recherche Agronomique pour le Développement; Imperial College London; Genomics England; VIB-KU Leuven Center for Microbiology; Nutrition et obésité : approches systémiques; Institute of Molecular Biology; Fondation pour l’innovation en Cadiométabolisme et Nutrition; Rigshospitalet; University Medical Center of the Johannes Gutenberg University Mainz; German Centre for Cardiovascular Research; Université de Lille; Université Sorbonne Paris Nord; Lung Institute; Sorbonne Université; McGill Genome Centre; European Molecular Biology Laboratory; L'Institut Agro; Rega Institute for Medical Research; Royal London Hospital; MRC Centre for Environment and Health; Université de Montpellier; University of Copenhagen; Nottingham Trent University; Inserm; Pitié-Salpêtrière Hospital; Johannes Gutenberg University Mainz; Institut de Recherche pour le Développement; Danone (France); Montpellier Interdisciplinary center on Sustainable Agri-food systems: social and nutritional sciences; European Genomic Institute for Diabetes; Yonsei University; AgroParisTech; National Health Service; Institut National de Recherche pour l'Agriculture, l'Alimentation et l'Environnement; Centre National de la Recherche Scientifique; Université Paris Cité; Queen Mary University of London; Barts Health NHS Trust; Sorbonne Paris Cité; Institut Agronomique Méditerranéen de Montpellier; Chalmers University of Technology; University of Würzburg; William Harvey Research Institute; Institut Agro Montpellier; Gentofte Hospital; University of Gothenburg; Novo Nordisk Foundation; Max Delbrück Center",2023,58,True,https://www.nature.com/articles/s41467-023-39824-4.pdf,Nature Communications,en,"The host-microbiota co-metabolite trimethylamine N-oxide (TMAO) is linked to increased cardiovascular risk but how its circulating levels are regulated remains unclear. We applied ""explainable"" machine learning, univariate, multivariate and mediation analyses of fasting plasma TMAO concentration and a multitude of phenotypes in 1,741 adult Europeans of the MetaCardis study. Here we show that next to age, kidney function is the primary variable predicting circulating TMAO, with microbiota composition and diet playing minor, albeit significant, roles. Mediation analysis suggests a causal relationship between TMAO and kidney function that we corroborate in preclinical models where TMAO exposure increases kidney scarring. Consistent with our findings, patients receiving glucose-lowering drugs with reno-protective properties have significantly lower circulating TMAO when compared to propensity-score matched control individuals. Our analyses uncover a bidirectional relationship between kidney function and TMAO that can potentially be modified by reno-protective anti-diabetic drugs and suggest a clinically actionable intervention for decreasing TMAO-associated excess cardiovascular risk.",2026-03-23
yes,USPN,W4385481089,https://doi.org/10.1371/journal.pgen.1010842,The bacterial genetic determinants of Escherichia coli capacity to cause bloodstream infections in humans,Judit Burgaya; Julie Marin; Guilhem Royer; Bénédicte Condamine; Benoît Gachet; Olivier Clermont; Françoise Jauréguy; Charles Burdet; A. Lefort; Victoire de Lastours; Érick Denamur; Marco Galardini; François Blanquart; Colibafi/Septicoli & Coliville groups,Hôpital Bichat-Claude-Bernard; Université Sorbonne Paris Nord; Université Paris Cité; Inserm; Institut Pasteur; Sorbonne Université; Medizinische Hochschule Hannover; Centre Interdisciplinaire de Recherche en Biologie; Université Paris Sciences et Lettres; Assistance Publique – Hôpitaux de Paris; Collège de France; Center for Experimental and Clinical Infection Research; Centre National de la Recherche Scientifique; Helmholtz Centre for Infection Research,2023,27,True,https://doi.org/10.1371/journal.pgen.1010842,PLoS Genetics,en,"Escherichia coli is both a highly prevalent commensal and a major opportunistic pathogen causing bloodstream infections (BSI). A systematic analysis characterizing the genomic determinants of extra-intestinal pathogenic vs. commensal isolates in human populations, which could inform mechanisms of pathogenesis, diagnostic, prevention and treatment is still lacking. We used a collection of 912 BSI and 370 commensal E. coli isolates collected in France over a 17-year period (2000-2017). We compared their pangenomes, genetic backgrounds (phylogroups, STs, O groups), presence of virulence-associated genes (VAGs) and antimicrobial resistance genes, finding significant differences in all comparisons between commensal and BSI isolates. A machine learning linear model trained on all the genetic variants derived from the pangenome and controlling for population structure reveals similar differences in VAGs, discovers new variants associated with pathogenicity (capacity to cause BSI), and accurately classifies BSI vs. commensal strains. Pathogenicity is a highly heritable trait, with up to 69% of the variance explained by bacterial genetic variants. Lastly, complementing our commensal collection with an older collection from 1980, we predict that pathogenicity continuously increased through 1980, 2000, to 2010. Together our findings imply that E. coli exhibit substantial genetic variation contributing to the transition between commensalism and pathogenicity and that this species evolved towards higher pathogenicity.",2026-03-23
yes,USPN,W4200187044,https://doi.org/10.1038/s41598-021-03165-3,Proof of concept and development of a couple-based machine learning model to stratify infertile patients with idiopathic infertility,Guillaume Bachelot; Rachel Lévy; Anne Bachelot; Céline Faure; Sébastien Czernichow; Charlotte Dupont; Antonin Lamazière; Isabelle Aknin; Isabelle Cédrin‐Durnerin; Steven Cens; Nathalie di Clemente; Jean‐Louis Guéant; Serge Herçberg; Yoann Lalatonne; Chrystèle Racine; Nathalie Sermondade; Angéla Sutton; Claude Uthurriague; Jean-Philippe Wolf; Alain Favier; Alain Favier,Hôpital Européen Georges-Pompidou; Université de Lorraine; Université Sorbonne Paris Nord; Université Paris Cité; Inserm; Hôpital Nord; Sorbonne Université; Centre Hospitalier De Pau; Assistance Publique – Hôpitaux de Paris; Sorbonne Paris Cité; Centre de Recherche Épidémiologie et Statistique; Centre de Recherche Saint-Antoine; Hôpital Cochin; Conservatoire National des Arts et Métiers; Hôpital Jean-Verdier; Hôpital Tenon; Equipe de Recherche en Epidémiologie Nutritionnelle,2021,16,True,https://www.nature.com/articles/s41598-021-03165-3.pdf,Scientific Reports,en,"We aimed to develop and evaluate a machine learning model that can stratify infertile/fertile couples on the basis of their bioclinical signature helping the management of couples with unexplained infertility. Fertile and infertile couples were recruited in the ALIFERT cross-sectional case-control multicentric study between September 2009 and December 2013 (NCT01093378). The study group consisted of 97 infertile couples presenting a primary idiopathic infertility (> 12 months) from 4 French infertility centers compared with 100 fertile couples (with a spontaneously conceived child (< 2 years of age) and with time to pregnancy < 12 months) recruited from the healthy population of the areas around the infertility centers. The study group is comprised of 2 independent sets: a development set (n = 136 from 3 centers) serving to train the model and a test set (n = 61 from 1 center) used to provide an unbiased validation of the model. Our results have shown that: (i) a couple-modeling approach was more discriminant than models in which men's and women's parameters are considered separately; (ii) the most discriminating variables were anthropometric, or related to the metabolic and oxidative status; (iii) a refined model capable to stratify fertile vs. infertile couples with accuracy 73.8% was proposed after the variables selection (from 80 to 13). These influential factors (anthropometric, antioxidative, and metabolic signatures) are all modifiable by the couple lifestyle. The model proposed takes place in the management of couples with idiopathic infertility, for whom the decision-making tools are scarce. Prospective interventional studies are now needed to validate the model clinical use.Trial registration: NCT01093378 ALIFERT https://clinicaltrials.gov/ct2/show/NCT01093378?term=ALIFERT&rank=1 . Registered: March 25, 2010.",2026-03-23
yes,USPN,W3118842101,https://doi.org/10.3389/fnins.2020.588357,Hyperscanning EEG and Classification Based on Riemannian Geometry for Festive and Violent Mental State Discrimination,Cédric Simar; Ana-Maria Cebolla; Gaëlle Chartier; Mathieu Petieau; Gianluca Bontempi; Alain Berthoz; Guy Chéron,Université Sorbonne Paris Nord; Centre Interdisciplinaire de Recherche en Biologie; Université Libre de Bruxelles; University of Mons; Collège de France; Centre National de la Recherche Scientifique,2020,15,True,https://www.frontiersin.org/articles/10.3389/fnins.2020.588357/pdf,Frontiers in Neuroscience,en,"Interactions between two brains constitute the essence of social communication. Daily movements are commonly executed during social interactions and are determined by different mental states that may express different positive or negative behavioral intent. In this context, the effective recognition of festive or violent intent before the action execution remains crucial for survival. Here, we hypothesize that the EEG signals contain the distinctive features characterizing movement intent already expressed before movement execution and that such distinctive information can be identified by state-of-the-art classification algorithms based on Riemannian geometry. We demonstrated for the first time that a classifier based on covariance matrices and Riemannian geometry can effectively discriminate between neutral, festive, and violent mental states only on the basis of non-invasive EEG signals in both the actor and observer participants. These results pave the way for new electrophysiological discrimination of mental states based on non-invasive EEG recordings and cutting-edge machine learning techniques.",2026-03-23
yes,USPN,W4396732239,https://doi.org/10.1016/j.jfp.2024.100295,Identifying Meat from Grazing or Feedlot Yaks Using Visible and Near-infrared Spectroscopy with Chemometrics,Y. G. Liu; Xiang Zheng Yang; Wu Sun; A. Allan Degen; Huan Xu; Yayu Huang; Rongzhen Zhong; Lizhuang Hao,"Qinghai Normal University; Université Sorbonne Paris Nord; Institut National de Recherche pour l'Agriculture, l'Alimentation et l'Environnement; Génétique Physiologie et Systèmes d'Elevage; Ben-Gurion University of the Negev; Chinese Academy of Sciences; Carnegie Institution for Science; Institut National Polytechnique de Toulouse; École Nationale Vétérinaire de Toulouse; Université Fédérale de Toulouse Midi-Pyrénées; Laboratoire des Sciences des Procédés et des Matériaux",2024,8,True,https://doi.org/10.1016/j.jfp.2024.100295,Journal of Food Protection,en,"The quality of meat can differ between grazing and feedlot yaks. The present study examined whether spectral fingerprints by visible and near-infrared (Vis-NIR) spectroscopy and chemo-metrics could be employed to identify the meat of grazing and feedlot yaks. Thirty-six 3.5-year-old castrated male yaks (164 ± 8.38 kg) were divided into grazing and feedlot yaks. After 5 months on treatment, liveweight, carcass weight, and dressing percentage were greater in the feedlot than in grazing yaks. The grazing yaks had greater protein content but lesser fat content than feedlot yaks. Principal component analysis (PCA) was able to identify the meat of the two groups to a great extent. Using either partial least squares discriminant analysis (PLS-DA) or the soft independent modeling of class analogies (SIMCA) classification, the meat could be differentiated between the groups. Both the original and processed spectral data had a high discrimination percentage, especially the PLS-DA classification algorithm, with 100% discrimination in the 400-2500 nm band. The spectral preprocessing methods can improve the discrimination percentage, especially for the SIMCA classification. It was concluded that the method can be employed to identify meat from grazing or feedlot yaks. The unerring consistency across different wavelengths and data treatments highlights the model's robustness and the potential use of NIR spectroscopy combined with chemometric techniques for meat classification. PLS-DA's accurate classification model is crucial for the unique evaluation of yak meat in the meat industry, ensuring product traceability and meeting consumer expectations for the authenticity and quality of yak meat raised in different ways.",2026-03-23
yes,USPN,W2991579759,https://doi.org/10.1016/j.procs.2019.11.083,Semantic Interpretation of the map with Diabetes-Related Websites,Hongyi Shi; Marie‐Christine Jaulent; Fabien Pfaënder,Université Sorbonne Paris Nord; Inserm; Sorbonne Université; Sorbonne Paris Cité; Laboratoire d'Informatique Médicale et d'Ingénierie des Connaissances en e-Santé; Université de Technologie de Compiègne; Shanghai University,2019,3,True,https://www.sciencedirect.com/science/article/am/pii/S1877050919317831,Procedia Computer Science,en,"Diabetes as a chronic disease requires continuous medical care and constant patient self-management which involve several stakeholders to improve health outcome and patient quality of life. In our prior work, we used the networks of World Wide Web to highlight how stakeholders of diabetes link to each other online. The aim of this study is to use a semantic approach focusing on the diabetes-related websites to better understand the common interest shared by the same clusters which were detected in our previous study of stakeholders on diabetes. To achieve this, we employed the data annotation and machine learning to study which combinations of tags can predict or explain the clusters. In the end, a total of 430 websites which are detected into 5 clusters have been tagged with 38 different tags from 6 different dimensions in this study. Although the result shows a very low prediction performance using tags to determine the clusters of diabetes-related websites, except for cluster 1 and cluster 2, this reflects the community reality: a mix of websites of different types that create a mixed but localized space. It proves the community can have a tagging scheme occasionally but it is still hard to use semantical approach to predict accurately the clusters.",2026-03-23
yes,USPN,W4313507626,https://doi.org/10.1101/2022.12.31.522367,The bacterial genetic determinants of <i>Escherichia coli</i> capacity to cause bloodstream infections in humans,Judit Burgaya; Julie Marin; Guilhem Royer; Bénédicte Condamine; Benoît Gachet; Olivier Clermont; Françoise Jauréguy; Charles Burdet; A. Lefort; Victoire de Lastours; Érick Denamur; Marco Galardini; François Blanquart; the Colibafi/Septicoli and Coliville groups,Hôpital Bichat-Claude-Bernard; Université Sorbonne Paris Nord; Hôpitaux Universitaires Henri-Mondor; Nord University; Inserm; Institut Pasteur; Sorbonne Université; Medizinische Hochschule Hannover; Université Paris Cité; Centre Interdisciplinaire de Recherche en Biologie; Université Paris Sciences et Lettres; Sorbonne Paris Cité; CNR de la Résistance aux Antibiotiques; Assistance Publique – Hôpitaux de Paris; Collège de France; Center for Experimental and Clinical Infection Research; Centre National de la Recherche Scientifique; Helmholtz Centre for Infection Research,2023,3,True,https://www.biorxiv.org/content/biorxiv/early/2023/01/02/2022.12.31.522367.full.pdf,,en,"Abstract Escherichia coli is both a highly prevalent commensal and a major opportunistic pathogen causing bloodstream infections (BSI). A systematic analysis characterizing the genomic determinants of extra-intestinal pathogenic vs. commensal isolates in human populations, which could inform mechanisms of pathogenesis, diagnostics, prevention and treatment is still lacking. We used a collection of 1282 BSI and commensal E. coli isolates collected in France over a 17-year period (2000-2017) and we compared their pangenomes, genetic backgrounds (phylogroups, STs, O groups), presence of virulence-associated genes (VAGs) and antimicrobial resistance genes, finding significant differences in all comparisons between commensal and BSI isolates. A machine learning linear model trained on all the genetic variants derived from the pangenome and controlling for population structure reveals similar differences in VAGs, discovers new variants associated with pathogenicity (capacity to cause BSI), and accurately classifies BSI vs. commensal strains. Pathogenicity is a highly heritable trait, with up to 69% of the variance explained by bacterial genetic variants. Lastly, complementing our commensal collection with an older collection from 1980, we predict that pathogenicity increased steadily from 23% in 1980 to 46% in 2010. Together our findings imply that E. coli exhibit substantial genetic variation contributing to the transition between commensalism and pathogenicity and that this species evolved towards higher pathogenicity.",2026-03-23
yes,USPN,W4414915530,https://doi.org/10.1093/narcan/zcaf036,Reference-free RNA profiling predicts triple negative breast cancer chemoresistance to neoadjuvant treatment,Nouritza Torossian; Marc Gabriel; Panagiotis Papoutsoglou; Dominika Foretek; Camille Brochard; M. Kamal; Linda Ramdani; Constance Lamy; Charlotte Lecerf; Maral Halladjian; Célia Dupain; Josiane Lafleur; Adriana Aguilar‐Mahecha; Mark Basik; Anne Vincent‐Salomon; C. Le Tourneau; Sergio Roman‐Roman; Daniel Gautheret; Antonin Morillon,McGill University; CEA Paris-Saclay; Université Sorbonne Paris Nord; Université Paris-Saclay; Université Paris Sciences et Lettres; Jewish General Hospital; Sorbonne Université; Institut Curie; International Drug Development; Institut de Biologie Intégrative de la Cellule; Commissariat à l'Énergie Atomique et aux Énergies Alternatives; Centre National de la Recherche Scientifique,2025,2,True,https://doi.org/10.1093/narcan/zcaf036,NAR Cancer,en,"Triple negative breast cancer (TNBC) is the most aggressive breast cancer (BC) and often affects young women. TNBCs are highly heterogeneous and do not benefit from personalized medicine at localized stages. Most TNBC patients undergo neoadjuvant chemotherapy (NAC) before surgery. In case of chemoresistance with residual tumor after NAC, survival is poor despite execution of complete tumor resection. There is currently no clinically useful biomarker to predict TNBC chemoresistance to NAC that would enable targeted therapeutic intensification. We analyzed here a unique cohort of 106 TNBC tumors before NAC, including 58 chemoresistant and 48 chemosensitive cases, from 2 independent hospitals. Using machine learning under a nested cross-validation design, we obtained two transcriptomic signatures respectively generated from standard differential gene expression analysis and reference-free analysis of differential fragments of transcripts, without any annotation bias. This approach resulted in accurate signatures of TNBC chemoresistance to NAC. Gene ontology analyses of reference-free signatures highlighted DNA repair, replication, and metabolism, in agreement with current knowledge of TNBC resistance biology. In summary, these results show the potential of a reference-free generated transcriptomic signature as predictive biomarker of early TNBC chemoresistance.",2026-03-23
yes,USPN,W4410447130,https://doi.org/10.3233/shti250581,Practical Approach for Evaluating Machine Learning Anomaly Detection Algorithms for Epidemic Early Warning Systems,Antoine Saab; Abdul Hamid Dabboussi; Cynthia Abi Khalil; Jihane Rahme; Elie Salem Sokhn; Christo El Morr,Université Sorbonne Paris Nord; Lebanese Hospital Geitaoui-University Medical Center; Inserm; Sorbonne Université; Beirut Arab University; York University,2025,1,True,https://ebooks.iospress.nl/pdf/doi/10.3233/SHTI250581,Studies in health technology and informatics,en,"Anomaly detection methods in time series data can play a pivotal role in epidemic surveillance Early Warning Systems (EWS). Statistical and rules-based methods have been traditionally employed in such systems, but are challenged by data dynamics and necessitate expert fine-tuning regularly. On the other hand, machine learning methods can handle complex and multidimensional data better, learn and adapt to changing patterns, and improve their performance. However, practical methodologies for their fitting and evaluation relative to gold standard data for infectious diseases epidemic surveillance are still lacking. In this study, a practical evaluation method was presented using an ensemble technique of four traditional statistical models to build the reference gold standard dataset, and results of validation of two machine learning (LSTM and Isolation Forest) relative to four pathogen data series (COVID19, Hepatitis C, Acinetobacter baumannii and Methicillin-resistant Staphylococcus aureus) was reported with promising results. Lessons learned can be useful in the perspective of adapting ML algorithms to epidemic surveillance EWS.",2026-03-23
yes,USPN,W4407071893,https://doi.org/10.1101/2025.01.31.25321452,Optimising covariate allocation at design stage using Fisher Information Matrix for Non-Linear Mixed Effects Models in pharmacometrics,Lucie Fayette; Karl Brendel; France Mentré,Université Sorbonne Paris Nord; Université Paris Cité; Inserm; Ipsen (France); Sorbonne Université; Sorbonne Paris Cité,2025,1,True,https://www.medrxiv.org/content/medrxiv/early/2025/09/24/2025.01.31.25321452.full.pdf,,en,"Abstract This work focuses on designing experiments for pharmacometrics studies analysed by Non-Linear Mixed Effects Models (NLMEM) including covariates to describe inter-individual variability. Co-variate effects may help identify patient subpopulations at risk of sub-therapeutic or toxic responses, for instance when hepatic or renal impairment reduces drug elimination, increasing safety risks. Before collecting and modelling new clinical trial data, choosing an appropriate design is crucial, particularly to ensure sufficient information to estimate covariate effects and their uncertainty. Assuming a known NLMEM with covariate effects and a joint distribution for covariates in the target population from previous clinical studies, we propose to optimise the allocation of covariates among the subjects to be included in a new trial. It aims achieving better overall parameter estimations and therefore increase power of statistical tests on covariate effects to detect the clinical relevance or non-relevance of relationships. We used the Fisher Information Matrix and developed a fast and deterministic computation method, leveraging Gaussian quadrature and copula modelling. We suggested dividing the domain of continuous covariates into clinically meaningful intervals and optimised their proportions, along with the proportion of each category for the discrete covariates. The optimisation problem was formulated as a convex problem subject to linear constraints, allowing resolution using Projected Gradient Descent algorithm. Different scenarios for a pharmacokinetics model including either biological measurements of renal or hepatic function as covariate were explored. We showed that covariate optimisation reduces the number of subjects needed to achieve desired power in covariate tests for relevance or non-relevance. Highlights Fisher Information Matrix in nonlinear mixed effects models (NLMEM) with covariates New computation method of Information Matrix using copula and Gaussian quadrature Optimisation of covariate allocation using partitioning and projected gradient Reduced sample size needed to detect clinically relevant covariate in a PK example",2026-03-23
yes,USPN,W4251645287,https://doi.org/10.1055/s-0037-1606522,Best Paper Selection,Vassilis Koutkias; Jacques Bouaud; Mcevoy Ds,Université Sorbonne Paris Nord; Université Paris Cité; Inserm; Sorbonne Université; Assistance Publique – Hôpitaux de Paris; Sorbonne Paris Cité; Laboratoire d'Informatique Médicale et d'Ingénierie des Connaissances en e-Santé; Centre for Research and Technology Hellas,2017,0,True,http://www.thieme-connect.de/products/ejournals/pdf/10.15265/IY-2017-031.pdf,Yearbook of Medical Informatics,en,"Lin FP, Pokorny A, Teng C, Dear R, Epstein RJ. Computational prediction of multidisciplinary team decision-making for adjuvant breast cancer drug therapies: a machine learning approach. BMC Cancer 2016 Dec 1;16(1):929 https://www.ncbi.nlm.nih.gov/pmc/articles/PMC5131452/ Marco-Ruiz L, Pedrinaci C, Maldonado JA, Panziera L, Chen R, Bellika JG. Publication, discovery and interoperability of Clinical Decision Support Systems: A Linked Data approach. J Biomed Inform 2016 Aug;62:243-64 http://www.sciencedirect.com/science/article/pii/S153204641630065X?via%3Dihub McEvoy DS, Sittig DF, Hickman TT, Aaron S, Ai A, Amato M, Bauer DW, Fraser GM, Harper J, Kennemer A, Krall MA, Lehmann CU, Malhotra S, Murphy DR, O’Kelley B, Samal L, Schreiber R, Singh H, Thomas EJ, Vartian CV, Westmorland J, McCoy AB, Wright A. Variation in high-priority drug-drug interaction alerts across institutions and electronic health records. J Am Med Inform Assoc 2017 Mar 1;24(2):331-8 https://www.ncbi.nlm.nih.gov/pmc/articles/PMC5391726/ Zamborlini V, Hoekstra R, Da Silveira M, Pruski C, ten Teije A, van Harmelen F. Inferring recommendation interactions in clinical guidelines. Semantic Web 2016;7(4):421-46 https://www.google.de/url?sa=t&amp;rct=j&amp;q=&amp;esrc=s&amp;source=web&amp;cd=3&amp;cad=rja&amp;uact=8&amp;ved=0ahUKEwin39e8r77VAhXEaFAKHeLkAC0QFgg_MAI&amp;url=http%3A%2F%2Fwww.semantic-web-journal.net%2Fsystem%2Ffiles%2Fswj891.pdf&amp;usg=AFQjCNF7CEXY49F929iQL09sRbGCl2Lc2A",2026-03-23
yes,USPN,W4404289464,https://doi.org/10.36001/phmconf.2024.v16i1.3924,Assessing Aircraft Engine Wear through Simulation Techniques,Abdellah Madane; Jérôme Lacaille; Florent Forest; Hanane Azzag; Mustapha Lebbah,Université Sorbonne Paris Nord; Université Paris-Saclay; Données et algorithmes pour une ville intelligente et durable; Université de Versailles Saint-Quentin-en-Yvelines; Laboratoire d'Informatique de Paris-Nord; Safran (France); International Institute for Management Development; Centre National de la Recherche Scientifique; École Polytechnique Fédérale de Lausanne,2024,0,True,http://www.papers.phmsociety.org/index.php/phmconf/article/download/3924/phmc_24_3924,Annual Conference of the PHM Society,en,"In the field of aeronautical engineering, understanding and simulating aircraft engine performance is critical, especially for improving operational safety, efficiency, and sustainability. At Safran Aircraft Engines, we were able to demonstrate the effectiveness of using time series collected from the engines after each flight to build a digital twin that provides a dynamic virtual model able to mirror the real engine’s state by using a transformer-based conditional generative adversarial network. This virtual representation allows for advanced simulations under diverse operational scenarios like flight conditions and controls, aiding in understanding the impact of different factors on engine health. It is, therefore, possible for us to provide virtual flights performed by our engines in their actual state of wear. This research paper presents a machine learning model that effectively simulates and monitors the state of aircraft engines in real-time, enabling us to track the evolution of the engines’ health over their life cycle. The model’s adaptability to incorporate new data ensures its applicability throughout the engine’s lifespan, marking a step forward in proactive aeronautic maintenance and potentially enhancing engine longevity through timely diagnostics and interventions.",2026-03-23
yes,USPN,W3038868995,https://doi.org/10.3233/shti200491,Comparison of Machine Learning Algorithms for Classifying Adverse-Event Related 30-Day Hospital Readmissions: Potential Implications for Patient Safety,Antoine Saab; Melody Saikali; Jean-Baptiste Lamy,Université Sorbonne Paris Nord; Lebanese Hospital Geitaoui-University Medical Center; Inserm; Sorbonne Université; Laboratoire d'Informatique Médicale et d'Ingénierie des Connaissances en e-Santé,2020,6,True,https://doi.org/10.3233/shti200491,Studies in health technology and informatics,en,"Studies in the last decade have focused on identifying patients at risk of readmission using predictive models, in an objective to decrease costs to the healthcare system. However, real-time models specifically identifying readmissions related to hospital adverse-events are still to be elaborated. A supervised learning approach was adopted using different machine learning algorithms based on features available directly from the hospital information system and on a validated dataset elaborated by a multidisciplinary expert consensus panel. Accuracy results upon testing were in line with comparable studies, and variable across algorithms, with the highest prediction given by Artificial Neuron Networks. Features importances relative to the prediction were identified, in order to provide better representation and interpretation of results. Such a model can pave the way to predictive models for readmissions related to patient harm, the establishment of a learning platform for clinical quality measurement and improvement, and in some cases for an improved clinical management of readmitted patients.",2026-03-23
yes,USPN,W4366961127,https://doi.org/10.2196/preprints.37237,Users’ Reactions to Announced Vaccines Against COVID-19 Before Marketing in France: Analysis of Twitter Posts (Preprint),Alexandre Dupuy-Zini; Bissan Audeh; Christel Gérardin; Catherine Duclos; Amandine Gagneux‐Brunon; Cédric Bousquet,Université Claude Bernard Lyon 1; Université Sorbonne Paris Nord; Institut Pierre Louis d‘Épidémiologie et de Santé Publique; Inserm; Sorbonne Université; Centre Hospitalier Universitaire de Saint-Étienne; Laboratoire d'Informatique Médicale et d'Ingénierie des Connaissances en e-Santé; Centre International de Recherche en Infectiologie,2022,0,False,,,en,"<sec> <title>BACKGROUND</title> Within a few months, the COVID-19 pandemic had spread to many countries and had been a real challenge for health systems all around the world. This unprecedented crisis has led to a surge of online discussions about potential cures for the disease. Among them, vaccines have been at the heart of the debates and have faced lack of confidence before marketing in France. </sec> <sec> <title>OBJECTIVE</title> This study aims to identify and investigate the opinions of French Twitter users on the announced vaccines against COVID-19 through sentiment analysis. </sec> <sec> <title>METHODS</title> This study was conducted in 2 phases. First, we filtered a collection of tweets related to COVID-19 available on Twitter from February 2020 to August 2020 with a set of keywords associated with vaccine mistrust using word embeddings. Second, we performed sentiment analysis using deep learning to identify the characteristics of vaccine mistrust. The model was trained on a hand-labeled subset of 4548 tweets. </sec> <sec> <title>RESULTS</title> A set of 69 relevant keywords were identified as the semantic concept of the word “vaccin” (vaccine in French) and focused mainly on conspiracies, pharmaceutical companies, and alternative treatments. Those keywords enabled us to extract nearly 350,000 tweets in French. The sentiment analysis model achieved 0.75 accuracy. The model then predicted 16% of positive tweets, 41% of negative tweets, and 43% of neutral tweets. This allowed us to explore the semantic concepts of positive and negative tweets and to plot the trends of each sentiment. The main negative rhetoric identified from users’ tweets was that vaccines are perceived as having a political purpose and that COVID-19 is a commercial argument for the pharmaceutical companies. </sec> <sec> <title>CONCLUSIONS</title> Twitter might be a useful tool to investigate the arguments for vaccine mistrust because it unveils political criticism contrasting with the usual concerns on adverse drug reactions. As the opposition rhetoric is more consistent and more widely spread than the positive rhetoric, we believe that this research provides effective tools to help health authorities better characterize the risk of vaccine mistrust. </sec>",2026-03-23
yes,USPN,W4387839022,https://doi.org/10.48550/arxiv.2310.15188,Deep Learning Approaches for Dynamic Mechanical Analysis of Viscoelastic Fiber Composites,Victor Hoffmann; Ilias Nahmed; Parisa Rastin; Guénaël Cabanès; Julien Boisse,Université de Lorraine; Université Sorbonne Paris Nord; École Nationale Supérieure des Mines de Nancy; Laboratoire Lorrain de Recherche en Informatique et ses Applications; Laboratoire d'Informatique de Paris-Nord; Laboratoire Énergies et Mécanique Théorique et Appliquée; Centre de recherche Translationnelle en Médecine moléculaire; Laboratoire de Biologie Computationnelle et Quantitative,2023,0,True,https://arxiv.org/pdf/2310.15188,arXiv (Cornell University),en,"The increased adoption of reinforced polymer (RP) composite materials, driven by eco-design standards, calls for a fine balance between lightness, stiffness, and effective vibration control. These materials are integral to enhancing comfort, safety, and energy efficiency. Dynamic Mechanical Analysis (DMA) characterizes viscoelastic behavior, yet there's a growing interest in using Machine Learning (ML) to expedite the design and understanding of microstructures. In this paper we aim to map microstructures to their mechanical properties using deep neural networks, speeding up the process and allowing for the generation of microstructures from desired properties.",2026-03-23
yes,USPN,W2784138308,https://doi.org/10.1159/000484055,Transbronchial Cryobiopsies for the Diagnosis of Diffuse Parenchymal Lung Diseases: Expert Statement from the Cryobiopsy Working Group on Safety and Utility and a Call for Standardization of the Procedure,Jürgen Hetzel; Fabien Maldonado; Claudia Ravaglia; Athol U. Wells; Thomas V. Colby; Sara Tomassetti; Jay H. Ryu; Oren Fruchter; Sara Piciucchi; Alessandra Dubini; Alberto Cavazza; Marco Chilosi; Nicola Sverzellati; Dominique Valeyre; Dimitri Leduc; Simon Walsh; Stefano Gasparini; Martin Hetzel; Lars Hagmeyer; Maik Haentschel; Ralf Eberhardt; Kaid Darwiche; Lonny Yarmus; Alfonso Torrego; Ganesh Krishna; Pallav L. Shah; Jouke T. Annema; Felix Herth; Venerino Poletti,"King's College Hospital NHS Foundation Trust; Assistance Publique – Hôpitaux de Paris; Tel Aviv University; Krankenhaus Bethanien; University of California, San Francisco; Johns Hopkins University; University of Verona; Ruhrlandklinik; Université Sorbonne Paris Nord; Mayo Clinic; Santa Maria Nuova Hospital; Johns Hopkins Medicine; Marche Polytechnic University; National Institute for Health Research; Krankenhaus vom Roten Kreuz; Mayo Clinic in Florida; Vanderbilt University; University of Parma; Amsterdam UMC Location University of Amsterdam; Ospedale Maggiore; El Camino Hospital; Royal Brompton Hospital; Mayo Clinic in Arizona; Aarhus University Hospital; German Center for Lung Research; Azienda Ospedaliero Universitaria Ospedali Riuniti; Heidelberg University; Wolfson Medical Center; Hospital de Sant Pau; Royal Brompton & Harefield NHS Foundation Trust; University of Tübingen",2018,341,True,https://pure.amsterdamumc.nl/files/174590363/Transbronchial-cryobiopsies-for-the-diagnosis-of-diffuse-parenchymal-lung-diseases-expert-statement-from-the-cryobiopsy.pdf,Respiration,en,"Transbronchial cryobiopsies (TBCB) have recently been introduced as a promising and safer alternative to surgical lung biopsy in the diagnostic approach to diffuse parenchymal lung diseases (DPLD). Despite a substantial and expanding body of literature, the technique has not yet been standardized and its place in the diagnostic algorithm of DPLD remains to be defined. In part, this reflects concerns over the diagnostic yield and safety of the procedure, together with the rapid spread of the technique without competency and safety standards; furthermore, there is a substantial procedural variability among centers and interventional pulmonologists. We report this expert statement proposed during the third international conference on ""Transbronchial Cryobiopsy in Diffuse Parenchymal Lung Disease"" (Ravenna, October 27-28, 2016), which formulates evidence- and expert-based suggestions on the indications, contraindications, patient selection, and procedural aspects of the procedure. The following 5 domains were reviewed: (1) what is the role of TBCB in the diagnostic evaluation of DPLD: patient selection; (2) pathological considerations; (3) contraindications and safety considerations; (4) how should TBCB be performed and in what procedural environment; and (5) who should perform TBCB. Finally, the existence of white paper recommendations may also reassure local hospital credentialing committees tasked with endorsing an adoption of the technique.",2026-03-23
yes,USPN,W3169440182,https://doi.org/10.1051/ps/2022007,A tractable non-adaptative group testing method for non-binary measurements,Émilien Joly; Bastien Mallein,"Université Sorbonne Paris Nord; Université Paris Sciences et Lettres; Sorbonne Université; Mathematics Research Center; Laboratoire Analyse, Géométrie et Applications; École Normale Supérieure - PSL; Département de mathématiques et applications",2022,2,True,https://www.esaim-ps.org/articles/ps/pdf/2022/01/ps210062.pdf,ESAIM Probability and Statistics,en,"The original problem of group testing consists in the identification of defective items in a collection, by applying tests on groups of items that detect the presence of at least one defective element in the group. The aim is then to identify all defective items of the collection with as few tests as possible. This problem is relevant in several fields, among which biology and computer sciences. In the present article we consider that the tests applied to groups of items returns a load , measuring how defective the most defective item of the group is. In this setting, we propose a simple non-adaptative algorithm allowing the detection of all defective items of the collection. Items are put on an n × n grid and pools are organised as lines, columns and diagonals of this grid. This method improves on classical group testing algorithms using only the binary response of the test. Group testing recently gained attraction as a potential tool to solve a shortage of COVID-19 test kits, in particular for RT-qPCR. These tests return the viral load of the sample and the viral load varies greatly among individuals. Therefore our model presents some of the key features of this problem. We aim at using the extra piece of information that represents the viral load to construct a one-stage pool testing algorithm on this idealized version. We show that under the right conditions, the total number of tests needed to detect contaminated samples can be drastically diminished.",2026-03-23
yes,USPN,W7124677593,https://doi.org/10.3389/fsurg.2025.1775565,Editorial: Surgical approaches and outcomes in cervical and thoracic myelopathies,Samar S. Ayache; Georges Abi Lahoud; Moussa A. Chalah,Hôpitaux Universitaires Henri-Mondor; Neurosciences Institute; Université Sorbonne Paris Nord; University of Chittagong,2026,0,True,https://public-pages-files-2025.frontiersin.org/journals/surgery/articles/10.3389/fsurg.2025.1775565/pdf,Frontiers in Surgery,en,"Degenerative myelopathies are chronic, primarily non-traumatic conditions that pose a significant and growing challenge in spine care (1), accounting for an estimated 22-50% of non-traumatic spinal cord injuries (1). The global burden of these diseases might increase with the aging population (2). These conditions can have a profound impact on patients' quality of life and impose economic and societal burdens.Their pathophysiology is complex and multifactorial. It involves static, dynamic, as well as vascular, cellular, and molecular mechanisms (1,3). Multiple structures could be affected including intervertebral discs, vertebral endplates, facet joints, and ligaments (1). Cervical degenerative myelopathy encompasses spondylosis-related changes, spondylolisthesis, ligamentous ossifications, and congenital, inherited, physiological, or pathological central spinal stenosis (3). Abnormal biological findings include increased neuronal ingrowth and neovascularization at the level of the degenerative discs, extracellular matrix degradation, calcification of the cartilage endplates, osteophyte formation, and dysfunction of the blood-spinal cord barrier (1).Clinically, patients may suffer from localized pain, altered motor function (e.g., spasticity, gait disorder, altered hand dexterity) (1). These conditions may progress to ischemic injury and irreversible nerve damage, significant neurological impairment, paralysis, or even death if untreated (1). Cervical myelopathy symptoms could also include precordial pain, headaches and vertebrobasilar complaints (1). Diagnosis relies on a combination of clinical examination, neurophysiological assessment (electromyography, motor and somatosensory evoked potentials), and neuroimaging modalities (plain radiographs, magnetic resonance imaging, computed tomography) (3). However, the need for diagnostic tools capable of detecting these diseases at their earliest stages highlights an important gap and underscores the necessity for further research in this area (1).Decompressive surgery remains the most effective management strategy for moderate to severe cases (1). Consequently, optimizing surgical approaches is a critical priority to relieve spinal cord compression, correct spinal abnormalities, enhance neurological recovery, reduce perioperative complications, and improve long-term functional outcomes in this patient population. Recent advances in spinal surgery (e.g., minimally invasive and endoscopic techniques, refinements in anterior and posterior approaches) as well as the enhanced intraoperative monitoring have substantially expanded the therapeutic armamentarium (4,5). In parallel, emerging technologies such as machine learning algorithms are starting to be applied in surgical planning, decision-making, and risk stratification (5,6). Intraoperative neurophysiological monitoring also plays an important role in optimizing surgical safety and outcomes (7).In this context, this Research Topic aims to examine surgical treatments for spinal myelopathies by exploring various operative approaches and their associated outcomes. It seeks to provide surgeons and clinicians with evidence-based insights to optimize surgical techniques and enhance patient outcomes.The included articles collectively address a broad spectrum of clinical scenarios, surgical techniques, and perioperative challenges associated with myelopathies or related pathologies.First, some of the articles addressed rare case reports that pose significant diagnostic and management challenges. For example, He and colleagues reported a case of bulbar-cervical spinal cord hemorrhage, a rare and life-threatening condition presenting with respiratory and sensorimotor symptoms. Their report underscored the critical importance of early diagnosis and prompt emergency intervention in high-level spinal cord lesions -such as microscopic hematoma evacuation, decompression via posterior cervical double-door laminectomy, and spinal stabilization -to improve prognosis and functional recovery. In a similar vein, Guo and colleagues described a rare case of cervical intradural disc herniation exhibiting Brown-Sequard syndrome, highlighting the diagnostic value of subtle neuroimaging findings (e.g., T2-weighted hyperintensity on magnetic resonance imaging) and intraoperative tissue characteristics (increased water content in disc tissues), as well as the importance of timely and appropriate surgical management, including cervical corpectomy and fusion with dural repair. Expanding the etiological spectrum of spinal cord compression, El Ayssami and colleagues highlighted the importance of early recognition and timely intervention (i.e., namely laminectomy and excision of lipomatosis) in a case of spinal epidural lipomatosis presenting with intermittent paraplegia, urinary incontinence, and sensory deficits.Second, other articles focused on optimizing standard surgical procedures. In a retrospective study, Yang and colleagues evaluated posterior cervical expansive open-door laminoplasty and found no significant difference in hemostatic safety and efficacy between the use of an absorbable gelatin sponge with hemostatic fluid gelatin and tranexamic acid. Moreover, a systematic review and meta-analysis by Zheng et al. compared alternative-level versus all-level laminoplasty and reported no differences in intraoperative outcomes or cervical sagittal parameters. However, the alternative-level procedure was associated with lower cost but also less favorable cervical canal outcomes. The generalizability of these findings is limited by the small number of available studies, all of which were conducted in a single country. Furthermore, in the context of exploring and optimizing neurophysiological monitoring during spinal surgeries, a prospective observational study by Hudec and colleagues found that motor evoked potentials remain reliable under deep anesthesia.Third, other articles focused on risk stratification and complication prevention. In this context, original research by Chen and colleagues validated a predictive nomogram for postoperative complications following thoracic spinal stenosis in patients undergoing unilateral biportal endoscopy. This model, which incorporates clinical, radiological, and surgical variables, could support individualized perioperative planning. Additionally, Xu and colleagues highlighted the importance of identifying and managing procedure-related complications through a case report of postoperative myelitis following cervical spine radiofrequency ablation, underscoring the need for vigilant monitoring even in minimally invasive procedures.Taken together, the articles contained within this Research Topic provide a comprehensive and clinically relevant overview of the current landscape of surgical management for myelopathies and related conditions. It has been demonstrated that successful treatment is contingent not only on effective decompression and stabilization, but also on precise diagnosis, proper perioperative planning, and proactive complication management. Recent progressions in minimally invasive surgery, intraoperative monitoring, and predictive modelling have collectively resulted in a paradigm shift in clinical practice, thereby facilitating the delivery of more patient-tailored and secure surgical interventions for patients suffering from complex spinal diseases (8). Future research efforts could",2026-03-23
yes,USPN,W4297375933,https://doi.org/10.1080/17579961.2022.2113669,Solving moral dilemmas with AI: how it helps us address the social implications of the Covid-19 crisis and enhance human responsibility to tackle meta-dilemmas,Étienne Hubert,École des Neurosciences de Paris; Sorbonne Université; Université Sorbonne Paris Nord; École Normale Supérieure - PSL,2022,9,True,https://www.tandfonline.com/doi/pdf/10.1080/17579961.2022.2113669?needAccess=true,Law Innovation and Technology,en,"When combined with an appropriate level of human judgement, machine learning applications were crucial resources insupporting decision-making in the context of the Covid-19 crisis, resulting in more efficient and better-informed responses to ethicalissues. This paper focusses on four social dimensions (bioethical, political, psychological, and economic) from which the decisionstaken in the context of the Covid-19 crisis derived major ethical implications. On the one hand, I argue against the possibility ofaddressing these issues from a purely algorithmic approach, elaborating on two types of limitations for automated systems toaddress ethical issues. This leads me to discuss how different ethical situations call for different performance metrics with regards tothe ‘contextual explicability and performance issue’, as well as to enunciate a gold principle: ‘legitimacy trumps accuracy’. On the otherhand, I present practical examples of machine learning applications which enhance, instead of dilute, human moral agency in betteraddressing these issues. I also suggest a ‘moral perimeter’ framework to ensure the responsibility of algorithms-assisted decisionmakersfor critical decisions. The unique potential of AI to ‘solve’ moral dilemmas by intervening on their conditions of possibility thenprompts me to discuss a new type of moral situation: AI-generated meta-dilemmas.",2026-03-23
yes,UDCLV,W3003161132,https://doi.org/10.1007/s11547-020-01135-9,Artificial intelligence: Who is responsible for the diagnosis?,Emanuele Neri; Francesca Coppola; Vittorio Miele; Corrado Bibbolino; Roberto Grassi,"Azienda Ospedaliero-Universitaria Careggi; University of Pisa; Policlinico S.Orsola-Malpighi; University of Campania ""Luigi Vanvitelli""",2020,229,True,https://link.springer.com/content/pdf/10.1007/s11547-020-01135-9.pdf,La radiologia medica,en,,2026-03-23
yes,UDCLV,W2967937185,https://doi.org/10.1093/schbul/sbz067,Towards Precision Medicine in Psychosis: Benefits and Challenges of Multimodal Multicenter Studies—PSYSCAN: Translating Neuroimaging Findings From Research into Clinical Practice,Stefania Tognin; Hendrika H. van Hell; Kate Merritt; Inge Winter-van Rossum; Matthijs G. Bossong; Matthew J. Kempton; Gemma Modinos; Paolo Fusar‐Poli; Andrea Mechelli; Paola Dazzan; A. Ter Maat; Lieuwe de Haan; Benedicto Crespo‐Facorro; Birte Glenthøj; Stephen M. Lawrie; Colm McDonald; Oliver Gruber; Thérèse van Amelsvoort; Celso Arango; Tilo Kircher; Barnaby Nelson; Silvana Galderisi; Rodrigo A. Bressan; Jun Soo Kwon; Mark Weiser; Romina Mizrahi; Gabriele Sachs; Anke Maatz; René S. Kahn; Philip McGuire; Philip McGuire; Stefania Tognin; Paolo Fusar‐Poli; Matthew J. Kempton; Gemma Modinos; Kate Merritt; Andrea Mechelli; Paola Dazzan; George Gifford; Natalia Petros; Mathilde Antoniades; Andrea De Micheli; Sandra Vieira; Thomas Spencer; Cristina Scarpazza; Emily Hird; René S. Kahn; A. Ter Maat; Erika van Hell; Inge Winter; Wiepke Cahn; Hugo G. Schnack; Lieuwe de Haan; Dieuwke Siegmann; Jana Barkhof; Lotte Hendriks; Iris de Wit; Benedicto Crespo‐Facorro; Diana Tordesillas‐Gutiérrez; Esther Setién‐Suero; Rosa Ayesa‐Arriola; Paula Suárez‐Pinilla; MariaLuz Ramirez-Bonilla; Víctor Ortiz‐García de la Foz; Birte Glenthøj; Mikkel Sørensen; Karen Tangmose; Helle Schæbel; Brian V. Broberg; Egill Rostrup; Stephen M. Lawrie; Colm McDonald; Brian Hallahan; Dara M. Cannon; James McLoughlin; Martha Finnegan; Oliver Gruber; Thérèse van Amelsvoort; Danny Deckers; Machteld Marcelis; Claudia Vingerhoets; Celso Arango; Covadonga M. Díaz‐Caneja; Miriam Ayora; Joost Janssen; Roberto Rodríguez–Jiménez; Marina Díaz‐Marsá; Tilo Kircher; Irina Falkenberg; Florian Bitsch; Philipp Berger; Jens Sommer; Kyeon Raab; Babette Jakobi; Barnaby Nelson; Patrick D. McGorry; G. Paul Amminger; Meredith McHugh; Silvana Galderisi; Armida Mucci,"University of Pavia; Medical University of Vienna; South London and Maudsley NHS Foundation Trust; Maastricht University; Icahn School of Medicine at Mount Sinai; Centro de Investigación Biomédica en Red de Salud Mental; University of Amsterdam; Tel Aviv University; Philipps University of Marburg; Seoul National University; Rigshospitalet; Hospital Universitario Virgen del Rocío; Centre for Addiction and Mental Health; Universidad de Cantabria; University Medical Center Utrecht; Marqués de Valdecilla University Hospital; Hospital General Universitario Gregorio Marañón; Ollscoil na Gaillimhe – University of Galway; Instituto de Investigación Marqués de Valdecilla; University of Copenhagen; University of Toronto; University of Zurich; Universidade Federal de São Paulo; Sheba Medical Center; University of Melbourne; Royal Edinburgh Hospital; Orygen Youth Health; University Hospital Heidelberg; King's College London; Amsterdam University Medical Centers; Heidelberg University; Glostrup Hospital; University of Edinburgh; National Institute for Health Research; University of Campania ""Luigi Vanvitelli""",2019,77,True,https://kclpure.kcl.ac.uk/portal/en/publications/9f51ff49-a53f-4744-9aab-33f7d154128e,Schizophrenia Bulletin,en,"In the last 2 decades, several neuroimaging studies investigated brain abnormalities associated with the early stages of psychosis in the hope that these could aid the prediction of onset and clinical outcome. Despite advancements in the field, neuroimaging has yet to deliver. This is in part explained by the use of univariate analytical techniques, small samples and lack of statistical power, lack of external validation of potential biomarkers, and lack of integration of nonimaging measures (eg, genetic, clinical, cognitive data). PSYSCAN is an international, longitudinal, multicenter study on the early stages of psychosis which uses machine learning techniques to analyze imaging, clinical, cognitive, and biological data with the aim of facilitating the prediction of psychosis onset and outcome. In this article, we provide an overview of the PSYSCAN protocol and we discuss benefits and methodological challenges of large multicenter studies that employ neuroimaging measures.",2026-03-23
yes,UDCLV,W3098089449,https://doi.org/10.1007/s13132-020-00703-8,Combining Big Data and Artificial Intelligence for Managing Collective Knowledge in Unpredictable Environment—Insights from the Chinese Case in Facing COVID-19,Francesca Iandolo; Francesca Loia; Irene Fulco; Chiara Nespoli; Francesco Caputo,"University of Campania ""Luigi Vanvitelli""; Sapienza University of Rome; University of Naples Federico II; Università degli Studi della Tuscia",2020,54,True,https://link.springer.com/content/pdf/10.1007/s13132-020-00703-8.pdf,Journal of the Knowledge Economy,en,"The increasing fluidity of social and business configurations made possible by the opportunities provided by the World Wide Web and the new technologies is questioning the validity of consolidated business models and managerial approaches. New rules are emerging and multiple changes are required to both individuals and organizations engaged in dynamic and unpredictable paths. In such a scenario, the paper aims at describing the potential role of big data and artificial intelligence in the path toward a collective approach to knowledge management. Thanks to the interpretative lens provided by systems thinking, a framework able to explain human-machine interaction is depicted and its contribution to the definition of a collective approach to knowledge management in unpredictable environment is traced. Reflections herein are briefly discussed with reference to the Chinese governmental approach for managing COVID-19 spread to emphasise the support that a technology-based collective approach to knowledge management can provide to decision-making processes in unpredictable environments.",2026-03-23
yes,UDCLV,W3108717193,https://doi.org/10.3390/vaccines8040717,Assessing the Long-Term Role of Vaccination against HPV after Loop Electrosurgical Excision Procedure (LEEP): A Propensity-Score Matched Comparison,Giorgio Bogani; Francesco Raspagliesi; Francesco Sopracordevole; Andrea Ciavattini; Alessandro Ghelardi; Tommaso Simoncini; Marco Petrillo; Francesco Plotti; Salvatore Lopez; Jvan Casarin; Maurizio Serati; Ciro Pinelli; Gaetano Valenti; Alice Bergamini; Barbara Giannella; A Dell'Acqua; Ermelinda Monti; Paolo Vercellini; Giovanni D’Ippolito; Lorenzo Aguzzoli; Vincenzo Dario Mandato; Paola Carunchio; Gabriele Carlifante; Luca Giannella; Cono Scaffa; Francesca Falcone; Stefano Ferla; Chiara Borghi; Antonino Ditto; Mario Malzoni; Andrea Giannini; Maria Giovanna Salerno; Viola Liberale; Biagio Contino; Cristina Donfrancesco; Michele Desiato; Anna Myriam Perrone; Giulia Dondi; Pierandrea De Iaco; Umberto Leone Roberti Maggiore; Mauro Signorelli; Valentina Chiappa; Simone Ferrero; Giuseppe Sarpietro; Maria Grazia Matarazzo; Antonio Cianci; Sara Bocio; Simona Ruisi; Rocco Guerrisi; Claudia Brusadelli; L Mosca; Raffaele Tinelli; Rosa De Vincenzo; Gian Franco Zannoni; Gabriella Ferrandina; Salvatore Dessole; Roberto Angioli; Stefano Greggi; Arsenio Spinillo; Fabio Ghezzi; Nicola Colacurci; Margherita Fischetti; Annunziata Carlea; Fulvio Zullo; Ludovico Muzii; Giovanni Scambia; Pierluigi Benedetti Panici; Violante Di Donato,"University of Pavia; Azienda Sanitaria Unità Locale di Reggio Emilia; University of Genoa; Fondazione IRCCS Ca' Granda Ospedale Maggiore Policlinico; University of Ferrara; Ospedale Maria Vittoria; Fondazione IRCCS Istituto Nazionale dei Tumori; Azienda Usl Toscana Centro; University of Sassari; Ospedale di Circolo e Fondazione Macchi; Sapienza University of Rome; Ospedale Policlinico San Martino; University of Catania; Ospedale San Paolo; Marche Polytechnic University; Istituto Nazionale Tumori IRCCS ""Fondazione G. Pascale""; Martin University; Azienda USL di Bologna; University of Milan; Carlo Forlanini Hospital; Agostino Gemelli University Polyclinic; University of Pisa; Ospedale Filippo Del Ponte Varese; IRCCS Ospedale San Raffaele; Università Campus Bio-Medico; University of Insubria; Centro di Riferimento Oncologico; University of Naples Federico II; University of Campania ""Luigi Vanvitelli""",2020,54,True,https://www.mdpi.com/2076-393X/8/4/717/pdf?version=1607060073,Vaccines,en,"<i>Background</i>: Primary prevention through vaccination is a prophylactic approach aiming to reduce the risk of developing human papillomavirus (HPV)-related lesions. No mature and long-term data supported the adoption of vaccination in women undergoing conization. <i>Methods:</i> This is a retrospective multi-institutional study. Charts of consecutive patients undergoing conization between 2010 and 2014 were collected. All patients included had at least 5 years of follow-up. We compared outcomes of patients undergoing conization plus vaccination and conization alone. A propensity-score matching algorithm was applied in order to reduce allocation biases. The risk of developing recurrence was estimated using Kaplan-Meir and Cox hazard models. <i>Results</i>: Overall, charts of 1914 women were analyzed. The study group included 116 (6.1%) and 1798 (93.9%) women undergoing conization plus vaccination and conization alone, respectively. Five-year recurrence rate was 1.7% (<i>n</i> = 2) and 5.7% (<i>n</i> = 102) after conization plus vaccination and conization alone, respectively (<i>p</i> = 0.068). After the application of a propensity-score matching, we selected 100 patients undergoing conization plus vaccination and 200 patients undergoing conization alone. The crude number of recurrences was 2 (2%) and 11 (5.5%) for patients undergoing conization plus vaccination and conization alone, respectively (<i>p</i> = 0.231). Vaccination had no impact on persistent lesions (no negative examination between conization and new cervical dysplasia; <i>p</i> = 0.603), but reduced the risk of recurrent disease (patients who had at least one negative examination between conization and the diagnosis of recurrent cervical dysplasia; <i>p</i> = 0.031). <i>Conclusions:</i> Patients having vaccination experience a slightly lower risk of recurrence than women who had not, although not statistically significantly different. Further evidence is needed to assess the cost effectiveness of adopting vaccination in this setting.",2026-03-23
yes,UDCLV,W4393851454,https://doi.org/10.1007/s00415-024-12328-x,"ChatGPT vs. neurologists: a cross-sectional study investigating preference, satisfaction ratings and perceived empathy in responses among people living with multiple sclerosis","Elisabetta Maida; Marcello Moccia; Raffaele Palladino; Giovanna Borriello; Giuseppina Affinito; Marinella Clerico; Anna Maria Repice; Alessia Di Sapio; Rosa Iodice; Antonio Luca Spiezia; Maddalena Sparaco; Giuseppina Miele; Floriana Bile; Cristiano Scandurra; Diana Ferraro; Maria Laura Stromillo; Renato Docimo; Antonio Martino; Luca Mancinelli; Gianmarco Abbadessa; Krzysztof Smolik; Lorenzo Lorusso; Maurizio Leone; Elisa Leveraro; Francesca Di Lauro; Francesca Trojsi; Lidia Mislin Streito; Francesca Gabriele; Fabiana Marinelli; Antonio Ianniello; Federica De Santis; Matteo Foschi; Nicola De Stefano; Vincenzo Brescia Morra; Alvino Bisecco; Giancarlo Coghe; Eleonora Cocco; Michele Romoli; Francesco Corea; Letizia Leocani; Jessica Frau; Simona Sacco; Matilde Inglese; Antonio Carotenuto; Roberta Lanzillo; Alessandro Padovani; Maria Triassi; Simona Bonavita; Luigi Lavorgna; Digital Technologies, Web, Social Media Study Group of the Italian Society of Neurology (SIN)","University of Genoa; Magna Graecia University; Imperial College London; Istituti di Ricovero e Cura a Carattere Scientifico; University of Brescia; Policlinico di Modena; Casa Sollievo della Sofferenza; University of Cagliari; Sapienza University of Rome; Ospedale Policlinico San Martino; Ospedale San Luigi Gonzaga; University of Siena; Azienda Ospedaliero-Universitaria Careggi; Vita-Salute San Raffaele University; Azienda Socio Sanitaria Territoriale degli Spedali Civili di Brescia; University of Modena and Reggio Emilia; Federico II University Hospital; Ospedale ""Santa Maria delle Croci"" di Ravenna; University of Turin; University of Naples Federico II; Azienda Unità Sanitaria Locale Della Romagna; University of L'Aquila; University of Campania ""Luigi Vanvitelli""",2024,48,True,https://link.springer.com/content/pdf/10.1007/s00415-024-12328-x.pdf,Journal of Neurology,en,"ChatGPT-authored responses provided higher empathy than neurologists. Although AI holds potential, physicians should prepare to interact with increasingly digitized patients and guide them on responsible AI use. Future development should consider tailoring AIs' responses to individual characteristics. Within the progressive digitalization of the population, ChatGPT could emerge as a helpful support in healthcare management rather than an alternative.",2026-03-23
yes,UDCLV,W4315482653,https://doi.org/10.1038/s41598-023-27697-y,Coronavirus covid-19 detection by means of explainable deep learning,Francesco Mercaldo; Maria Paola Belfiore; Alfonso Reginelli; Luca Brunese; Antonella Santone,"University of Molise; University of Campania ""Luigi Vanvitelli""",2023,43,True,https://www.nature.com/articles/s41598-023-27697-y.pdf,Scientific Reports,en,"The coronavirus is caused by the infection of the SARS-CoV-2 virus: it represents a complex and new condition, considering that until the end of December 2019 this virus was totally unknown to the international scientific community. The clinical management of patients with the coronavirus disease has undergone an evolution over the months, thanks to the increasing knowledge of the virus, symptoms and efficacy of the various therapies. Currently, however, there is no specific therapy for SARS-CoV-2 virus, know also as Coronavirus disease 19, and treatment is based on the symptoms of the patient taking into account the overall clinical picture. Furthermore, the test to identify whether a patient is affected by the virus is generally performed on sputum and the result is generally available within a few hours or days. Researches previously found that the biomedical imaging analysis is able to show signs of pneumonia. For this reason in this paper, with the aim of providing a fully automatic and faster diagnosis, we design and implement a method adopting deep learning for the novel coronavirus disease detection, starting from computed tomography medical images. The proposed approach is aimed to detect whether a computed tomography medical images is related to an healthy patient, to a patient with a pulmonary disease or to a patient affected with Coronavirus disease 19. In case the patient is marked by the proposed method as affected by the Coronavirus disease 19, the areas symptomatic of the Coronavirus disease 19 infection are automatically highlighted in the computed tomography medical images. We perform an experimental analysis to empirically demonstrate the effectiveness of the proposed approach, by considering medical images belonging from different institutions, with an average time for Coronavirus disease 19 detection of approximately 8.9 s and an accuracy equal to 0.95.",2026-03-23
yes,UDCLV,W4386329022,https://doi.org/10.37349/etat.2023.00160,Artificial intelligence ethics in precision oncology: balancing advancements in technology with patient privacy and autonomy,Bahareh Farasati Far,"Iran University of Science and Technology; University of Campania ""Luigi Vanvitelli""",2023,32,True,https://www.explorationpub.com/uploads/Article/A1002160/1002160.pdf,Exploration of Targeted Anti-tumor Therapy,en,"Precision oncology is a rapidly evolving field that uses advanced technologies to deliver personalized cancer care based on a patient's unique genetic and clinical profile. The use of artificial intelligence (AI) in precision oncology has shown great potential to improve diagnosis, treatment planning, and treatment outcomes. However, the integration of AI in precision oncology also raises important ethical considerations related to patient privacy, autonomy, and protection from bias. In this opinion paper, an overview is provided of previous studies that have explored the use of AI in precision oncology and the ethical considerations associated with this technology. The conclusions of these studies are compared, and the importance of approaching the use of AI in precision oncology with caution is emphasized. It is stressed that patient privacy, autonomy, and protection from bias should be made central to the development and use of AI in precision oncology. Clear guidelines and regulations must be established to ensure that AI is used ethically and for the benefit of patients. The use of AI in precision oncology has the potential to revolutionize cancer care, but it should be ensured that it striked a balance between advancements in technology and ethical considerations. In conclusion, the use of AI in precision oncology is a promising development that has the potential to improve cancer outcomes. However, ethical considerations related to patient privacy, autonomy, and protection from bias must be central to the development and use of AI in precision oncology.",2026-03-23
yes,UDCLV,W4392772216,https://doi.org/10.1186/s40494-024-01186-5,Advanced systems and technologies for the enhancement of user experience in cultural spaces: an overview,Sonia Capece; Camelia Chivăran; Giovanna Giugliano; Elena Laudante; Maria Laura Nappi; Mario Buono,"University of Campania ""Luigi Vanvitelli""",2024,26,True,https://heritagesciencejournal.springeropen.com/counter/pdf/10.1186/s40494-024-01186-5,Heritage Science,en,"Abstract Human–computer interaction, Artificial Intelligence, and the multilingualism of digital culture open up unexpected scenarios in the contemporary design of cultural spaces with the creation of artifacts in which the analogic and digital dimensions come together to enhance the experience. Sensors and devices track user movement in the real world and translate the inputs into commands through hand gestures, speech recognition, head movements, tangible interfaces, or a combination of these elements. Through theorical models, concepts and tools, the paper reports the evolution of “User Experience” applied to personalized enjoyment and use of cultural places. The functional-performance survey of tools and technologies for perception, narrative and augmented interaction revealed models that highlight the diversity and richness of tangible and intangible cultural heritage through new forms of interaction and knowledge transfer. In this direction, new technological tools make it possible to detect, track and evaluate the personalized user experience by processing or producing large amounts of data. Therefore, on one hand the paper explores the limitations dictated by data management and user privacy in using such systems and, on the other, it prefigures new scenarios for amplifying and personalizing the user experience.",2026-03-23
yes,UDCLV,W4409540874,https://doi.org/10.1186/s13244-025-01962-2,"Radiology AI and sustainability paradox: environmental, economic, and social dimensions",Burak Koçak; Andrea Ponsiglione; Valeria Romeo; Lorenzo Ugga; Merel Huisman; Renato Cuocolo,"Radboud University Nijmegen; Radboud University Medical Center; University of Salerno; University of Naples Federico II; University of Campania ""Luigi Vanvitelli""",2025,25,True,https://insightsimaging.springeropen.com/counter/pdf/10.1186/s13244-025-01962-2,Insights into Imaging,en,"Artificial intelligence (AI) is transforming radiology by improving diagnostic accuracy, streamlining workflows, and enhancing operational efficiency. However, these advancements come with significant sustainability challenges across environmental, economic, and social dimensions. AI systems, particularly deep learning models, require substantial computational resources, leading to high energy consumption, increased carbon emissions, and hardware waste. Data storage and cloud computing further exacerbate the environmental impact. Economically, the high costs of implementing AI tools often outweigh the demonstrated clinical benefits, raising concerns about their long-term viability and equity in healthcare systems. Socially, AI risks perpetuating healthcare disparities through biases in algorithms and unequal access to technology. On the other hand, AI has the potential to improve sustainability in healthcare by reducing low-value imaging, optimizing resource allocation, and improving energy efficiency in radiology departments. This review addresses the sustainability paradox of AI from a radiological perspective, exploring its environmental footprint, economic feasibility, and social implications. Strategies to mitigate these challenges are also discussed, alongside a call for action and directions for future research. CRITICAL RELEVANCE STATEMENT: By adopting an informed and holistic approach, the radiology community can ensure that AI's benefits are realized responsibly, balancing innovation with sustainability. This effort is essential to align technological advancements with environmental preservation, economic sustainability, and social equity. KEY POINTS: AI has an ambivalent potential, capable of both exacerbating global sustainability issues and offering increased productivity and accessibility. Addressing AI sustainability requires a broad perspective accounting for environmental impact, economic feasibility, and social implications. By embracing the duality of AI, the radiology community can adopt informed strategies at individual, institutional, and collective levels to maximize its benefits while minimizing negative impacts.",2026-03-23
yes,UDCLV,W4404584922,https://doi.org/10.3390/app142310802,"Clinical, Research, and Educational Applications of ChatGPT in Dentistry: A Narrative Review",Francesco Puleio; Giorgio Lo Giudice; Angela Mirea Bellocchio; Ciro Emiliano Boschetti; Roberto Lo Giudice,"University of Messina; University of Campania ""Luigi Vanvitelli""",2024,23,True,https://www.mdpi.com/2076-3417/14/23/10802/pdf?version=1732202214,Applied Sciences,en,"Artificial intelligence (AI), specifically Generative Pre-trained Transformer (GPT) technology, has revolutionized various fields, including medicine and dentistry. The AI model ChatGPT, developed by OpenAI, mimics human language on a large scale, generating coherent and contextually appropriate responses. ChatGPT serves as an auxiliary resource for diagnosis and decision-making across various medical disciplines. This comprehensive narrative review aims to explore how ChatGPT can assist the dental sector, highlighting its potential to enhance various aspects of the discipline. This review includes a literature search on the application of ChatGPT in dentistry, with a focus on the differences between the free version, ChatGPT 3.5, and the more advanced subscription-based version, ChatGPT 4. Specifically, ChatGPT has proven to be effective in enhancing user interaction, providing fast and accurate information and improving the accessibility of knowledge. However, despite these advantages, several limitations are identified, including concerns regarding the accuracy of responses in complex scenarios, ethical considerations surrounding its use, and the need for improved training to handle highly specialized queries. In conclusion, while ChatGPT offers numerous benefits in terms of efficiency and scalability, further research and development are needed to address these limitations, particularly in areas requiring greater precision, ethical oversight, and specialized expertise.",2026-03-23
yes,UDCLV,W4220973767,https://doi.org/10.3390/diagnostics12040796,Fluid Biomarkers in Alzheimer’s Disease and Other Neurodegenerative Disorders: Toward Integrative Diagnostic Frameworks and Tailored Treatments,Linda Giampietri; Elisabetta Belli; Maria Francesca Beatino; S Giannoni; Giovanni Palermo; Nicole Campese; Gloria Tognoni; Gabriele Siciliano; Roberto Ceravolo; Ciro De Luca; Filippo Baldacci,"Ospedale San Giuseppe; University of Pisa; University of Campania ""Luigi Vanvitelli""",2022,21,True,https://www.mdpi.com/2075-4418/12/4/796/pdf?version=1648112962,Diagnostics,en,"The diagnosis of neurodegenerative diseases (NDDs) represents an increasing social burden, with the unsolved issue of disease-modifying therapies (DMTs). The failure of clinical trials treating Alzheimer's Disease (AD) so far highlighted the need for a different approach in drug design and patient selection. Identifying subjects in the prodromal or early symptomatic phase is critical to slow down neurodegeneration, but the implementation of screening programs with this aim will have an ethical and social aftermath. Novel minimally invasive candidate biomarkers (derived from blood, saliva, olfactory brush) or classical cerebrospinal fluid (CSF) biomarkers have been developed in research settings to stratify patients with NDDs. Misfolded protein accumulation, neuroinflammation, and synaptic loss are the pathophysiological hallmarks detected by these biomarkers to refine diagnosis, prognosis, and target engagement of drugs in clinical trials. We reviewed fluid biomarkers of NDDs, considering their potential role as screening, diagnostic, or prognostic tool, and their present-day use in clinical trials (phase II and III). A special focus will be dedicated to novel techniques for the detection of misfolded proteins. Eventually, an applicative diagnostic algorithm will be proposed to translate the research data in clinical practice and select prodromal or early patients to be enrolled in the appropriate DMTs trials for NDDs.",2026-03-23
yes,UDCLV,W4386929116,https://doi.org/10.3390/bioengineering10091103,sEMG Spectral Analysis and Machine Learning Algorithms Are Able to Discriminate Biomechanical Risk Classes Associated with Manual Material Liftings,Leandro Donisi; Deborah Jacob; Lorena Guerrini; G. Prisco; Fabrizio Esposito; Mario Cesarelli; Francesco Amato; Paolo Gargiulo,"University of Sannio; Reykjavík University; University of Molise; University of Naples Federico II; National University Hospital of Iceland; University of Campania ""Luigi Vanvitelli""",2023,20,True,https://www.mdpi.com/2306-5354/10/9/1103/pdf?version=1695268136,Bioengineering,en,"Manual material handling and load lifting are activities that can cause work-related musculoskeletal disorders. For this reason, the National Institute for Occupational Safety and Health proposed an equation depending on the following parameters: intensity, duration, frequency, and geometric characteristics associated with the load lifting. In this paper, we explore the feasibility of several Machine Learning (ML) algorithms, fed with frequency-domain features extracted from electromyographic (EMG) signals of back muscles, to discriminate biomechanical risk classes defined by the Revised NIOSH Lifting Equation. The EMG signals of the multifidus and erector spinae muscles were acquired by means of a wearable device for surface EMG and then segmented to extract several frequency-domain features relating to the Total Power Spectrum of the EMG signal. These features were fed to several ML algorithms to assess their prediction power. The ML algorithms produced interesting results in the classification task, with the Support Vector Machine algorithm outperforming the others with accuracy and Area under the Receiver Operating Characteristic Curve values of up to 0.985. Moreover, a correlation between muscular fatigue and risky lifting activities was found. These results showed the feasibility of the proposed methodology-based on wearable sensors and artificial intelligence-to predict the biomechanical risk associated with load lifting. A future investigation on an enriched study population and additional lifting scenarios could confirm the potential of the proposed methodology and its applicability in the field of occupational ergonomics.",2026-03-23
yes,UDCLV,W4320917112,https://doi.org/10.3390/informatics10010024,Fan Fault Diagnosis Using Acoustic Emission and Deep Learning Methods,Giuseppe Ciaburro; P. Sankar; Yassine Maleh; Virginia Puyana‐Romero,"Universidad de Cádiz; Universidad de Las Américas; Hindustan Institute of Technology and Science; Université Sultan Moulay Slimane; University of Campania ""Luigi Vanvitelli""",2023,19,True,https://www.mdpi.com/2227-9709/10/1/24/pdf?version=1677138381,Informatics,en,"The modern conception of industrial production recognizes the increasingly crucial role of maintenance. Currently, maintenance is thought of as a service that aims to maintain the efficiency of equipment and systems while also taking quality, energy efficiency, and safety requirements into consideration. In this study, a new methodology for automating the fan maintenance procedures was developed. An approach based on the recording of the acoustic emission and the failure diagnosis using deep learning was evaluated for the detection of dust deposits on the blades of an axial fan. Two operating conditions have been foreseen: No-Fault, and Fault. In the No-Fault condition, the fan blades are perfectly clean while in the Fault condition, deposits of material have been artificially created. Utilizing a pre-trained network (SqueezeNet) built on the ImageNet dataset, the acquired data were used to build an algorithm based on convolutional neural networks (CNN). The transfer learning applied to the images of the spectrograms extracted from the recordings of the acoustic emission of the fan, in the two operating conditions, returned excellent results (accuracy = 0.95), confirming the excellent performance of the methodology.",2026-03-23
yes,UDCLV,W4392595776,https://doi.org/10.3390/diagnostics14060576,Capability of Machine Learning Algorithms to Classify Safe and Unsafe Postures during Weight Lifting Tasks Using Inertial Sensors,G. Prisco; Maria Romano; Fabrizio Esposito; Mario Cesarelli; Antonella Santone; Leandro Donisi; Francesco Amato,"University of Molise; University of Naples Federico II; University of Sannio; University of Campania ""Luigi Vanvitelli""",2024,18,True,https://www.mdpi.com/2075-4418/14/6/576/pdf?version=1709885896,Diagnostics,en,"Occupational ergonomics aims to optimize the work environment and to enhance both productivity and worker well-being. Work-related exposure assessment, such as lifting loads, is a crucial aspect of this discipline, as it involves the evaluation of physical stressors and their impact on workers' health and safety, in order to prevent the development of musculoskeletal pathologies. In this study, we explore the feasibility of machine learning (ML) algorithms, fed with time- and frequency-domain features extracted from inertial signals (linear acceleration and angular velocity), to automatically and accurately discriminate safe and unsafe postures during weight lifting tasks. The signals were acquired by means of one inertial measurement unit (IMU) placed on the sternums of 15 subjects, and subsequently segmented to extract several time- and frequency-domain features. A supervised dataset, including the extracted features, was used to feed several ML models and to assess their prediction power. Interesting results in terms of evaluation metrics for a binary safe/unsafe posture classification were obtained with the logistic regression algorithm, which outperformed the others, with accuracy and area under the receiver operating characteristic curve values of up to 96% and 99%, respectively. This result indicates the feasibility of the proposed methodology-based on a single inertial sensor and artificial intelligence-to discriminate safe/unsafe postures associated with load lifting activities. Future investigation in a wider study population and using additional lifting scenarios could confirm the potentiality of the proposed methodology, supporting its applicability in the occupational ergonomics field.",2026-03-23
yes,UDCLV,W1941819235,https://doi.org/10.1049/htl.2015.0012,Automatic classifier based on heart rate variability to identify fallers among hypertensive subjects,Paolo Melillo; Alan Jović; Nicola De Luca; Leandro Pecchia,"University of Zagreb; University of Warwick; University of Naples Federico II; University of Campania ""Luigi Vanvitelli""",2015,17,True,https://onlinelibrary.wiley.com/doi/pdfdirect/10.1049/htl.2015.0012,Healthcare Technology Letters,en,"Accidental falls are a major problem of later life. Different technologies to predict falls have been investigated, but with limited success, mainly because of low specificity due to a high false positive rate. This Letter presents an automatic classifier based on heart rate variability (HRV) analysis with the goal to identify fallers automatically. HRV was used in this study as it is considered a good estimator of autonomic nervous system (ANS) states, which are responsible, among other things, for human balance control. Nominal 24 h electrocardiogram recordings from 168 cardiac patients (age 72 ± 8 years, 60 female), of which 47 were fallers, were investigated. Linear and nonlinear HRV properties were analysed in 30 min excerpts. Different data mining approaches were adopted and their performances were compared with a subject-based receiver operating characteristic analysis. The best performance was achieved by a hybrid algorithm, RUSBoost, integrated with feature selection method based on principal component analysis, which achieved satisfactory specificity and accuracy (80 and 72%, respectively), but low sensitivity (51%). These results suggested that ANS states causing falls could be reliably detected, but also that not all the falls were due to ANS states.",2026-03-23
yes,UDCLV,W4387931474,https://doi.org/10.1007/s11547-023-01735-1,Artificial intelligence applied in acute ischemic stroke: from child to elderly,F Pacchiano; Mario Tortora; Sabrina Criscuolo; K. Jaber; Pasquale Acierno; Marta De Simone; Fabio Tortora; Francesco Briganti; Ferdinando Caranci,"Bambino Gesù Children's Hospital; Azienda Ospedaliera S.Giuseppe Moscati; Federico II University Hospital; Hochschule Bremen; University of Campania ""Luigi Vanvitelli""",2023,16,True,https://link.springer.com/content/pdf/10.1007/s11547-023-01735-1.pdf,La radiologia medica,en,"This review will summarize artificial intelligence developments in acute ischemic stroke in recent years and forecasts for the future. Stroke is a major healthcare concern due to its effects on the patient's quality of life and its dependence on the timing of the identification as well as the treatment. In recent years, attention increased on the use of artificial intelligence (AI) systems to help categorize, prognosis, and to channel these patients toward the right therapeutic procedure. Machine learning (ML) and in particular deep learning (DL) systems using convoluted neural networks (CNN) are becoming increasingly popular. Various studies over the years evaluated the use of these methods of analysis and prediction in the assessment of stroke patients, and at the same time, several applications and software have been developed to support the neuroradiologists and the stroke team to improve patient outcomes.",2026-03-23
yes,UDCLV,W4220694335,https://doi.org/10.9770/jesi.2022.9.3(21),Transition towards the artificial intelligence via re-engineering of digital platforms: comparing European Member States,Alfonso Marino; Paolo Pariso; Michele Picariello,"Azienda Ospedaliera Universitaria Università degli Studi della Campania Luigi Vanvitelli; University of Campania ""Luigi Vanvitelli""",2022,14,True,https://jssidoi.org/jesi/article/download/953,Journal of Entrepreneurship and Sustainability Issues,en,"The present study is directed at comparing the performances of the 27 European Member States in the period 2012 -2021 with the choice of assessing their improvement in the transition toward Artificial Intelligence. The study, opening from an analysis of the key factors with strategic rate in the countries' transition, is centered on society, law, physiology, and trust impacts. The valuation of the effects was evaluated by seeing forty -two official European Commission rapports in order to create a composite analysis and assessment of the state of the transition in Europe. The study pointed at understanding the degree of transition related to 27 European Member States in the realization of AI targets. The outcomes of the study highpoint that the transition, evaluated with the support of the composite analysis, is current with a different degree between the Member State and only some elements could be evaluated as suitable in the transition toward an artificial intelligence system in the Europe.",2026-03-23
yes,UDCLV,W4378190329,https://doi.org/10.1016/j.ijmedinf.2023.105110,"Artificial intelligence, big data and heart transplantation: Actualities",Vittorio Palmieri; Andrea Montisci; Maria Teresa Vietri; P.C. Colombo; Sílvia Carbonell Sala; Ciro Maiello; Enrico Coscioni; Francesco Donatelli; Claudio Napoli,"Ospedale Monaldi; Istituto Clinico Sant'Ambrogio; University of Brescia; University of Milan; Columbia University; Azienda Socio Sanitaria Territoriale degli Spedali Civili di Brescia; Ospedali Riuniti San Giovanni di Dio e Ruggi d'Aragona; University of Campania ""Luigi Vanvitelli""",2023,14,True,https://www.sciencedirect.com/science/article/pii/S1386505623001284,International Journal of Medical Informatics,en,"While AI-based prognostic and diagnostic functions performed better than those developed by traditional statistics, risk of bias, lack of external validation, and relatively poor applicability, may affect AI-based tools. More unbiased research with high quality BD meant for AI, transparency and external validations, are needed to have medical AI as a systematic aid to clinical decision making in HTx.",2026-03-23
yes,UDCLV,W4392923777,https://doi.org/10.3389/fdsfr.2024.1356405,Artificial intelligence for optimizing benefits and minimizing risks of pharmacological therapies: challenges and opportunities,Salvatore Crisafulli; Francesco Ciccimarra; Chiara Bellitto; Massimo Carollo; Elena Carrara; Lisa Stagi; Roberto Triola; Annalisa Capuano; Cristiano Chiamulera; Ugo Moretti; Eugenio Santoro; Alberto Eugenio Tozzi; Giuseppe Recchia; Gianluca Trifirò,"Bambino Gesù Children's Hospital; Roche (Italy); Mario Negri Institute for Pharmacological Research; Istituti di Ricovero e Cura a Carattere Scientifico; University of Verona; University of Campania ""Luigi Vanvitelli""",2024,14,True,https://www.frontiersin.org/articles/10.3389/fdsfr.2024.1356405/pdf?isPublishedV2=False,Frontiers in Drug Safety and Regulation,en,"In recent years, there has been an exponential increase in the generation and accessibility of electronic healthcare data, often referred to as ""real-world data"". The landscape of data sources has significantly expanded to encompass traditional databases and newer sources such as the social media, wearables, and mobile devices. Advances in information technology, along with the growth in computational power and the evolution of analytical methods relying on bioinformatic tools and/or artificial intelligence techniques, have enhanced the potential for utilizing this data to generate real-world evidence and improve clinical practice. Indeed, these innovative analytical approaches enable the screening and analysis of large amounts of data to rapidly generate evidence. As such numerous practical uses of artificial intelligence in medicine have been successfully investigated for image processing, disease diagnosis and prediction, as well as the management of pharmacological treatments, thus highlighting the need to educate health professionals on these emerging approaches. This narrative review provides an overview of the foremost opportunities and challenges presented by artificial intelligence in pharmacology, and specifically concerning the drug post-marketing safety evaluation.",2026-03-23
yes,UDCLV,W4386161265,https://doi.org/10.3390/medicina59091544,Future Directions in the Assessment of Axillary Lymph Nodes in Patients with Breast Cancer,Filippo Pesapane; Luciano Inácio Mariano; Francesca Magnoni; Anna Rotili; Davide Pupo; Luca Nicosia; Anna Carla Bozzini; Silvia Penco; Antuono Latronico; Maria Pizzamiglio; Giovanni Corso; Enrico Cassano,"University of Campania ""Luigi Vanvitelli""; University of Milan; Azienda Ospedaliera Citta' della Salute e della Scienza di Torino; European Institute of Oncology",2023,13,True,https://www.mdpi.com/1648-9144/59/9/1544/pdf?version=1692965554,Medicina,en,"<i>Background and Objectives</i>: Breast cancer (BC) is a leading cause of morbidity and mortality worldwide, and accurate assessment of axillary lymph nodes (ALNs) is crucial for patient management and outcomes. We aim to summarize the current state of ALN assessment techniques in BC and provide insights into future directions. <i>Materials and Methods</i>: This review discusses various imaging techniques used for ALN evaluation, including ultrasound, computed tomography, magnetic resonance imaging, and positron emission tomography. It highlights advancements in these techniques and their potential to improve diagnostic accuracy. The review also examines landmark clinical trials that have influenced axillary management, such as the Z0011 trial and the IBCSG 23-01 trial. The role of artificial intelligence (AI), specifically deep learning algorithms, in improving ALN assessment is examined. <i>Results</i>: The review outlines the key findings of these trials, which demonstrated the feasibility of avoiding axillary lymph node dissection (ALND) in certain patient populations with low sentinel lymph node (SLN) burden. It also discusses ongoing trials, including the SOUND trial, which investigates the use of axillary ultrasound to identify patients who can safely avoid sentinel lymph node biopsy (SLNB). Furthermore, the potential of emerging techniques and the integration of AI in enhancing ALN assessment accuracy are presented. <i>Conclusions</i>: The review concludes that advancements in ALN assessment techniques have the potential to improve patient outcomes by reducing surgical complications while maintaining accurate disease staging. However, challenges such as standardization of imaging protocols and interpretation criteria need to be addressed. Future research should focus on large-scale clinical trials to validate emerging techniques and establish their efficacy and cost-effectiveness. Over-all, this review provides valuable insights into the current status and future directions of ALN assessment in BC, highlighting opportunities for improving patient care.",2026-03-23
yes,UDCLV,W4403968920,https://doi.org/10.3390/jcm13216559,"Unveiling Artificial Intelligence’s Power: Precision, Personalization, and Progress in Rheumatology",Gianluca Mondillo; Simone Colosimo; Alessandra Perrotta; Vittoria Frattolillo; Maria Francesca Gicchino,"University of Campania ""Luigi Vanvitelli""",2024,12,True,https://www.mdpi.com/2077-0383/13/21/6559/pdf?version=1730370523,Journal of Clinical Medicine,en,"This review examines the increasing use of artificial intelligence (AI) in rheumatology, focusing on its potential impact in key areas. AI, including machine learning (ML) and deep learning (DL), is revolutionizing diagnosis, treatment personalization, and prognosis prediction in rheumatologic diseases. Specifically, AI models based on convolutional neural networks (CNNs) demonstrate significant efficacy in analyzing medical images for disease classification and severity assessment. Predictive AI models also have the ability to forecast disease trajectories and treatment responses, enabling more informed clinical decisions. The role of wearable devices and mobile applications in continuous disease monitoring is discussed, although their effectiveness varies across studies. Despite existing challenges, such as data privacy concerns and issues of model generalizability, the compelling results highlight the transformative potential of AI in rheumatologic disease management. As AI technologies continue to evolve, further research will be essential to address these challenges and fully harness the potential of AI to improve patient outcomes in rheumatology.",2026-03-23
yes,UDCLV,W4404926118,https://doi.org/10.3390/asi7060121,"eXplainable Artificial Intelligence in Process Engineering: Promises, Facts, and Current Limitations",Luigi Piero Di Bonito; Lelio Campanile; Francesco Di Natale; Michele Mastroianni; Mauro Iacono,"University of Foggia; University of Naples Federico II; University of Campania ""Luigi Vanvitelli""",2024,10,True,https://www.mdpi.com/2571-5577/7/6/121/pdf?version=1732971475,Applied System Innovation,en,"Artificial Intelligence (AI) has been swiftly incorporated into the industry to become a part of both customer services and manufacturing operations. To effectively address the ethical issues now being examined by the government, AI models must be explainable in order to be used in both scientific and societal contexts. The current state of eXplainable artificial intelligence (XAI) in process engineering is examined in this study through a systematic literature review (SLR), with particular attention paid to the technology’s effect, degree of adoption, and potential to improve process and product quality. Due to restricted access to sizable, reliable datasets, XAI research in process engineering is still primarily exploratory or propositional, despite noteworthy applicability in well-known case studies. According to our research, XAI is becoming more and more positioned as a tool for decision support, with a focus on robustness and dependability in process optimization, maintenance, and quality assurance. This study, however, emphasizes that the use of XAI in process engineering is still in its early stages, and there is significant potential for methodological development and wider use across technical domains.",2026-03-23
yes,UDCLV,W4404756410,https://doi.org/10.3390/brainsci14121196,Decoding Schizophrenia: How AI-Enhanced fMRI Unlocks New Pathways for Precision Psychiatry,Valeria Di Stefano; Martina D’Angelo; Francesco Monaco; Annarita Vignapiano; Vassilis Martiadis; Eugenia Barone; Michele Fornaro; Luca Steardo; Marco Solmi; Mirko Manchia; Luca Steardo,"Dalhousie University; University of Cagliari; Sapienza University of Rome; ASL Roma; Magna Graecia University; University of Salerno; European Biomedical Research Institute of Salerno; Giustino Fortunato University; Charité - Universitätsmedizin Berlin; University of Naples Federico II; Ottawa Hospital; University of Ottawa; University of Campania ""Luigi Vanvitelli""",2024,8,True,https://www.mdpi.com/2076-3425/14/12/1196/pdf?version=1732785455,Brain Sciences,en,"Schizophrenia, a highly complex psychiatric disorder, presents significant challenges in diagnosis and treatment due to its multifaceted neurobiological underpinnings. Recent advancements in functional magnetic resonance imaging (fMRI) and artificial intelligence (AI) have revolutionized the understanding and management of this condition. This manuscript explores how the integration of these technologies has unveiled key insights into schizophrenia's structural and functional neural anomalies. fMRI research highlights disruptions in crucial brain regions like the prefrontal cortex and hippocampus, alongside impaired connectivity within networks such as the default mode network (DMN). These alterations correlate with the cognitive deficits and emotional dysregulation characteristic of schizophrenia. AI techniques, including machine learning (ML) and deep learning (DL), have enhanced the detection and analysis of these complex patterns, surpassing traditional methods in precision. Algorithms such as support vector machines (SVMs) and Vision Transformers (ViTs) have proven particularly effective in identifying biomarkers and aiding early diagnosis. Despite these advancements, challenges such as variability in methodologies and the disorder's heterogeneity persist, necessitating large-scale, collaborative studies for clinical translation. Moreover, ethical considerations surrounding data integrity, algorithmic transparency, and patient individuality must guide AI's integration into psychiatry. Looking ahead, AI-augmented fMRI holds promise for tailoring personalized interventions, addressing unique neural dysfunctions, and improving therapeutic outcomes for individuals with schizophrenia. This convergence of neuroimaging and computational innovation heralds a transformative era in precision psychiatry.",2026-03-23
yes,UDCLV,W4400687382,https://doi.org/10.1038/s41598-024-63212-7,At-admission prediction of mortality and pulmonary embolism in an international cohort of hospitalised patients with COVID-19 using statistical and machine learning methods,Munib Mesinovic; Xin Ci Wong; Giri Shan Rajahram; Barbara Wanjiru Citarella; Kalaiarasu M. Peariasamy; Frank van Someren Greve; Piero Olliaro; Laura Merson; Lei Clifton; Christiana Kartsonaki; Sheryl Ann Abdukahil; Nurul Najmee Abdulkadir; Ryuzo Abe; Laurent Abel; Amal Abrous; Lara Absil; Andrew Acker; Shingo Adachi; Elisabeth Adam; Enrico Adriano; Diana Adrião; Saleh Al Ageel; Shakeel Ahmed; Marina Aiello; Kate Ainscough; Eka Airlangga; Tharwat Aisa; Ali Ait Hssain; Younes Ait Tamlihat; Takako Akimoto; Ernita Akmal; Eman Al Qasim; Razi Alalqam; Angela Alberti; Tala Al-dabbous; Senthilkumar Alegesan; Cynthia Alegre; Marta Alessi; Beatrice Alex; Kévin Alexandre; Abdulrahman Al‐Fares; Huda Alfoudri; Adam Ali; Imran Ali; Kazali Enagnon Alidjnou; Jeffrey Aliudin; Qabas Alkhafajee; Clotilde Allavena; Nathalie Allou; João Alves; João Alves; Rita Vieira Alves; Joana Alves Cabrita; Maria Esméria Corezola do Amaral; Nur Amira; Heidi Ammerlaan; Phoebe Ampaw; Roberto Andini; Claire Andréjak; Andrea Angheben; François Angoulvant; Séverine Ansart; Sivanesen Anthonidass; Massimo Antonelli; Carlos Alexandre Antunes de Brito; Kazi Rubayet Anwar; Ardiyan Apriyana; Yaseen M. Arabi; Irene Aragão; Francisco Arancibia; Carolline Araujo; Antonio Arcadipane; Patrick Archambault; Lukas Arenz; Jean‐Benoît Arlet; Christel Arnold-Day; Lovkesh Arora; Rakesh C. Arora; Élise Artaud-Macari; Diptesh Aryal; Motohiro Asaki; Ángel Asensio; Elizabeth A. Ashley; Muhammad Ashraf; Jean‐Baptiste Assié; Amirul Asyraf; Anika Atique; AM Udara Lakshan Attanyake; Johann Auchabie; Hugues Aumaître; Adrien Auvet; Laurène Azemar; Cécile Azoulay; Benjamin Bach; Delphine Bachelet; C. Badr; Nadia Baig; J. Kenneth Baillie; J. Kevin Baird; Erica Bak,"Fundação Oswaldo Cruz; Ministry of Health; Amiri Hospital; Hôpital Intercommunal de Créteil; Assistance Publique – Hôpitaux de Paris; Surin Hospital; Hospital Curry Cabral; St Bernard's Hospital; Hospital Sungai Buloh; King Faisal Specialist Hospital & Research Centre; Centre Hospitalier Régional Universitaire de Brest; University of Oxford; Vall d'Hebron Hospital Universitari; Radboud University Nijmegen; Hospital Kuala Lumpur; Chiba University Hospital; Beaumont Hospital; King Abdulaziz Medical City; Centre intégré de santé et de services sociaux de Chaudière-Appalaches; Hospital Universitario Puerta de Hierro Majadahonda; Centre Hospitalier de Lens; Centre Hospitalier de Perpignan; Groote Schuur Hospital; National Institute of Cardiovascular Diseases; Erasmus Hospital; Centro Hospitalar de Vila Nova de Gaia; Sligo University Hospital; Instituto Nacional del Tórax; University Hospital Kerry; LMU Klinikum; University of Pennsylvania; Rush University Medical Center; Centre Hospitalier Universitaire de Lille; Centro Hospitalar do Porto; Catharina Ziekenhuis; Hôpital Lariboisière; Centre Hospitalier Intercommunal de Villeneuve-Saint-Georges; Istituto Mediterraneo per i Trapianti e Terapie ad Alta Specializzazione; Centre Hospitalier Universitaire Amiens-Picardie; National Guard Health Affairs; Inserm; University Hospital Galway; Ludwig-Maximilians-Universität München; Centre Hospitalier Sainte-Anne; McGill University Health Centre; Hospital de São José; University of Parma; Université de Rouen Normandie; Agostino Gemelli University Polyclinic; Teine Keijinkai Hospital; Northwell Health; Hôpital Européen Georges-Pompidou; Centre Hospitalier Universitaire de Rouen; Our Lady of Lourdes Hospital; Centre Hospitalier Universitaire de Nantes; Azienda Ospedaliera Universitaria Policlinico ""Paolo Giaccone"" di Palermo; Lao-Oxford-Mahosot Hospital-Wellcome Trust Research Unit; Amsterdam University Medical Centers; Hamad General Hospital; Queen Elizabeth Hospital; Adan Hospital; Fujieda Municipal General Hospital; Goethe University Frankfurt; Hospitais da Universidade de Coimbra; Ospedale Sacro Cuore Don Calabria; Ottawa Hospital; Hôpital Cochin; St. Boniface Hospital; University Hospital Frankfurt; University of Edinburgh; University of Iowa; St. Vincent's University Hospital; Roslin Institute; University of Campania ""Luigi Vanvitelli""",2024,7,True,https://www.nature.com/articles/s41598-024-63212-7.pdf,Scientific Reports,en,"By September 2022, more than 600 million cases of SARS-CoV-2 infection have been reported globally, resulting in over 6.5 million deaths. COVID-19 mortality risk estimators are often, however, developed with small unrepresentative samples and with methodological limitations. It is highly important to develop predictive tools for pulmonary embolism (PE) in COVID-19 patients as one of the most severe preventable complications of COVID-19. Early recognition can help provide life-saving targeted anti-coagulation therapy right at admission. Using a dataset of more than 800,000 COVID-19 patients from an international cohort, we propose a cost-sensitive gradient-boosted machine learning model that predicts occurrence of PE and death at admission. Logistic regression, Cox proportional hazards models, and Shapley values were used to identify key predictors for PE and death. Our prediction model had a test AUROC of 75.9% and 74.2%, and sensitivities of 67.5% and 72.7% for PE and all-cause mortality respectively on a highly diverse and held-out test set. The PE prediction model was also evaluated on patients in UK and Spain separately with test results of 74.5% AUROC, 63.5% sensitivity and 78.9% AUROC, 95.7% sensitivity. Age, sex, region of admission, comorbidities (chronic cardiac and pulmonary disease, dementia, diabetes, hypertension, cancer, obesity, smoking), and symptoms (any, confusion, chest pain, fatigue, headache, fever, muscle or joint pain, shortness of breath) were the most important clinical predictors at admission. Age, overall presence of symptoms, shortness of breath, and hypertension were found to be key predictors for PE using our extreme gradient boosted model. This analysis based on the, until now, largest global dataset for this set of problems can inform hospital prioritisation policy and guide long term clinical research and decision-making for COVID-19 patients globally. Our machine learning model developed from an international cohort can serve to better regulate hospital risk prioritisation of at-risk patients.",2026-03-23
yes,UDCLV,W4405833917,https://doi.org/10.1007/s00406-024-01944-3,"A stratified treatment algorithm in psychiatry: a program on stratified pharmacogenomics in severe mental illness (Psych-STRATA): concept, objectives and methodologies of a multidisciplinary project funded by Horizon Europe",Bernhard T. Baune; Sarah E. Fromme; Mikael Åberg; Mazda Adli; Antreas Afantitis; Ibrahim A. Akkouh; Ole A. Andreassen; Cecilio Ángulo; Sergio Barlati; Claudio Brasso; Paola Bucci; Monika Budde; Pichit Buspavanich; V. Cavone; Koen Demyttenaere; Covadonga M. Díaz‐Caneja; Mara Dierssen; Srdjan Djurovic; Martin Drießen; Ulrich Ebner‐Priemer; Jan Engelmann; Susanne Englisch; Chiara Fabbri; Philippe Fossati; Holger Fröhlich; Simone Gasser; Nora Gottlieb; Elke Heirman; A. Hofer; Oliver Howes; Lídia Ilzarbe; Haang Jeung-Maarse; Lars Vedel Kessing; Tobias D. Kockler; Mikael Landén; Linda Levi; Klaus Lieb; Nicola Lorenzón; Jurjen J. Luykx; Mirko Manchia; María Martínez de Lagrán; Alessandra Minelli; Carmen Moreno; Armida Mucci; Bertram Müller‐Myhsok; Peter Nilsson; Cynthia Okhuijsen‐Pfeifer; Konstantinos D. Papavasileiou; Sergi Papiol; Antonio F. Pardiñas; Pasquale Paribello; Claudia Pisanu; Marie‐Claude Potier; Andreas Reif; Roland Ricken; Stephan Ripke; Paola Rocca; Daniela Scherrer; C. Schiweck; Klaus Oliver Schubert; Thomas G. Schulze; Alessandro Serretti; Alessio Squassina; Christoph Stephan; Andreas Tsoumanis; Erik Van der Eycken; Eduard Vieta; Antonio Vita; James Walters; D. Weichert; M. Weiser; Isabella Willcocks; Inge Winter-van Rossum; Allan H. Young; Michael J. Ziller,"University of Bologna; University Psychiatric Hospital; KU Leuven; Maastricht University; Medizinische Hochschule Brandenburg Theodor Fontane; Centro de Investigación Biomédica en Red de Salud Mental; Charité - Universitätsmedizin Berlin; Hospital Del Mar; Assistance Publique – Hôpitaux de Paris; Tel Aviv University; Max Planck Institute of Psychiatry; Cardiff University; University of Brescia; Fraunhofer Institute for Algorithms and Scientific Computing; Centro San Giovanni di Dio Fatebenefratelli; Universitat Pompeu Fabra; Institut du Cerveau; Bonn Aachen International Center for Information Technology; Technological Educational Institute of Piraeus; Karlsruhe Institute of Technology; University Medical Center of the Johannes Gutenberg University Mainz; University of Cagliari; Sorbonne Université; The University of Adelaide; DRK Kliniken Berlin; University of Oslo; Instituto de Salud Carlos III; Hospital General Universitario Gregorio Marañón; Evangelisches Krankenhaus Bielefeld; Innsbruck Medical University; University Medical Center Utrecht; GGZ inGeest; Geneva College; Universitat de Barcelona; Azienda Socio Sanitaria Territoriale degli Spedali Civili di Brescia; Dalhousie University; University of Copenhagen; SA Health; University of Münster; Consorci Institut D'Investigacions Biomediques August Pi I Sunyer; Bielefeld University; Inserm; University of Bonn; Johannes Gutenberg University Mainz; Oslo University Hospital; Pitié-Salpêtrière Hospital; Universität Innsbruck; University of Turin; Augenstern; KTH Royal Institute of Technology; Hospital Clínic de Barcelona; University Hospital Heidelberg; Central Institute of Mental Health; Università degli Studi di Enna Kore; Uppsala University; King's College London; Amsterdam University Medical Centers; University Hospital Frankfurt; Florey Institute of Neuroscience and Mental Health; Heidelberg University; Goethe University Frankfurt; Science for Life Laboratory; University of Gothenburg; University of Bern; Centre for Genomic Regulation; Sheba Medical Center; The University of Melbourne; Centre National de la Recherche Scientifique; University of Campania ""Luigi Vanvitelli""",2024,7,True,https://link.springer.com/content/pdf/10.1007/s00406-024-01944-3.pdf,European Archives of Psychiatry and Clinical Neuroscience,en,"Schizophrenia (SCZ), bipolar (BD) and major depression disorder (MDD) are severe psychiatric disorders that are challenging to treat, often leading to treatment resistance (TR). It is crucial to develop effective methods to identify and treat patients at risk of TR at an early stage in a personalized manner, considering their biological basis, their clinical and psychosocial characteristics. Effective translation of theoretical knowledge into clinical practice is essential for achieving this goal. The Psych-STRATA consortium addresses this research gap through a seven-step approach. First, transdiagnostic biosignatures of SCZ, BD and MDD are identified by GWAS and multi-modal omics signatures associated with treatment outcome and TR (steps 1 and 2). In a next step (step 3), a randomized controlled intervention study is conducted to test the efficacy and safety of an early intensified pharmacological treatment. Following this RCT, a combined clinical and omics-based algorithm will be developed to estimate the risk for TR. This algorithm-based tool will be designed for early detection and management of TR (step 4). This algorithm will then be implemented into a framework of shared treatment decision-making with a novel mental health board (step 5). The final focus of the project is based on patient empowerment, dissemination and education (step 6) as well as the development of a software for fast, effective and individualized treatment decisions (step 7). The project has the potential to change the current trial and error treatment approach towards an evidence-based individualized treatment setting that takes TR risk into account at an early stage.",2026-03-23
yes,UDCLV,W4200126518,https://doi.org/10.3389/falgy.2021.732909,"Pharmacological, Technological, and Digital Innovative Aspects in Rhinology",Rosanna Ruggiero; Giovanni Motta; Giuseppe Massaro; Concetta Rafaniello; Alberto Della Corte; Antonella De Angelis; Annalisa Capuano; Gaetano Motta; Francesco Rossi,"Regione Campania; University of Campania ""Luigi Vanvitelli""",2021,6,True,https://www.frontiersin.org/articles/10.3389/falgy.2021.732909/pdf,Frontiers in Allergy,en,"Innovation refers to the introduction of a product, a process, a service or a solution resulting in something new or significantly improved compared to the already available alternatives. In the clinical context, it is strictly related to the identification of a new added value in terms of quality, therapeutic efficacy and safety. Over the years several innovative approaches have been introduced in the clinical practice, revolutionizing the treatment and the management of important rhinologic conditions. Innovative tools, including new drugs, biomaterials, and mobile applications seem to be able to improve the clinical outcomes and the quality of life of many patients affected by (often relapsing) rhinologic diseases. Among the main modern pharmacological innovations, mention must be made of the biological drugs like monoclonal antibodies (mAbs). Recently, new mAbs have been introduced and investigated as useful arms in the treatment of some inflammatory/infectious or oncological diseases affecting the nasal cavities and paranasal sinuses. The already approved or still investigated mAbs work inhibiting different type 2 inflammation pathways, including those mediated by IgE (omalizumab), IL-4/IL-13 (dupilumab), and IL-5 (mepolizumab). Moreover, considering the higher expression of PD-L1 in nasopharyngeal carcinoma, the use of PD-1 inhibitors, such as nivolumab, or a dual CTLA-4/PD-1 blockade (ipilimumab plus nivolumab) appear to be an effective strategy for the treatment of this cancer form. The implants with bio-absorbable biomaterials represent new interesting available technological innovations. Moreover, advanced technologies such as the artificial intelligence, the machine learning as well as the augmented or virtual reality have also proved useful in rhinologic field with main impacts on precision medicine and surgery. Finally, the development and use of mobile-Health tools represent a winning strategy in monitoring of the therapy success, safety and tolerability as well as the progress of chronic disease including chronic rhinosinusitis with nasal polyps. Supporting the research of innovative tools and strategies (including pharmacological, technologic, or digital ones) is essential to improve the management of chronic diseases that significantly affect the patients' quality of life.",2026-03-23
yes,UDCLV,W4405602662,https://doi.org/10.3389/fmed.2024.1514741,Bridging the gap in AI integration: enhancing clinician education and establishing pharmaceutical-level regulation for ethical healthcare,Alessandro Perrella; Francesca Futura Bernardi; Massimo Bisogno; Ugo Trama,"Ospedale D. Cotugno; Regione Campania; University of Campania ""Luigi Vanvitelli""",2024,5,True,https://www.frontiersin.org/journals/medicine/articles/10.3389/fmed.2024.1514741/pdf,Frontiers in Medicine,en,"Recently the role of AI in healthcare has been deeply studied and discussed in scientific literature. Promising applications of artificial intelligence and machine learning (AI/ML) are revolutionizing both clinical and administrative domains, with significant advancements demonstrated in drug discovery, precise analysis and interpretation of radiological images, early and accurate sepsis detection, ePicient hospital resource management, automated documentation of clinical encounters and decision support system (DSS). These use cases underscore the immense potential of AI/ML to enhance ePiciency, accuracy, and outcomes across the healthcare spectrum (1). However a very recent article raises essential considerations about the adoption and regulation of AI in clinical settings (2). Therefore the integration of Artificial Intelligence (AI) in healthcare presents numerous opportunities and challenges. Conversely, there is a significant gap between clinician education regarding AI and the regulatory measures necessary for ethical deployment. To address this gap ePectively, a structured, organized approach must be followed, encompassing clearly defined steps for both the education of clinicians and the establishment of rigorous regulatory frameworks. This paper argues that bridging this gap requires a dual approach: enhancing clinicians&#39; understanding of AI technologies and treating AI systems as rigorously as pharmaceuticals through strict regulatory processes. By doing so, we can foster ethical and ePective AI integration into clinical practice, ensuring patient safety and better healthcare outcomes. Here, we outline four key considerations that should guide the planning and regulation of AI integration in healthcare.Looking at the current clinical practice in healthcare according to the increase diPusion of AI is arguable the knowledge of physician about this new technology. In fact despite the increasing prevalence of AI in healthcare, many clinicians remain inadequately educated about what AI entails, its limitations and its implications too (1). Given that clinicians play a central role in patient care, a comprehensive AI education program should be a priority. Education initiatives should focus not only on how AI systems operate but also on how their regulatory framework should move on as for pharmaceuticals. This lack of understanding represents a significant barrier to the responsible adoption of AI technologies in clinical practice. To ePectively bridge this gap, clinician education must cover both technical and ethical aspects of AI and should be part of medical degree course as well. A deeper understanding of the processes involved in validating AI tools can empower clinicians to participate meaningfully in discussions about the safety and ePicacy of these systems. By building a foundational knowledge of AI, clinicians will be better prepared to evaluate and use AI tools within an ethical context and advocate for appropriate use and safety measures (3). This approach could be compared to that currently used to improve clinical or healthcare activity against antimicrobial resistance (AMR) or as for antimicrobial stewardship (4)Legal and ethical education must be extended beyond decision-makers and regulators to the clinicians who interact directly with AI systems. For clinicians to use AI responsibly, they must understand the legal implications, such as data privacy, accountability, and the ethical risks of biases (5-7). The recent European Union Artificial Intelligence Act lays out a regulatory framework for AI; however, this information is not often communicated to those on the front lines of healthcare (3). Educating clinicians about such regulatory initiatives is crucial to align their practical use of AI with ethical guidelines (5). As they navigate the clinical environment, an understanding of legal parameters will help them mitigate risks and ensure that AI integration prioritizes patient safety and respects privacy rights.There is a growing consensus that AI systems used in healthcare should be regulated in a manner similar to pharmaceuticals. Just as pharmaceuticals undergo a series of clinical trials to evaluate safety, ePicacy, and ethical considerations, AI technologies should also follow rigorous validation processes before widespread implementation.• Phases of Testing: AI could adopt phases similar to drug development-preclinical (testing in controlled environments), Phase I (safety in small clinical settings), Phase II (ePicacy trials), and Phase III (large-scale clinical testing). This structure would ensure that AI is tested for both safety and ePectiveness in diverse, real-world environments.• Classification: Ai tools could be classified as drugs according to a system like ATC. For instance according to the type of AI tools type (drug discovery, precise analysis and interpretation of analysis, decision support system (DSS)) we could give them a code and a related regulatory activity.• Risk Assessments: Like drugs, AI must undergo thorough risk assessments, which include evaluating potential biases, unintended outcomes, and ethical implications.• Regulatory Oversight: A dedicated regulatory agency-potentially within the European Medicines Agency (EMA)-should combine expertise from both medical and engineering domains. This mixed approach would ensure a balanced evaluation of both the medical ePicacy and technical performance of AI tools.Finally, as in pharmaceuticals, AI systems should come with comprehensive documentation, including a &quot;Summary of Product Characteristics&quot; and &quot;Package Leaflet&quot; that outlines their intended use, limitations, and instructions for safe implementation. This approach will standardize AI information, enabling healthcare providers to make informed decisions based on clear guidance (8).However the two frameworks Pharmaceuticals and AI have some substantial diPerences (table). In fact, while for innovative drug the time required to be approved tor clinical use is usually 9.1 years (9) AI technologies have shorter development cycles compared to traditional drug due to iterative model improvements and less dependency on long-term biological testing. This rapid pace requires an expedited but still rigorous framework for validation and deployment. Unlike drugs, AI tools benefit from iterative deployment, allowing for updates and enhancements after initial deployment based on real-world performance and user feedback, which means ongoing evaluation is critical. AI tools also oPer significant advantages in scalability and adaptability. They can rapidly scale across diverse clinical environments and adjust to new datasets as they become available, setting them apart from more static pharmacological solutions. Therefore AI should be managed and regulated as a Drug but according to a Phase of Testing, Risk Assessment and Regulatory Oversight being based to on specific tools for AI (10) (Figure 1).Fixed chemical or biological entity, formula remains constant throughout.Iterative, data-driven models that evolve with new data and retraining.Static population and fixed protocols in controlled trials.Dynamic testing, adapting to real-world scenarios and diverse populations.Single approval process with fixed guidelines for use.Continuous deployment with ongoing validation, monitoring, and updates.Linear, phase-based evaluation (preclinical to post-marketing).Cyclical, iterative evaluation requiring periodic reassessments and real-time monitoring.Direct physiological or biochemical impact on patients.Indirect influence through decision-making, workflow optimization, and recommendations.Specific adverse effects, often localized to the drug.Systematic risks like bias amplification, incorrect predictions, or workflow disruption.Fixed lifecycle, with few post-market changes.Continuous lifecycle, requiring retraining, updates, and adaptation to new contexts.Efficacy and safety measured against standard endpoints in trials.Performance measured by accuracy, precision, recall, and real-world outcome improvements.Post-marketing surveillance for adverse effects.Continuous monitoring with feedback loops and performance optimization.Limited after initial trials (patient compliance is key).High, with human-in-the-loop design during development, deployment, and monitoring.Figure shows diPerence in frameworks of Drugs and AI development with several diPerences that highlight the need to find for AI quick as secure system for validation and deployment.While the commercialization of AI in healthcare is inevitable, ethical standards must not be compromised for economic gain. Proper governance, including stringent oversight by a mixed medical-engineering regulatory body, will ensure that AI systems adhere to healthcare&#39;s core ethical principles. Regulatory frameworks must ensure that economic motivations should drive innovation but must always be secondary to patient safety, quality of care, and ethical obligations. This balance will foster trust in AI technologies among both clinicians and patients (11).Artificial intelligence (AI) offers immense potential to transform healthcare, from improving patient outcomes to enhancing clinical workflows and driving medical innovation. However, its successful integration into healthcare requires overcoming several key challenges, including gaps in clinician education, the need for ethical governance, and the absence of tailored regulatory frameworks. This paper argues for regulating AI with the same rigor as pharmaceuticals, incorporating validation phases, risk assessments, and detailed documentation, while adapting these processes to AI&#39;s fast and iterative development cycles.A critical first step is educating clinicians about AI. Many healthcare professionals lack a clear understanding of how AI systems work, their limitations, and the ethical and legal issues they raise.Comprehensive training programs are needed to build this knowledge. Such education should focus not only on technical aspects but also on teaching clinicians how to assess AI tools for safety, effectiveness, and ethical implications. This would empower clinicians to confidently use AI in their practice, ensuring that its benefits are fully realized while safeguarding patient trust.Equally important is the development of regulatory frameworks that match AI&#39;s unique characteristics.Unlike pharmaceuticals, which follow a linear path from development to deployment, AI evolves continuously. Regulations must therefore balance rapid innovation with robust oversight, ensuring AI systems are safe, effective, and free from bias. This approach requires collaboration between healthcare professionals, technology developers, and regulators to create guidelines that are both practical and ethical.Economic pressures should not overshadow the ethical responsibilities involved in AI integration.While commercialization drives innovation, patient safety and quality of care must always come first.By fostering partnerships between industry and healthcare that prioritize ethical principles, we can build trust in AI technologies and their use in clinical practice.To address these challenges, the following steps should guide AI integration:1. Establish clear and practical processes for validating and monitoring AI systems, drawing inspiration from pharmaceutical regulation but tailoring these to AI&#39;s specific needs.2. Develop accessible training programs for clinicians, focusing on building their confidence and competence in using AI tools.3. Support pilot projects and real-world case studies to demonstrate how AI can be safely and effectively used in different healthcare settings.By taking this structured and adaptive approach, we can bridge the current gaps in AI integration. This will ensure that AI evolves responsibly, supporting healthcare providers and benefiting patients while maintaining the highest ethical standards. Ultimately, this balanced strategy will enable AI to fulfill its promise of transforming healthcare in a way that is safe, effective, and equitable. (12,13).",2026-03-23
yes,UDCLV,W4313409498,https://doi.org/10.3390/info14010021,Explainabilty Comparison between Random Forests and Neural Networks—Case Study of Amino Acid Volume Prediction,Roberta De Fazio; Rosy Di Giovannantonio; Emanuele Bellini; S. Marrone,"Roma Tre University; University of Campania ""Luigi Vanvitelli""",2022,4,True,https://www.mdpi.com/2078-2489/14/1/21/pdf?version=1672306032,Information,en,"As explainability seems to be the driver for a wiser adoption of Artificial Intelligence in healthcare and in critical applications, in general, a comprehensive study of this field is far from being completed. On one hand, a final definition and theoretical measurements of explainability have not been assessed, yet, on the other hand, some tools and frameworks for the practical evaluation of this feature are now present. This paper aims to present a concrete experience in using some of these explainability-related techniques in the problem of predicting the size of amino acids in real-world protein structures. In particular, the feature importance calculation embedded in Random Forest (RF) training is compared with the results of the Eli-5 tool applied to the Neural Network (NN) model. Both the predictors are trained on the same dataset, which is extracted from Protein Data Bank (PDB), considering 446 myoglobins structures and process it with several tools to implement a geometrical model and perform analyses on it. The comparison between the two models draws different conclusions about the residues’ geometry and their biological properties.",2026-03-23
yes,UDCLV,W3136510087,https://doi.org/10.24310/eviternare.vi9.11459,Smart cities and robotic technologies for a model of integrated growth,Elena Laudante,"University of Campania ""Luigi Vanvitelli""",2021,3,True,https://revistas.uma.es/index.php/eviterna/article/download/11459/12666,Revista Eviterna,en,"The paper focuses on the importance of robotics and artificial intelligence inside of the new urban contexts in which it is possible to consider and enhance the different dimensions of quality of life such as safety and health, environmental quality, social connection and civic participation. Smart technologies help cities to meet the new challenges of society, thus making them more livable, attractive and responsive in order to plan and to improve the city of the future. In accordance with the Agenda 2030 Program for sustainable development that intends the inclusive, safe, resilient and sustainable city, the direction of growth and prosperity of urban environments is pursued by optimizing the use of resources and respecting the environment. In the current society, robotic technology is proposed as a tool for innovation and evolution in urban as well as industrial and domestic contexts. On the one hand the users-citizens who participate dynamically in the activities and on the other the new technological systems integrated in the urban fabric. Existing urban systems that are “amplified” of artificial and digital intelligence and give life to smart cities, physical places that allow new forms of coexistence between humans and robots in order to implement the level of quality of life and define “human centered” innovative solutions and services thus responding to the particular needs of people in an effective and dynamic way. The current city goes beyond the definition of smart city. In fact, as said by Carlo Ratti, it becomes a ""senseable city"", a city capable of feeling but also sensitive and capable of responding to citizens who define the overall performance of the city. The multidisciplinary approach through the dialogue between designers, architects, engineers and urban planners will allow to face the new challenges through the dynamics of robot integration in the urban landscape. The cities of the future, in fact, will be pervaded by autonomous driving vehicles, robotized delivery systems and light transport solutions, in response to the new concept of smart mobility, on a human scale, shared and connected mobility in order to improve management and control of the digitized and smart city. Automation at constant rates as the keystone for urban futures and new models of innovative society. Through the identification of representative case studies in the field of innovative systems it will be possible to highlight the connections between design, smart city and ""urban"" robotics that will synergically highlight the main ""desirable"" qualities of life in the city as a place of experimentation and radical transformations. In particular, parallel to the new robotic solutions and human-robot interactions, the design discipline will be responsible for designing the total experience of the user who lives in synergy with the robots, thus changing the socio-economic dynamics of the city.",2026-03-23
yes,UDCLV,W4399233508,https://doi.org/10.21037/jphe-23-139,Update on artificial intelligence against COVID-19: what we can learn for the next pandemic—a narrative review,Shankargouda Patil; Frank W. Licari; Shilpa Bhandi; Kamran Habib Awan; Rocco Franco; Vincenzo Ronsivalle; Marco Cicciù; Giuseppe Minervini,"Roseman University of Health Sciences; Saveetha University; University of Rome Tor Vergata; University of Catania; University of Campania ""Luigi Vanvitelli""",2024,3,True,https://doi.org/10.21037/jphe-23-139,Journal of Public Health and Emergency,en,"Background and Objective: The coronavirus disease or coronavirus diseases-19 (COVID-19) is an ongoing pandemic that has created a tremendous public health concern. Apart from the reverse transcription polymerize chain reaction (RT-PCR), imaging findings play a crucial role in confirming its diagnosis and also constraining virus transmission. Artificial intelligence (AI) and its subsets have come to the rescue during these challenging periods and have been largely applied in managing the current COVID-19 pandemic. Role of AI in combating COVID-19 at different levels witnessed an enormous growth as documented in scientific literature. The present narrative review aims to illuminate the current state of evidence by providing an update on the use of AI during the COVID-19 pandemic in the year 2023 by assimilating the literature in identifying roles essayed by AI at different strata of COVID-19 expedition. Methods: English scientific articles were retrieved using Mesh terms—COVID-19, artificial intelligence with AND as Boolean operator in PubMed Database from January 2023 to December 2023 wherein AI essayed a role either in predicting, diagnosing, screening COVID-19 infection or any role essayed related to the condition. Abstracts, narrative or scoping reviews, systematic review, meta-analysis, comments, editorials were excluded. Data regarding the authors, the methodology with observations and inference as stated by the authors were retrieved and ponder upon to address the objectives of the study Key Content and Findings: Out of 1,661 articles obtained on initial search, 17 relevant articles were selected on application of the selection criteria. Scientific literature reveals that AI has contributed significantly by exhibiting precise, safe, and efficient imaging potential. Studies have also proposed various deep learning algorithms for the detection and treatment of COVID-19, for follow-ups, to evaluate patient response to treatment and so on. Conclusions: Thus, AI is swiftly evolving in the arena of healthcare. Further development of AI along with its subgroups can revolutionize public health care by reducing the work pressure on the front-line workers and be the backbone to improved management of a potential pandemic in the future.",2026-03-23
yes,UDCLV,W4410721481,https://doi.org/10.3390/info16060435,SemFedXAI: A Semantic Framework for Explainable Federated Learning in Healthcare,Alba Amato; Dario Branco,"University of Campania ""Luigi Vanvitelli""",2025,3,True,https://www.mdpi.com/2078-2489/16/6/435/pdf?version=1748156324,Information,en,"Federated Learning (FL) is emerging as an encouraging paradigm for AI model training in healthcare that enables collaboration among institutions without revealing sensitive information. The lack of transparency in federated models makes their deployment in healthcare settings more difficult, as knowledge of the decision process is of primary importance. This paper introduces SemFedXAI, a new framework that combines Semantic Web technologies and federated learning to achieve better explainability of artificial intelligence models in healthcare. SemFedXAI extends traditional FL architectures with three key components: (1) Ontology-Enhanced Federated Learning that enriches models with domain knowledge, (2) a Semantic Aggregation Mechanism that uses semantic technologies to improve the consistency and interpretability of federated models, and (3) a Knowledge Graph-Based Explanation component that provides contextualized explanations of model decisions. We evaluated SemFedXAI within the context of e-health, reporting noteworthy advancements in explanation quality and predictive performance compared to conventional federated learning methods. The findings refer to the prospects of combining semantic technologies and federated learning as an avenue for building more explainable and resilient AI systems in healthcare.",2026-03-23
yes,UDCLV,W4413005430,https://doi.org/10.3390/diabetology6080079,"Exploring the Epidemiologic Burden, Pathogenetic Features, and Clinical Outcomes of Primary Liver Cancer in Patients with Type 2 Diabetes Mellitus (T2DM) and Metabolic Dysfunction-Associated Steatotic Liver Disease (MASLD): A Scoping Review",Mario Romeo; Fiammetta Di Nardo; Carmine Napolitano; Claudio Basile; Cátia Cristina Silva Sousa Vergara Palma; Paolo Vaia; Marcello Dallio; Alessandro Federico,"University of Campania ""Luigi Vanvitelli""",2025,2,True,https://www.mdpi.com/2673-4540/6/8/79/pdf?version=1754288640,Diabetology,en,"Background/Objectives: Primary liver cancer (PLC), encompassing hepatocellular carcinoma (HCC) and cholangiocarcinoma (CCA), constitutes a growing global health concern. Metabolic dysfunction-associated Steatotic Liver Disease (MASLD) and Type 2 diabetes mellitus (T2DM) represent a recurrent epidemiological overlap. Individuals with MASLD and T2DM (MASLD-T2DM) are at a higher risk of PLC. This scoping review highlights the epidemiological burden, the classic and novel pathogenetic frontiers, and the potential strategies optimizing the management of PLC in MASLD-T2DM. Methods: A systematic search of the PubMed, Medline, and SCOPUS electronic databases was conducted to identify evidence investigating the pathogenetic mechanisms linking MASLD and T2DM to hepatic carcinogenesis, highlighting the most relevant targets and the relatively emerging therapeutic strategies. The search algorithm included in sequence the filter words: “MASLD”, “liver steatosis”, “obesity”, “metabolic syndrome”, “body composition”, “insulin resistance”, “inflammation”, “oxidative stress”, “metabolic dysfunction”, “microbiota”, “glucose”, “immunometabolism”, “trained immunity”. Results: In the MASD-T2DM setting, insulin resistance (IR) and IR-induced mechanisms (including chronic inflammation, insulin/IGF-1 axis dysregulation, and autophagy), simultaneously with the alterations of gut microbiota composition and functioning, represent crucial pathogenetic factors in hepatocarcinogenesis. Besides, the glucose-related metabolic reprogramming emerged as a crucial pathogenetic moment contributing to cancer progression and immune evasion. In this scenario, lifestyle changes, simultaneously with antidiabetic drugs targeting IR-related effects and gut-liver axis, in parallel with novel approaches modulating immunometabolic pathways, represent promising strategies. Conclusions: Metabolic dysfunction, classically featuring MASLD-T2DM, constitutes a continuously expanding global issue, as well as a critical driver in PLC progression, demanding integrated and personalized interventions to reduce the future burden of disease.",2026-03-23
yes,UDCLV,W4405804232,https://doi.org/10.1109/ehb64556.2024.10805728,Postural Sway Parameters are Useful to Discriminate Biomechanical Risk Classes Associated with Load Lifting,G. Prisco; Maria Agnese Pirozzi; Francesco Mercaldo; Antonella Santone; Mario Cesarelli; Fabrizio Esposito; Paolo Gargiulo; Francesco Amato; Leandro Donisi,"University of Sannio; Reykjavík University; University of Molise; University of Naples Federico II; University of Campania ""Luigi Vanvitelli""",2024,1,False,,,en,"Work-related musculoskeletal disorders are a significant health issue in the workplace, contributing to absenteeism, disability, and decreased productivity. These disorders result from biomechanical overload due to repetitive movements and extended actions. Several quantitative and semi-quantitative methods have been developed in the occupational ergonomic field to assess biomechanical risk. Still, they tend to be complex and heavily reliant on the operator's expertise. Recently, wearable sensors coupled with artificial intelligence have proven to be effective for biomechanical risk assessment, offering practical benefits for enhancing worker health and safety. Based on these considerations, this study aimed to explore the feasibility of a logistic regression model to classify two biomechanical risk classes defined by the Revised NIOSH Lifting Equation. The model was built using postural sway parameters extracted from linear acceleration data acquired by a single inertial measurement unit placed on the lumbar region. Eight participants performed two sessions consisting of 20 load lifting tasks, respectively. The results, although preliminary, were promising, indeed the logistic regression model, properly trained with postural sway parameters, achieved an accuracy and an area under the receiver operating characteristic curve equal to 79% and 80%, respectively. Study limitations due to the small sample size and limited age range make this study preliminary. For this reason, future research involving a larger and more varied study population and different work scenarios is needed to validate the effectiveness of the proposed methodology.",2026-03-23
yes,UDCLV,W4412121010,https://doi.org/10.1111/1754-9485.13880,"<scp>AI</scp> Revolution in Radiology, Radiation Oncology and Nuclear Medicine: Transforming and Innovating the Radiological Sciences",Serena Carriero; Riccardo Canella; F. Cicchetti; Salvatore Alessio Angileri; Antonio Bruno; Pierpaolo Biondetti; Riccardo Ray Colciago; Adriana D’Antonio; Gianmarco Della Pepa; Francesca Grassi; Vincenza Granata; Cecilia Lanza; Sonia Santicchia; Antonino Miceli; Antonio Piras; Viola Salvestrini; Giulia Santo; Filippo Pesapane; Antonio Barile; Gianpaolo Carrafiello; Andrea Giovagnoni,"Fondazione IRCCS Istituto Nazionale dei Tumori; Azienda Ospedaliera Nazionale SS. Antonio e Biagio e Cesare Arrigo; Istituto Nazionale Tumori IRCCS ""Fondazione G. Pascale""; University of Palermo; Fondazione IRCCS Ca' Granda Ospedale Maggiore Policlinico; Magna Graecia University; Istituti di Ricovero e Cura a Carattere Scientifico; Ri.MED; University of Naples Federico II; Ospedale Maggiore; University of Milan; University of Milano-Bicocca; European Institute of Oncology; Azienda Ospedaliero-Universitaria Careggi; University of L'Aquila; Marche Polytechnic University; University of Campania ""Luigi Vanvitelli""",2025,1,True,https://onlinelibrary.wiley.com/doi/pdfdirect/10.1111/1754-9485.13880,Journal of Medical Imaging and Radiation Oncology,en,"The integration of artificial intelligence (AI) into clinical practice, particularly within radiology, nuclear medicine and radiation oncology, is transforming diagnostic and therapeutic processes. AI-driven tools, especially in deep learning and machine learning, have shown remarkable potential in enhancing image recognition, analysis and decision-making. This technological advancement allows for the automation of routine tasks, improved diagnostic accuracy, and the reduction of human error, leading to more efficient workflows. Moreover, the successful implementation of AI in healthcare requires comprehensive education and training for young clinicians, with a pressing need to incorporate AI into residency programmes, ensuring that future specialists are equipped with traditional skills and a deep understanding of AI technologies and their clinical applications. This includes knowledge of software, data analysis, imaging informatics and ethical considerations surrounding AI use in medicine. By fostering interdisciplinary integration and emphasising AI education, healthcare professionals can fully harness AI's potential to improve patient outcomes and advance the field of medical imaging and therapy. This review aims to evaluate how AI influences radiology, nuclear medicine and radiation oncology, while highlighting the necessity for specialised AI training in medical education to ensure its successful clinical integration.",2026-03-23
yes,UDCLV,W4413112246,https://doi.org/10.1093/ecco-jcc/jjaf135,Results of the Ninth Scientific Workshop of the European Crohn’s and Colitis Organisation (ECCO): Artificial intelligence in IBD surgery: opportunities and limitations,Alaa El-Hussuna; Gianluca Pellino; Alessandra Soriano; Kapil Sahnan; Aart Mookhoek; Pieter Sinonque; Mariangela Allocca; Dan Carter; Arzu Ensarı; Marietta Iacucci; Uri Kopylov; Bram Verstockt; Daniel C. Baumgart; Nurulamin M Noor; Urko M. Marigorta; Daniele Noviello; Peter Bossuyt; Jan de Laffolie; Marco Daperno; Tim Raine; Isabelle Cleynen; Shaji Sebastian,"Giessen School of Theology; KU Leuven; University of Alberta; Universitair Ziekenhuis Leuven; Tel Aviv University; Clinical Research Organization; Universitat Autònoma de Barcelona; A. O. Ordine Mauriziano di Torino; Cambridge University Hospitals NHS Foundation Trust; CIC bioGUNE; Hull and East Yorkshire Hospitals NHS Trust; Ankara University; Vita-Salute San Raffaele University; Hull York Medical School; Ikerbasque; St Mark's Hospital; University of Milan; Imelda Hospital; St. Mark's Hospital; University of Alberta Hospital; Addenbrooke's Hospital; Azienda Ospedaliera Universitaria Università degli Studi della Campania Luigi Vanvitelli; University of Hull; University of Bern; APC Microbiome Institute; Sheba Medical Center; University of Campania ""Luigi Vanvitelli""",2025,1,True,https://academic.oup.com/ecco-jcc/advance-article-pdf/doi/10.1093/ecco-jcc/jjaf135/64025559/jjaf135.pdf,Journal of Crohn s and Colitis,en,"In this narrative review we present the current status of developments in artificial intelligence in the filed of IBD surgery. We lay down the foundations for how IBD surgery may utilise the potential opportunities in utilizing the rapid advances in AI technology as it used in other surgical disciplines. The main areas of potential utility are in the areas of surgical training, risk prediction in the pre, intra and post operative period in IBD patients undergoing surgery and in IBD surgical research. We need to be mindful of the potential challenges in implementation and acceptability of these technological advances and put in mitigating measures to ensure transparency and equitable access. Global collaboration will be the cornerstone for such ventures.",2026-03-23
yes,UDCLV,W4414345257,https://doi.org/10.3390/s25185822,Validity of a Novel Algorithm to Compute Spatiotemporal Parameters Based on a Single IMU Placed on the Lumbar Region,G. Prisco; Giuseppe Cesarelli; Maria Fiammetta Romano; Marina Picillo; Carlo Ricciardi; Fabrizio Esposito; Paolo Barone; Mario Cesarelli; Leandro Donisi,"University of Sannio; University of Salerno; University of Molise; University of Naples Federico II; Parthenope University of Naples; University of Campania ""Luigi Vanvitelli""",2025,1,True,https://www.mdpi.com/1424-8220/25/18/5822/pdf?version=1758192231,Sensors,en,"A single lumbar-mounted inertial sensor offers a practical alternative to optoelectronic systems for gait analysis, simplifying measurements and improving usability in the clinical field. However, its validity can be influenced by sensor placement and signal choice. This study aimed to develop and validate a novel algorithm for estimating spatiotemporal parameters using anteroposterior linear acceleration and angular velocity around the sagittal axis using a single inertial measurement unit (IMU) placed on the lumbar region. The proposed algorithm was validated comparing the parameters computed by the algorithm with the ones computed using a commercial wearable system based on a two-foot-mounted IMU configuration. Thirty healthy subjects underwent a 2 min walk test, and five spatiotemporal parameters were computed using the two methodologies. Study results showed that cadence and gait cycle time exhibited very high agreement, with only a small, statistically significant bias in cadence negligible for practical purposes. In contrast, swing, stance, and double-support parameters showed disagreement due to the presence of systematic proportional errors. This work introduces a novel algorithm for gait event detection and spatiotemporal parameter estimation, addressing uncertainties related to sensor placement, metric models, processing techniques, and signal selection, while avoiding synchronization issues associated with using multiple sensors.",2026-03-23
yes,UDCLV,W3044462144,https://doi.org/10.2174/1874205x02014010032,Analysis of a New Work-Related Stress Assessment Tool,Gaetano Buonocore; Nelson Mauro Maldonato; Yari Mirko Alfano; Simona Annunziata; Tilde Annunziato; Benedetta Muzii; Concetta Vergati; Mario Bottone; Daniela Cantone; Rita Polito; Nicola Tartaglia; Antonio Ambrosi; Carmela Robustella; Fiorenzo Moscatelli; Raffaele Sperandeo,"University of Foggia; University of Naples Federico II; Federico II University Hospital; University of Campania ""Luigi Vanvitelli""",2020,1,True,https://openneurologyjournal.com/VOLUME/14/PAGE/32/PDF/,The Open Neurology Journal,en,"Background: Work-related stress is a relevant phenomenon in terms of health and safety at work, as occupational distress has a negative impact on individual and organisational well-being. It is a complex and multifactorial phenomenon, whose evaluation must be carried out through a specific and adequate methodology. Objective: This work aims to identify versatile tools that can quickly provide reliable measures of work distress. It analyzes the proposal elaborated by the “Comitato Unico di Garanzia per le Pari Opportunità, la Valorizzazione del Benessere di chi lavora e contro le Discriminazioni” of Rome, i.e . the tool “Valutazione è prevenzione, Sicurezza è partecipazione”. Methods: A study was carried out on a sample of 474 employees of the Neapolitan Judicial Offices, who were given a standardized questionnaire to investigate the stress, associated with the proposal of the Comitato Unico di Garanzia. Results: From the elaboration of the results, it emerges that the conditions of working wellbeing are linked to two main factors related to the perception of workers both of physical-environmental and organisational-relational aspects. In particular, it emerged that the new assessment tool, consisting of a small number of items, contributes to the detection of work stress, so it is necessary to deepen through future research the contribution that this tool can offer to the survey on work-related stress. Conclusion: Having highlighted two factors that significantly saturate the presence of a working discomfort, through an agile tool, allows us to plan a new research path, which can approach the complexity of the phenomenon through the methods of deep learning.",2026-03-23
yes,UDCLV,W4392597761,https://doi.org/10.54103/2282-0930/22227,Study Design and Research Protocol for diagnostic or prognostic studies in the Age of Artificial Intelligence: A Biostatistician’s Perspective,Giulia Barbati; Patrizio Pasqualetti; Domenica Matranga; Lorenza Scotti; Matteo Franchi; Vittorio Simeon; Simona Signoriello; Ilaria Gandin; Daniela Pacella; Annamaria Porreca; Danila Azzolina; Paola Berchialla; Simona Villani,"University of Pavia; University of Chieti-Pescara; Sapienza University of Rome; Università degli Studi del Piemonte Orientale “Amedeo Avogadro”; University of Ferrara; University of Trieste; University of Turin; University of Naples Federico II; University of Milano-Bicocca; University of Campania ""Luigi Vanvitelli""",2024,1,True,https://riviste.unimi.it/index.php/ebph/article/download/22227/20201,Epidemiology Biostatistics and Public Health,en,"Introduction: As the integration of Artificial Intelligence (AI) in healthcare continues to advance, the need for rigorous study design and research protocols tailored to diagnostic and prognostic studies becomes paramount.Aim: The primary objective of this work is to highlight the biostatistician’s point of view about the key points of the research protocol involving AI. Methods: Assessing the current state-of-the-art guidelines, we outline the methodological challenges faced by biostatisticians when collaborating on research protocols in the era of AI-driven medical research. Results: The proposed overview on research protocol involving AI elucidates key considerations in study design, encompassing evaluations of data quality, analysis of biases, methodological approaches, determination of sample size, and validation strategies tailored specifically to AI applications. This position paper underscores the pivotal role of strong statistical frameworks in ensuring the reliability, validity, and applicability of findings derived from AI-based diagnostic and prognostic models. Moreover, the paper seeks to highlight the critical importance of incorporating transparent reporting standards to enhance the reproducibility and clarity of AI-driven studies. Conclusions: By offering a comprehensive biostatistician’s viewpoint, this paper strives to significantly contribute to the methodological progression of diagnostic and prognostic studies in the era of Artificial Intelligence.",2026-03-23
yes,UDCLV,W4401722792,https://doi.org/10.1007/978-981-97-4581-4_22,Artificial Intelligence in Breast Cancer Diagnosis: “Synergy-Net” in Campania FESR-POR (European Fund of Regional Development—Regional Operative Program) Research Project,Domenico Parmeggiani; Giancarlo Moccia; P. Luongo; Francesco Miele; Alfredo Allaria; Francesco Torelli; Stefano Marrone; Michela Gravina; Carlo Sansone; Ruggiero Bollino; Roberto Ruggiero; Paola Bassi; Antonella Sciarra; Simona Parisi; Francesca Fisone; Maddalena Claudia Donnarumma; Chiara Colonnese; Paola Della Monica; Marina Di Domenico; Ludovico Docimo; Massimo Agresti,"Consorzio Interuniversitario Nazionale per l'Informatica; Regione Campania; Federico II University Hospital; University of Campania ""Luigi Vanvitelli""",2024,0,True,https://link.springer.com/content/pdf/10.1007/978-981-97-4581-4_22.pdf,Lecture notes in networks and systems,en,"Abstract Background : Nowadays, mammography and DCE-MRI are the gold standard for breast cancer screening. Scientific experience demonstrate an increasing application of Echo elastosonography in breast cancer diagnosis, for this reason, within the Synergy-Net project the objective is to create a system based on machine learning algorithms, a CAD developed with CNNs, capable of representing a decision support in the analysis of echo-elastic sonographic images. Results : 315 female patients at the “Vanvitelli” Breast Unit were subjected to digital 3D mammography tomosynthesis and advanced ultrasound (quantitative Echo elastosonography) and comparative analysis of the two methods. We collected 70 breast cancer, 200 benign pathologies (dropout of 11.1%) and we compared two different homogeneous by composition subgroups (35 with cancer and 100 with benign pathology 20.5%), relating to the diagnostic predictive capabilities of 3D digital mammography and quantitative elastosonography: Group A age 40–50 years, Group B age 50–60 years. Results demonstrate fair predictive performances of echoelastosonography versus traditional mammography, especially in the first group (40–50 years), p &lt; 0.05 in favor of elastosonography regarding sensitivity and accuracy; performances that appear substantially comparable in the second group (50–60 years). We also tested the diagnostic predictive capabilities of the CAD Synergy-Breast-Net achieving encouraging results: Sensitivity 80%, Specificity 72%, Accuracy 74%, Negative Predictive Value 84.7% and Positive Predictive Value 83.3%. Conclusion: From this perspective, the screening of patients aged &lt; 40 years and integrate the main screening activities in patients aged between 40 and 50 years integrated with increasingly high-performance machine learning systems, could represent a valid alternative in the future.",2026-03-23
yes,UDCLV,W4405689247,https://doi.org/10.58240/1829006x-2025.1-132,EXAMINING THE IMPACT OF ARTIFICIAL INTELLIGENCE IN DENTISTRY: A COMPREHENSIVE SYSTEMATIC REVIEW,Vishnupriya Veeraraghavan; Furqan Shaikh; Gamal Othman; Giuseppe Minervini,"Alfaisal University; Saveetha University; University of Campania ""Luigi Vanvitelli""; Almaarefa University",2024,0,True,https://doi.org/10.58240/1829006x-2025.1-132,BULLETIN OF STOMATOLOGY AND MAXILLOFACIAL SURGERY,en,"Background: Artificial Intelligence (AI) in dentistry has the potential to revolutionize oral healthcare by solving its inherent shortcomings. Aim: To review and evaluate the body of research on artificial intelligence's use in dentistry, with a focus on how it affects treatment planning, diagnosis, and patient care in a range of dental specialties. Methodology: 30 papers encompassing oral diagnosis, surgery, endodontics, prosthodontics, orthodontics, forensic dentistry, radiography, and periodontics are thoroughly examined in this review using PRISMA guidelines. The Cochrane Handbook principles were followed in the evaluation of important variables such as randomization, blinding, withdrawal/dropout rates, sample size estimation, clarity of inclusion/exclusion criteria, examiner reliability testing, pre-specification of outcomes, and bias risk. The Newcastle-Ottawa Scale (NOS) was used in quality assessment to measure bias risk and star ratings. Results: The research highlight improvements in diagnosis, treatment planning, and procedural accuracy, illustrating the revolutionary effects of AI in dentistry. Applications of AI demonstrate its versatility and include automated designs, risk prediction, lesion recognition, and precision in dental operations. There is little chance of bias in randomization, intervention variations, and outcome assessments, according to the methodological evaluation, which shows excellent scientific rigor. Even though a few studies had minor issues including uneven blinding and missing data, these had no appreciable impact on the dependability of the results. Overall, the studies' consistent methodological quality highlights how AI may be relied upon to advance dental research and practice.",2026-03-23
yes,UDCLV,W4415599004,https://doi.org/10.28945/5624,The Dark Side of Remote Work: A Critical Review and a Call to Action to Address Remote Work Inequalities,Ferdinando Toscano; Salvatore Zappalù; Simone Donati,"University of Bologna; University of Campania ""Luigi Vanvitelli""",2025,0,True,http://www.inform.nu/Articles/Vol28/InfoSciV28Art030Toscano12142.pdf,Informing Science The International Journal of an Emerging Transdiscipline,en,"Aim/Purpose This paper critically examines how remote and hybrid work, though widely celebrated for increasing flexibility and sustainability, can reproduce or exacerbate structural, organizational, and psychological inequalities among employees. Background While remote work is often associated with positive outcomes, mainstream discussions underrepresent the disparities it can generate. This paper addresses this gap by applying a Critical Work and Organizational Psychology (CWOP) perspective to analyze inequities across access, control, and well-being. Methodology This is a concept-driven critical review. The selection of literature prioritized theoretical depth and relevance rather than exhaustive coverage. The analysis is interpretative and interdisciplinary, informed by work psychology, organizational studies, and labor sociology. Contribution The paper introduces a multidimensional critique of remote work, offering theoretical insights and practical recommendations to promote equity in remote and hybrid work environments. Findings Remote work access is stratified by job level, socioeconomic status, and digital infrastructure. Organizational control, biased monitoring, and visibility bias reinforce hierarchies. Individual disparities, such as psychological capital, caregiving burdens, and digital competence, further marginalize certain groups. Recommendations for Practitioners Organizations should adopt role-based eligibility, provide equitable resources, use outcome-based evaluations, and support caregivers and mental health needs. Recommendations for Researchers Future studies should assess the long-term impact of remote work on marginalized groups and examine how emerging technologies affect workplace equity. Impact on Society The findings highlight the risk that remote work may deepen societal inequalities if equity is not a central design goal. Future Research Research should explore intersectional impacts and the ethical integration of AI and digital tools in remote work.",2026-03-23
yes,UDCLV,W4416074225,https://doi.org/10.3390/fi17110513,Machine Learning Pipeline for Early Diabetes Detection: A Comparative Study with Explainable AI,Yas Barzegar; Atrin Barzegar; Francesco Bellini; Fabrizio D’Ascenzo; Irina Gorelova; P. Pisani,"Enel (Italy); University of Campania ""Luigi Vanvitelli""",2025,0,True,https://www.mdpi.com/1999-5903/17/11/513/pdf,Future Internet,en,"The use of Artificial Intelligence (AI) in healthcare has significantly advanced early disease detection, enabling timely diagnosis and improved patient outcomes. This work proposes an end-to-end machine learning (ML) model for predicting diabetes based on data quality by following key steps, including advanced preprocessing by KNN imputation, intelligent feature selection, class imbalance with a hybrid approach of SMOTEENN, and multi-model classification. We rigorously compared nine ML classifiers, namely ensemble approaches (Random Forest, CatBoost, XGBoost), Support Vector Machines (SVM), and Logistic Regression (LR) for the prediction of diabetes disease. We evaluated performance on specificity, accuracy, recall, precision, and F1-score to assess generalizability and robustness. We employed SHapley Additive exPlanations (SHAP) for explainability, ranking, and identifying the most influential clinical risk factors. SHAP analysis identified glucose levels as the dominant predictor, followed by BMI and age, providing clinically interpretable risk factors that align with established medical knowledge. Results indicate that ensemble models have the highest performance among the others, and CatBoost performed the best, which achieved an ROC-AUC of 0.972, an accuracy of 0.968, and an F1-score of 0.971. The model was successfully validated on two larger datasets (CDC BRFSS and a 130-hospital dataset), confirming its generalizability. This data-driven design provides a reproducible platform for applying useful and interpretable ML models in clinical practice as a primary application for future Internet-of-Things-based smart healthcare systems.",2026-03-23
yes,UDCLV,W4416297556,https://doi.org/10.1007/s00384-025-05031-4,Machine learning-based prediction model for omental metastasis in right-sided colon cancer patients: a retrospective multicenter study,Hao Zhang; Songtao Yu; Jun Xiang; Federico Maria Mongardini; Ludovico Docimo; Zekai Huang; Gang Wang; Yuliuming Wang; Yunxiao Liu; Chunlin Wang; Weiyuan Zhang; Yunxia Zhu; Guiyu Wang; Meng Wang,"Harbin Medical University; Hangzhou Cancer Hospital; Second Affiliated Hospital of Harbin Medical University; Zhejiang Cancer Hospital; University of Campania ""Luigi Vanvitelli""",2025,0,True,https://link.springer.com/content/pdf/10.1007/s00384-025-05031-4.pdf,International Journal of Colorectal Disease,en,"Our study developed and validated an XGB-based machine learning model that could accurately predict OM in RCC patients using routine preoperative variables. This model demonstrates strong discriminative ability and clinical utility, assisting personalized risk stratification and appropriate treatment decisions.",2026-03-23
yes,UDCLV,W7116930675,https://doi.org/10.3390/medicina62010027,Artificial Intelligence and Machine Learning in the Diagnosis and Management of Osteoporosis: A Comprehensive Review,Alessandro Conforti; Marco Ruggiero; Laura Lucchetti; Valerio Cipolloni; Francesco Demostene Galati; Martina Gentile; Alberto Lo Gullo,"Azienda Sanitaria Locale Viterbo; Campus Bio Medico University Hospital; CTO Hospital; ASL Roma; Azienda Ospedaliera Ospedali Riuniti Papardo Piemonte; CTO Andrea Alesini; Azienda Sanitaria Locale Roma 3; University of Campania ""Luigi Vanvitelli""",2025,0,True,https://www.mdpi.com/1648-9144/62/1/27/pdf,Medicina,en,"<i>Background and Objectives</i>: Osteoporosis is a prevalent skeletal disorder characterized by decreased bone mass and compromised bone microarchitecture, leading to an elevated risk of fractures and significant morbidity, particularly among aging populations. Early diagnosis and personalized management are critical to reducing fracture incidence and associated healthcare burdens. Recent advances in artificial intelligence (AI) and machine learning (ML) have led to potential improvements in enhancing osteoporosis care by enabling accurate diagnostic imaging analysis, robust fracture risk prediction, and personalized therapeutic strategies. <i>Materials and Methods</i>: We performed a narrative review to summarize and critically evaluate the current literature on AI and ML applications in osteoporosis diagnosis and management. We searched relevant literature from inception to January 2025 to provide a comprehensive perspective, focusing on key themes, methodological approaches, and clinical implications. <i>Results</i>: Deep learning models, especially convolutional neural networks, facilitate rapid and accurate bone mineral density assessment from routine radiographs, expanding screening capabilities beyond conventional dual-energy X-ray absorptiometry (DXA). Machine learning algorithms harness clinical and demographic data to generate fracture risk models that often outperform traditional tools, enabling timely identification of high-risk individuals. Furthermore, AI-driven analyses of historical treatment responses coupled with real-time monitoring through wearable technologies and mobile applications allow for personalized therapeutic optimization and enhance patient engagement. Despite these promising advances, challenges remain regarding ethical considerations, data privacy, legal liability, incomplete model validation, lack of standardization, and the need for critical appraisal of real-world clinical efficacy for widespread clinical adoption. <i>Conclusions</i>: This narrative review indicates that AI and ML hold significant promise to revolutionize osteoporosis management by enabling early detection, precise risk stratification, and tailored interventions. However, the current evidence is heterogeneous, often lacking robust external validation and quantitative synthesis. Critical gaps include insufficient evaluation of model robustness across diverse populations, discussion of negative or conflicting results, and a comprehensive assessment of the limitations inherent in current AI evidence. Strategic efforts to validate, regulate, and critically integrate these technologies into routine clinical workflows are essential to realize their full potential and address the growing burden of osteoporosis worldwide.",2026-03-23
yes,UDCLV,W7128302952,https://doi.org/10.3390/bs16020238,Making Artificial Intelligence Work at Work: The Role of Human Resource Practices and Personal Attitudes in Fostering Meaningful Work with Artificial Intelligence,Cataldo Giuliano Gemmano; Danila Molinaro; Diego Bellini; Silvia De Simone; Maria Luisa Giancaspro; Marina Mondo; Carmela Buono; Barbara Barbieri; Paola Spagnoli; Amelia Manuti,"Libera Università Maria SS. Assunta; Mercatorum University; University of Bari Aldo Moro; University of Cagliari; Pegaso University; University of Campania ""Luigi Vanvitelli""",2026,0,True,https://www.mdpi.com/2076-328X/16/2/238/pdf?version=1770538375,Behavioral Sciences,en,"The rapid diffusion of Artificial Intelligence (AI) is transforming job characteristics, raising important questions about how to implement these technologies in organizations in ways that support employee well-being and performance. Drawing on the High-Involvement Management framework, this study examined employee-centered Artificial Intelligence implementation (ECAII) practices (defined as transparent communication, consultation, and training initiatives) as strategic levers to foster positive employee outcomes during Artificial Intelligence-driven transformations. Survey data were collected from 168 Italian white-collar employees who actively used Artificial Intelligence in their work. Structural equation modeling was employed to test direct and indirect relationships among employee-centered Artificial Intelligence implementation practices, work meaningfulness, job satisfaction, and job performance, as well as the moderating role of personal attitudes toward AI. Results showed that employee-centered Artificial Intelligence implementation practices had significant direct effects on both job satisfaction and performance, as well as indirect effects through work meaningfulness. Latent moderated mediation analyses further revealed that these indirect effects were stronger among employees with more positive attitudes toward Artificial Intelligence. Overall, the findings highlighted the importance of employee-centered strategies for enhancing meaningfulness and fostering positive outcomes during technological change. This study contributed to Human Resource Management (HRM) and meaningful work research by extending classic theoretical frameworks to Artificial Intelligence-enabled workplaces. Furthermore, from a practical perspective, our findings provided valuable guidance for organizations by highlighting the importance of transparent communication, employee involvement, and targeted training in reducing uncertainty and helping employees perceive their roles as relevant during the implementation of Artificial Intelligence.",2026-03-23
yes,UDCLV,W7134238875,https://doi.org/10.17471/2499-4324/1483,MUSEUMS FOR ALL: PERSPECTIVES OF SPECIAL PEDAGOGY FOR INCLUSION,Noemi Del Bianco; Lucia Borsini; Karrie A. Shogren; Catia Giaconi,"University of Macerata; University of Kansas; University of Campania ""Luigi Vanvitelli""",2026,0,True,https://doaj.org/article/33f58463706f49a2ba94c28acee0091a,SHILAP Revista de lepidopterología,en,"Accessibility to cultural heritage represents a fundamental right for social inclusion (UN, 2006). It is a key principle to eliminate barriers and ensure the inclusive enjoyment of cultural experiences. Within this frame, in this paper, we will discuss how digital technologies, such as Augmented Reality (AR), Virtual Reality (VR), and Artificial Intelligence (AI), offer innovative solutions to meet the specific needs of people with disabilities, facilitating access and enriching the visitor experience. Specifically, this paper outlines a project undertaken by the Special Pedagogy research group at the University of Macerata to enhance the inclusivity of museum environments for people with intellectual disability and autism through the use of digital technologies. The findings highlight how the combined use of AR, VR, and AI fosters cultural participation and improves the well-being of people with disabilities, reinforcing the role of museums as inclusive spaces for learning and engagement.",2026-03-23
yes,UDCLV,W3126548041,https://doi.org/10.3390/electronics10030342,Neural Networks for Driver Behavior Analysis,Fabio Martinelli; Fiammetta Marulli; Francesco Mercaldo; Antonella Santone,"Institute of Informatics and Telematics; National Research Council; University of Molise; University of Campania ""Luigi Vanvitelli""",2021,10,True,https://www.mdpi.com/2079-9292/10/3/342/pdf?version=1612354191,Electronics,en,"The proliferation of info-entertainment systems in nowadays vehicles has provided a really cheap and easy-to-deploy platform with the ability to gather information about the vehicle under analysis. With the purpose to provide an architecture to increase safety and security in automotive context, in this paper we propose a fully connected neural network architecture considering position-based features aimed to detect in real-time: (i) the driver, (ii) the driving style and (iii) the path. The experimental analysis performed on real-world data shows that the proposed method obtains encouraging results.",2026-03-23
yes,UDCLV,W4376274010,https://doi.org/10.3390/electronics12102204,Clothoid-Based Path Planning for a Formation of Fixed-Wing UAVs,Luciano Blasi; Egidio D’Amato; Immacolata Notaro; Gennaro Raspaolo,"Parthenope University of Naples; University of Campania ""Luigi Vanvitelli""",2023,9,True,https://www.mdpi.com/2079-9292/12/10/2204/pdf?version=1683881703,Electronics,en,"Unmanned aerial vehicles (UAVs) are playing an increasingly crucial role in many applications such as search and rescue, delivery services, and military operations. However, one of the significant challenges in this area is to plan efficient and safe trajectories for UAV formations. This paper presents an optimization procedure for trajectory planning for fixed-wing UAV formations using graph theory and clothoid curves. The proposed planning strategy consists of two main steps. Firstly, the geometric optimization of paths is carried out using graphs for each UAV, providing piece-wise linear paths whose smooth connections are made with clothoids. Secondly, the geometric paths are transformed into time-dependent trajectories, optimizing the assigned aircraft speeds to avoid collisions by solving a mixed-integer optimal control problem for each UAV of the flight formation. The proposed method is effective in achieving suboptimal paths while ensuring collision avoidance between aircraft. A sensitivity analysis of the main parameters of the algorithm was conducted in ideal conditions, highlighting the possibility of decreasing the length of the optimal path by about 4.19%, increasing the number of points used in the discretization and showing a maximum path length reduction of about 10% compared with the average solution obtained with a similar algorithm using a graph based on random directions. Furthermore, the use of clothoids, whose parameters depend on the UAV performance constraints, provides smoother connections, giving a significant improvement over traditional straight-line or circular trajectories in terms of flight dynamics compliance and trajectory tracking capabilities. The method can be applied to various UAV formation scenarios, making it a versatile and practical tool for mission planning.",2026-03-23
yes,UDCLV,W4412015577,https://doi.org/10.1192/j.eurpsy.2025.10061,AI in scientific writing and publishing: A call for critical engagement,Sophia Frangou; Umberto Volpe; Andrea Fiorillo,"University of British Columbia; Icahn School of Medicine at Mount Sinai; Vancouver Coastal Health; Marche Polytechnic University; University of Campania ""Luigi Vanvitelli""",2025,6,True,https://www.cambridge.org/core/services/aop-cambridge-core/content/view/773EA05BF34AC4B42AC25D4B9F0DC6C1/S0924933825100618a.pdf/div-class-title-ai-in-scientific-writing-and-publishing-a-call-for-critical-engagement-div.pdf,European Psychiatry,en,"Artificial intelligence (AI) is transforming nearly every domain of science, and scholarly publishing is no exception. From automated language editing to machine-assisted peer review and large-scale content analysis, AI tools are increasingly embedded in scientific writing and publishing. The response from the scientific community has ranged from cautious optimism to outright skepticism. This viewpoint aims to articulate an editorial perspective on the integration of AI into scientific writing and publishing, evaluating both the opportunities and tensions that arise, and offering principles for navigating the road ahead.",2026-03-23
yes,UDCLV,W4414773191,https://doi.org/10.3389/fcomp.2025.1646679,A deep one-class classifier for network anomaly detection using autoencoders and one-class support vector machines,Polyzois Bountzis; Dimitris Kavallieros; Theodora Tsikrika; Stefanos Vrochidis; Ioannis Kompatsiaris,"Information Technologies Institute; Centre for Research and Technology Hellas; University of Campania ""Luigi Vanvitelli""",2025,2,True,https://www.frontiersin.org/journals/computer-science/articles/10.3389/fcomp.2025.1646679/pdf,Frontiers in Computer Science,en,"Introduction The integration of deep learning models into Network Intrusion Detection Systems (NIDS) has shown promising advancements in distinguishing normal network traffic from cyber-attacks due to their capability to learn complex non-linear patterns. These approaches typically rely on both benign and malicious network traffic during training. However, in many organizations, collecting malicious traffic is challenging due to privacy restrictions, high costs of manual labeling, and requirement for advanced security expertise. Methods In this study, we introduce a deep one-class classification model that is trained exclusively on flow-based benign network traffic data, with the goal of identifying attacks during inference. The proposed anomaly detection model consists of two steps, a One-Class Support Vector Machine (OC-SVM) and a deep AutoEncoder (AE). While autoencoders have shown great potential in anomaly detection, their effectiveness can be undermined by spurious network activity located on the boundaries of their discriminating capabilities, thus failing to identify malicious behavior. Our model leverages the topological structure of the OC-SVM to generate decision scores for each traffic flow, which are subsequently incorporated into an autoencoder as part of the input feature space. Results This approach enhances the ability of the autoencoder to detect incidents that deviate from normal patterns. Furthermore, we propose a heuristic method for tuning the trade-off parameter of the OC-SVM, based only on one-class data, achieving comparable performance to grid-based methods that require both benign and malicious labeled data. Experimental results on a benchmark network intrusion data set, the UNSW-NB15, suggest that OCSVM-AE performs well on unseen attacks and is more effective than traditional and deep-learning based one-class classifiers. Discussion The method makes no specific assumptions about the data distribution, making it broadly applicable and suitable as a complementary tool to signature-based intrusion detection systems.",2026-03-23
yes,UDCLV,W4406796931,https://doi.org/10.3390/heritage8020043,Intangible Capital: Digital Colors in Romanesque Cloisters,Adriana Rossi; Sara Gonizzi Barsanti; Silvia Bertacchi,"University of Campania ""Luigi Vanvitelli""",2025,0,True,https://www.mdpi.com/2571-9408/8/2/43/pdf?version=1737730544,Heritage,en,"This paper explores the possibility of counteracting the crisis of culture and institutions by investing in the identity values of the user-actor within digital spaces built for the purpose. The strategy is applied to the analysis of three Catalan cloisters (Spain), with a focus on the representation of the cloister of Sant Cugat (Barcelona). Heuristic picklocks are found in the semantic richness proposed by Marius Schneider exclusively on the verbal level. The authors interpret the contents and transcribe them into graphic signs and digital denotations of sounds and colors. They organize proprietary ontologies, or syntagmatic lines, to be entrusted to the management of computer algorithms. The syncretic culture that characterized the medieval era allowed the ability to mediate science and faith to be entrusted to the mind of the praying monk alone in every canonical hour. The hypothesis that a careful direction has programmed the ways in which to orient souls to “navigate by sight” urges the authors to find the criteria that advanced statistics imitates to make automatic data processing “Intelligent”. In step with the times and in line with the most recent directions for the Safeguarding of Heritage, the musical, astral, and narrative rhythms feared by Schneider are used to inform representative models, to increase not only the visual perception of the user (XR Extended Reality) but also to solicit new analogies and illuminating associations. The results return a vision of the culture of the time suitable for shortening the distances between present and past, attracting the visitor and, with him, the resources necessary to protect and enhance the spaces of the Romanesque era. The methodology goes beyond the contingent aspect by encouraging the ‘remediation’ of contents with the help of machine learning.",2026-03-23
yes,UDCLV,W4412674231,https://doi.org/10.1101/2025.07.22.666145,Holotomography-driven learning for in-silico staining of single cells in flow cytometry avoiding co-registration,Daniele Pirone; Giusy Giugliano; Michela Schiavo; Annalaura Montella; Martina Mugnano; Vincenza Cerbone; Maddalena Raia; Giulia Scalia; Ivana Kurelac; Diego L. Medina; Lisa Miccio; Mario Capasso; Achille Iolascon; Pasquale Memmolo; Pietro Ferraro,"Institut de Biosciences et Biotechnologies; University of Bologna; Institute of Applied Science and Intelligent Systems; Ceinge Biotecnologie Avanzate (Italy); Telethon Institute Of Genetics And Medicine; Federico II University Hospital; Azienda USL di Bologna; University of Naples Federico II; Institute of Intelligent Systems for Automation; University of Campania ""Luigi Vanvitelli""",2025,0,True,https://www.biorxiv.org/content/biorxiv/early/2025/07/26/2025.07.22.666145.full.pdf,,en,"Abstract Virtual staining is the current state-of-the-art computational technique to cleverly enhance intracellular specificity in unstained biological samples by using convolutional neural networks (CNNs) trained on co-registered pairs of unstained/stained images. While effective, this approach suffers from unpredictable biases inherent to fluorescence microscopy and encounters challenges when applied to flow cytometry data as it would require accurate co-registration on a huge number of images. Here, we present a novel method that exploits for the first time a Holotomography-driven learning to completely eliminate the need for co-registration. We demonstrate that training a CNN on a stain-free dataset of 3D refractive index tomograms of flowing cells elegantly unlocks stain-free intracellular specificity in quantitative phase imaging flow cytometry. This breakthrough, by circumventing the critical co-registration bottleneck, opens unprecedented perspectives for label-free, high-throughput imaging flow cytometry, offering a powerful new paradigm for advanced 2D and 3D single-cell analysis.",2026-03-23
yes,UDCLV,W7132822830,https://doi.org/10.64898/2026.02.26.708207,Impact of Image Representation on Deep Learning-Based Single-Cell Classification by Holographic Imaging Flow Cytometry,Daniele Pirone; Beatrice Cavina; Giusy Giugliano; Francesca Nanetti; Francesca Reggiani; Lisa Miccio; Ivana Kurelac; Pietro Ferraro; Pasquale Memmolo,"University of Bologna; Institute of Applied Science and Intelligent Systems; Azienda Sanitaria Unità Locale di Reggio Emilia; Regione Campania; Azienda USL di Bologna; University of Campania ""Luigi Vanvitelli""",2026,0,True,https://www.biorxiv.org/content/biorxiv/early/2026/02/28/2026.02.26.708207.full.pdf,,,"Abstract Accurate cell type classification is essential for a wide range of biomedical applications, including disease diagnosis, drug discovery, and the study of cellular processes. Holographic imaging flow cytometry (HIFC) provides label-free quantitative phase imaging (QPI) of individual cells, enabling classification based on phase images. However, reconstructing holograms into phase images involves multi-step image processing, which introduces substantial computational overhead. The availability of diverse image representations across holographic reconstruction stages allows for flexible analytical strategies, enabling the optimization of trade-off between classification accuracy and computational efficiency. Moreover, deep learning offers an efficient alternative, accelerating the reconstruction process while performing accurate classification. However, despite its importance, this optimization challenge remains largely unexplored in the current literature. Here, we present the first systematic evaluation aimed at balancing classification accuracy with computational efficiency, highlighting how different image representations affect overall performance. We focus on a binary classification task discriminating natural killer cells from breast cancer cells. Six distinct classification pipelines are evaluated: direct processing of raw holograms, analysis of demodulated complex fields (CFs), refocused CFs, unwrapped phase images, and two deep learning-based methods that either replace the automatic refocusing stage or perform end-to-end hologram-to-phase reconstruction. For each strategy, we assess both computational cost and classification performance. Our results reveal a clear trade-off: reconstructed phase images provide the highest accuracy, whereas simpler representations or accelerated reconstruction methods significantly reduce processing time with minimal loss of accuracy. A Pareto analysis identifies the optimal set of strategies, offering practical guidelines for selecting image representations and processing pipelines based on available hardware and desired performance. Thus, this work offers a systematic framework for high-throughput deep learning classification in HIFC, serving as a potential reference for future biomedical applications.",2026-03-23
yes,UDCLV,W4317718004,https://doi.org/10.3389/fonc.2022.1078822,Real-world data to build explainable trustworthy artificial intelligence models for prediction of immunotherapy efficacy in NSCLC patients,Arsela Prelaj; Edoardo Gregorio Galli; V. Miskovic; Mattia Pesenti; Giuseppe Viscardi; Benedetta Pedica; Laura Mazzeo; Achille Bottiglieri; Leonardo Provenzano; A. Spagnoletti; Roberto Marinacci; Alessandro De Toma; Claudia Proto; Roberto Ferrara; Marta Brambilla; Mario Occhipinti; Sara Manglaviti; Giulia Galli; Diego Signorelli; Claudia Giani; Teresa Beninato; Chiara Pircher; Alessandro Rametta; Sokol Kosta; Michele Zanitti; Maria Rosa Di Mauro; Arturo Rinaldi; Settimio Di Gregorio; Antonia Martinetti; Marina Chiara Garassino; Filippo de Braud; Marcello Restelli; Giuseppe Lo Russo; Monica Ganzinelli; Francesco Trovò; Alessandra Pedrocchi,"Fondazione IRCCS Istituto Nazionale dei Tumori; Policlinico San Matteo Fondazione; Azienda Socio Sanitaria Territoriale Grande Ospedale Metropolitano Niguarda; University of Chicago; Istituti di Ricovero e Cura a Carattere Scientifico; University of Milan; Politecnico di Milano; Aalborg University; University of Campania ""Luigi Vanvitelli""",2023,30,True,https://www.frontiersin.org/articles/10.3389/fonc.2022.1078822/pdf,Frontiers in Oncology,en,"In this study we developed a ML algorithm based on real-world data, explained by SHAP techniques, and able to accurately predict the efficacy of immunotherapy in sets of NSCLC patients.",2026-03-23
yes,UDCLV,W4398165020,https://doi.org/10.1016/j.oor.2024.100511,Accelerating editorial processes in scientific journals: Leveraging AI for rapid manuscript review,Luca Fiorillo; Vini Mehta,"Dr. D.Y. Patil Vidyapeeth, Pune; University of Messina; Dr D Y Patil Dental College & Hospital; University of Campania ""Luigi Vanvitelli""",2024,26,True,https://doi.org/10.1016/j.oor.2024.100511,Oral Oncology Reports,en,"Artificial intelligence (AI) integration in business is increasingly recognized for enhancing productivity and efficiency. AI automates routine tasks and accelerates decision-making processes, optimizing operations and data analysis. This paper discusses the emergence of AI chat assistants in various sectors, focusing on models like GPT-3, Watson Assistant, Dialogflow, Alexa, Siri, Cortana, and Google Bard. These AI chat assistants exemplify the transformative impact of AI technologies in everyday life. The study explores AI's role in chatbot development, examining how AI algorithms and machine learning facilitate human-like conversations in diverse industries. The method includes a detailed analysis of AI-powered chatbots' customer service, healthcare, and e-commerce applications. The manuscript also introduces an AI-assisted peer review methodology, employing ChatGPT to analyze and comment on scientific manuscripts, aiming to enhance the efficiency and quality of the academic review process. The AI-assisted review of selected manuscripts demonstrates the potential of ChatGPT in providing insightful feedback and suggestions. The study showcases how AI can contribute to improved manuscript quality, increased efficiency in review processes, and enhanced accessibility. The results highlight the importance of addressing ethical considerations, including privacy and bias, in deploying AI technologies. This research illustrates the significant role of AI in revolutionizing business processes and academic practices. AI chat assistants and AI-assisted peer review methodologies represent pivotal advancements in their respective fields. The study underscores the need for continuous evaluation of the ethical implications of AI technologies to ensure their responsible and equitable use.",2026-03-23
yes,UDCLV,W3089762005,https://doi.org/10.1109/ijcnn48605.2020.9206801,Enhanced Privacy and Data Protection using Natural Language Processing and Artificial Intelligence,Fabio Martinelli; Fiammetta Marulli; Francesco Mercaldo; S. Marrone; Antonella Santone,"Institute of Informatics and Telematics; National Research Council; University of Molise; University of Campania ""Luigi Vanvitelli""",2020,26,False,,,en,"Artificial Intelligence systems have enabled significant benefits for users and society, but whilst the data for their feeding are always increasing, a side to privacy and security leaks is offered. The severe vulnerabilities to the right to privacy obliged governments to enact specific regulations to ensure privacy preservation in any kind of transaction involving sensitive information. In the case of digital and/or physical documents comprising sensitive information, the right to privacy can be preserved by data obfuscation procedures. The capability of recognizing sensitive information for obfuscation is typically entrusted to the experience of human experts, who are over-whelmed by the ever increasing amount of documents to process. Artificial intelligence could proficiently mitigate the effort of the human officers and speed up processes. Anyway, until enough knowledge won't be available in a machine readable format, automatic and effectively working systems can't be developed. In this work we propose a methodology for transferring and leveraging general knowledge across specific-domain tasks. We built, from scratch, specific-domain knowledge data sets, for training artificial intelligence models supporting human experts in privacy preserving tasks. We exploited a mixture of natural language processing techniques applied to unlabeled domain-specific documents corpora for automatically obtain labeled documents, where sensitive information are recognized and tagged. We performed preliminary tests just over 10.000 documents from the healthcare and justice domains. Human experts supported us during the validation. Results we obtained, estimated in terms of precision, recall and F1-score metrics across these two domains, were promising and encouraged us to further investigations.",2026-03-23
yes,UDCLV,W4312292967,https://doi.org/10.1016/j.procs.2022.09.170,Challenges and Trends in Federated Learning for Well-being and Healthcare,Lelio Campanile; S. Marrone; Fiammetta Marulli; Laura Verde,"University of Campania ""Luigi Vanvitelli""",2022,14,True,https://doi.org/10.1016/j.procs.2022.09.170,Procedia Computer Science,en,"Currently, research in Artificial Intelligence, both in Machine Learning and Deep Learning, paves the way for promising innovations in several areas. In healthcare, especially, where large amounts of quantitative and qualitative data are transferred to support studies and early diagnosis and monitoring of any diseases, potential security and privacy issues cannot be underestimated. Federated learning is an approach where privacy issues related to sensitive data management can be significantly reduced, due to the possibility to train algorithms without exchanging data. The main idea behind this approach is that learning models can be trained in a distributed way, where multiple devices or servers with decentralized data samples can provide their contributions without having to exchange their local data. Recent studies provided evidence that prototypes trained by adopting Federated Learning strategies are able to achieve reliable performance, thus by generating robust models without sharing data and, consequently, limiting the impact on security and privacy. This work propose a literature overview of Federated Learning approaches and systems, focusing on its application for healthcare. The main challenges, implications, issues and potentials of this approach in the healthcare are outlined.",2026-03-23
yes,UDCLV,W4307388287,https://doi.org/10.1038/s41598-022-21782-4,Explaining neural activity in human listeners with deep learning via natural language processing of narrative text,Andrea G. Russo; Assunta Ciarlo; Sara Ponticorvo; Francesco Di Salle; Gioacchino Tedeschi; Fabrizio Esposito,"University of Salerno; Resonance Research (United States); University of Minnesota; Ospedali Riuniti San Giovanni di Dio e Ruggi d'Aragona; University of Campania ""Luigi Vanvitelli""",2022,13,True,https://www.nature.com/articles/s41598-022-21782-4.pdf,Scientific Reports,en,"Deep learning (DL) approaches may also inform the analysis of human brain activity. Here, a state-of-art DL tool for natural language processing, the Generative Pre-trained Transformer version 2 (GPT-2), is shown to generate meaningful neural encodings in functional MRI during narrative listening. Linguistic features of word unpredictability (surprisal) and contextual importance (saliency) were derived from the GPT-2 applied to the text of a 12-min narrative. Segments of variable duration (from 15 to 90 s) defined the context for the next word, resulting in different sets of neural predictors for functional MRI signals recorded in 27 healthy listeners of the narrative. GPT-2 surprisal, estimating word prediction errors from the artificial network, significantly explained the neural data in superior and middle temporal gyri (bilaterally), in anterior and posterior cingulate cortices, and in the left prefrontal cortex. GPT-2 saliency, weighing the importance of context words, significantly explained the neural data for longer segments in left superior and middle temporal gyri. These results add novel support to the use of DL tools in the search for neural encodings in functional MRI. A DL language model like the GPT-2 may feature useful data about neural processes subserving language comprehension in humans, including next-word context-related prediction.",2026-03-23
yes,UDCLV,W4221036866,https://doi.org/10.3390/jsan11020021,Sensitivity of Machine Learning Approaches to Fake and Untrusted Data in Healthcare Domain,Fiammetta Marulli; S. Marrone; Laura Verde,"University of Campania ""Luigi Vanvitelli""",2022,12,True,https://www.mdpi.com/2224-2708/11/2/21/pdf?version=1648632310,Journal of Sensor and Actuator Networks,en,"Machine Learning models are susceptible to attacks, such as noise, privacy invasion, replay, false data injection, and evasion attacks, which affect their reliability and trustworthiness. Evasion attacks, performed to probe and identify potential ML-trained models’ vulnerabilities, and poisoning attacks, performed to obtain skewed models whose behavior could be driven when specific inputs are submitted, represent a severe and open issue to face in order to assure security and reliability to critical domains and systems that rely on ML-based or other AI solutions, such as healthcare and justice, for example. In this study, we aimed to perform a comprehensive analysis of the sensitivity of Artificial Intelligence approaches to corrupted data in order to evaluate their reliability and resilience. These systems need to be able to understand what is wrong, figure out how to overcome the resulting problems, and then leverage what they have learned to overcome those challenges and improve their robustness. The main research goal pursued was the evaluation of the sensitivity and responsiveness of Artificial Intelligence algorithms to poisoned signals by comparing several models solicited with both trusted and corrupted data. A case study from the healthcare domain was provided to support the pursued analyses. The results achieved with the experimental campaign were evaluated in terms of accuracy, specificity, sensitivity, F1-score, and ROC area.",2026-03-23
yes,UDCLV,W4410167036,https://doi.org/10.2459/jcm.0000000000001716,Expert consensus document on artificial intelligence of the Italian Society of Cardiology,Ciro Indolfi; Elisabetta Salvioni; Francesco Barillà; Andrea Barison; Stefano Benenati; Grzegorz Bilo; Giuseppe Boriani; Natale Daniele Brunetti; Paolo Calabrò; Stefano Carugo; Michela Casella; Michele Ciccarelli; Marco Matteo Ciccone; Gaetano Maria De Ferrari; Gianluigi Greco; Giovanni Esposito; Emanuela H. Locati; Andrea Mariani; Marco Merlo; Saverio Muscoli; Savina Nodari; Iacopo Olivotto; Stefania Paolillo; Alberto Polimeni; Aldostefano Porcari; Italo Porto; Carmen Spaccarotella; Carmine Dario Vizza; Nicola Leone; Gianfranco Sinagra; Pasquale Perrone Filardi; Antonio Curcio,"Policlinico Tor Vergata; University of Genoa; University of Calabria; Fondazione IRCCS Ca' Granda Ospedale Maggiore Policlinico; University of Salerno; Istituti di Ricovero e Cura a Carattere Scientifico; University of Brescia; IRCCS Policlinico San Donato; Sapienza University of Rome; Ospedale Policlinico San Martino; Azienda Sanitaria Universitaria Integrata di Trieste; University of Foggia; Fondazione Toscana Gabriele Monasterio; IRCCS Istituto Auxologico Italiano; University of Florence; University of Modena and Reggio Emilia; Federico II University Hospital; University of Turin; Ospedale Annunziata di Cosenza; Ospedale Maggiore; University of Milan; Brescia University; University of Rome Tor Vergata; University of Trieste; University of Campania ""Luigi Vanvitelli""",2025,3,False,,Journal of Cardiovascular Medicine,en,"Artificial intelligence (AI), a branch of computer science focused on developing algorithms that replicate intelligent behaviour, has recently been used in patients management by enhancing diagnostic and prognostic capabilities of various resources such as hospital datasets, electrocardiograms and echocardiographic acquisitions. Machine learning (ML) and deep learning (DL) models, both key subsets of AI, have demonstrated robust applications across several cardiovascular diseases, from the most diffuse like hypertension and ischemic heart disease to the rare infiltrative cardiomyopathies, as well as to estimation of LDL cholesterol which can be achieved with better accuracy through AI. Additional emerging applications are encountered when unsupervised ML methodology shows promising results in identifying distinct clusters or phenotypes of patients with atrial fibrillation that may have different risks of stroke and response to therapy. Interestingly, since ML techniques do not analyse the possibility that a specific pathology can occur but rather the trajectory of each subject and the chain of events that lead to the occurrence of various cardiovascular pathologies, it has been considered that DL, by resembling the complexity of human brain and using artificial neural networks, might support clinical management through the processing of large amounts of complex information; however, external validity of algorithms cannot be taken for granted, while interpretability of the results may be an issue, also known as a ""black box"" problem. Notwithstanding these considerations, facilities and governments are willing to unlock the potential of AI in order to reach the final step of healthcare advancements while ensuring that patient safety and equity are preserved.",2026-03-23
yes,UDCLV,W4206363158,https://doi.org/10.1111/codi.16061,"Report from ‘ESCP 2021 Virtual’: the 16th Scientific and Annual Conference of the European Society of Coloproctology, 22–24 September 2021",Miguel F Cunha; Zoe Garoufalia; Vittoria Bellato; Yongbo An; Nagendra N. Dudi‐Venkata; Cristián Gallardo; G Zaffaroni; Erman Aytaç; R Brady; Gianluca Pellino,"Capital Medical University; Acıbadem University Atakent Hospital; University of Portsmouth; University of Adelaide; University of Campania ""Luigi Vanvitelli""; Vall d'Hebron Hospital Universitari; Royal Adelaide Hospital; Luigi Sacco Hospital; Hospital San Borja Arriarán; Laiko General Hospital of Athens; Algarve Biomedical Center; Beijing Friendship Hospital; Newcastle University; National and Kapodistrian University of Athens; Portsmouth College; Cleveland Clinic Florida; Newcastle upon Tyne Hospitals NHS Foundation Trust; Acıbadem Adana Hospital; University of Rome Tor Vergata; Kent Hastanesi",2022,2,True,https://doi.org/10.1111/codi.16061,Colorectal Disease,en,"Following the unprecedented nature of the European Society of Coloproctology’s (ESCP’s) Virtually Vilnius in 2020 (the first completely online annual conference for the ESCP), the ESCP executive had hoped for better times. With news of vaccines and Covid infection rates reducing across Europe, there was considerable hope that 2021 would bring a much sought, and renewed, opportunity for a face-to-face congress. However, despite earlier optimism, a resurgence of Covid variant infections across Europe through mid-2021 forced the Executive to again make the urgent and difficult decision to opt to broadcast our annual congress virtually, cancelling detailed plans for the face-to-face component in Barcelona in September. Considerable human effort, across all the Society’s committees, was mobilized to deliver ESCP 2021 Virtual, to be broadcast in the form of a 3-day virtual event. The executive was delighted with the resulting engagement, with more than 1400 participants from 80 countries attending between 22 and 24 September. Since then, the online recordings of the sessions have been viewed more than 12,000 times. The conference programme was an expert balance of international speakers and chairs, including several young ESCP members, and allowed open interaction and discussion of cases. The congress was opened by the ESCP President, E. Xynos (Greece), who welcomed the virtual attendees and reported on the activities and initiatives of the Society, delivery of which continued despite the challenges caused by the pandemic. E. Angenete (Sweden) was the first speaker on the virtual stage, giving a keynote lecture on the epidemiology of colorectal cancer (CRC). She highlighted the increasing incidence and severity of presentation of CRC among young adults but also that they have a higher disease-free survival if treated adequately and in a timely manner. She linked her presentation to the challenge of the United Nation’s ‘sustainable development goals’ to reduce by a third the premature mortality associated with noncommunicable diseases by 2030. She advocated that we address this through better CRC care, screening implementation programmes and research. Notably, the sustainability agenda in surgery has been a major online focus for the ESCP this year. The highly successful session on guidelines was moderated by J. Warusavitarne (UK). S. Breukink (Netherlands) introduced the ESCP guidelines for haemorrhoidal disease [1], with 34 recommendations covering six areas (evaluation of symptoms, diagnosis and classification, basic treatment, outpatient procedures, surgical interventions, special situations and other surgical techniques). E. Angenete presented the diverticulitis guidelines [2]: indications for emergency surgery, surgical approach, primary anastomosis and other important aspects were discussed. Y. Maeda (UK) reported on the guidelines for the diagnosis and treatment of faecal incontinence, as a collaboration between United European Gastroenterology, the ESCP, the European Society of Neurogastroenterology and Motility and the European Society for Primary Care Gastroenterology, emphasizing the importance of involving patients in shared decision-making throughout the treatment of faecal incontinence. Complex case discussions were also included in this session. M. Pera (Spain) introduced the ‘Surviving CRC’ session. C. Molenaar (Netherlands) stressed that most European countries lack a uniform definition of interval times (time periods since the diagnosis, the correct staging and the multidisciplinary final decision) for CRC pathways, and that recommendations on treatment intervals are often conflicting. K. Emmertsen (Denmark) discussed long-term morbidity after CRC surgery, arguing that dedicated screening and treatment programmes can identify several patients with postsurgical sequelae (20%–30% of patients at her centre). S. Ng (Hong Kong, China), co-chair of the Global Reach Committee, opened the ‘Building and developing the global reach community’ session, with a global panel. D. Morton (UK) reported on the status of the ESCP EAGLE trial, followed by S. Mantoo (Singapore) who talked on the East of DAMASCUS trial, aimed at determining international variability in management of acute colonic diverticulitis. A. Banghu (UK) reported on the lessons learned with the CovidSurg studies, demonstrating a highly effective global collaboration producing rapid and clinically relevant data to guide decisions during a pandemic. N. Smart (UK) and S. Blackwell introduced the PROPHER (Patient Reported Outcomes after Parastomal HErnia tReatment) study, which will use advanced methods of collecting patients’ reported data. The panel discussion focused on study design, methodology and study participating requirements and inclusion criteria. The joint ESCP–European Hereditary Tumour Group (EHTG) ‘Picking the right operation for the patient’ was chaired by G. Möslein (Germany) and A. Latchford (UK), who emphasized the importance of ‘dynamic guidelines’. A. Lepistö (Finland) presented an update on the guidelines for Peutz–Jeghers syndrome [3], noting that baseline screening for polyps should be performed at the age of 8 years. Treatment of intussusception was addressed in detail (conservative therapy, resolution of intussusception and resection of the pedunculated polyp). G. Zaffaroni (Italy–Germany) presented a preview of the EHTG–ESCP update guidelines for familial adenomatous polyposis (FAP), emphasizing the importance of considering FAP and attenuated FAP as different entities, and the potential role of minimally invasive surgery to reduce infertility rates and the development of desmoids. The European Society of Gastrointestinal Endoscopy session ‘Management of bowel endometriosis’, chaired by S. Becker (Germany), included a multidisciplinary panel of experts representing the complex nature of managing this condition with access to expertise across specialities. The panel comprised M. Nisolle (Belgium), H. Ferreira (Portugal) and J. J. Tuech (France). Bowel-sparing approaches are to be favoured where possible, but full-thickness and mucosal involvement are indications for resection and rectal resection requires cross-speciality engagement. D. Hahnloser (Switzerland) chaired the ‘My most challenging case’ educational session, a series of difficult cases presented by trainees and commented on by senior surgeons. V. Laurenti (Italy) and A. Spinelli (Italy) presented a patient with recurrent Crohn’s disease (CD) with multiple enterocutaneous fistulas that required a carefully perioperative optimization followed by meticulous surgical planning; P Curchod and D. Clerc (Switzerland) showed two difficult cases of acute appendicitis, focusing on the pros and cons of conservative and operative management and discussing interval appendicectomy; T. Gregoir and M. Potter (UK) brought two different situations for which Hartmann resection was required; lastly, S. Stefan (UK) and A. Senapati (UK) presented a tailored approach to complex fistula-in-ano associated with perianal sepsis. The session was followed by a question and answer session with animated participation of virtual attendees. W. Bemelman (Netherlands) chaired the ‘New techniques for fistula-in-ano: do they hold promise?’ session. S. Breukink (Netherlands) suggested that it is difficult to reach conclusions on the use of platelet-rich plasma therapy, and indications should be further researched. P. Tozer (UK) provided some technical tips for video-assisted anal fistula treatment, and showed the potential aims of the treatment: cure, palliation and morphological change. The success rates may be lower than previously assumed, but as a symptom-palliation technique it represents is a good addition to the surgeon’s armamentarium. A. Rojanasakul (Thailand) emphasized the utility of ligation of the intersphincteric fistula tract (LIFT) even for fistulas with abscess, recalling that postoperative infection remains the biggest risk factor for recurrence, and provided tips to optimize the outcomes. S. Riss (Austria) reported on stem cell therapy, with a particular focus on the results obtained in patients with CD: a multidisciplinary approach and patient selection are essential. The second day opened with the international trials results forum, reporting on early, unpublished results from the most recent worldwide trials. During this session, results were disseminated to the audience from the FALCON trial [4] by A. Banghu (UK), the ALASSCA trial (NCT02647099) by A. Martling (Sweden), LASER [5] by V. Sallinen (Finland), the CAPACITY1 trial [6] by C. Norton (UK), DAMASCUS by D. Vimalachandran (UK) and COMPASS by W. Xu (New Zealand). The session was chaired by D. Morton and C. Buskens (Netherlands), who promoted a fruitful discussion. R. Brady (UK) introduced the keynote lecture by G. Pellino (Italy) that provided an overview of social media (SoMe). He argued that the academic and scientific value of SoMe has been demonstrated, but there is a need now for importance of ‘netiquette’, attention to detail and responsible actions, and a need for conscious development of ‘meta-ethics’. Later, in another keynote, K. Matzel (Germany) introduced ‘Training must be more than an (interesting) educational experience’ by A. Gallagher (Belgium). During an impressive talk, he showed the importance of training within a training pathway and focused on metric-based training as part of a proficiency-based progression. A. Spinelli (Italy) chaired the session on acute severe ulcerative colitis (UC). T. Raine (UK) spoke about current medical treatment for patients with acute severe UC. Despite current guidelines, the challenges of medical treatment are prompt identification of patients with poor response, evidence-based strategies in medical failure, management of patients who refuse surgery, the impact of medical treatment on the long-term disease course and keeping informed about current new treatment options. A. D’Hoore (Belgium) highlighted the fact that, despite medical treatment, a third of patients with acute severe UC will require emergent surgery, and stated that minimally invasive colectomy should be the standard of care, avoiding delay when necessary. P. Myrelid (Sweden) presented all the available options for restoration of bowel continuity, ranging from ileorectal anastomosis, ileoanal pouch, Kock pouch and permanent ileostomy, stating that the ultimate decision should involve surgical expertise and the patient. D. Laharie (France) suggested that nonresponsive patients should be identified as soon as possible, and elderly/fragile patients should probably be offered surgery earlier. During one of the ‘Big debates’ sessions, ‘Colostomy: mesh it or not’, P. Kirchooff (Switzerland) advocated the use of prophylactic mesh and N. Smart (UK) argued contrary reasons against it. In the second debate ‘Early rectal cancer’, G. Beets (Netherlands) promoted the case for radiotherapy and A. Wolthuis (Belgium) recommended against. A stimulating discussion followed, chaired by E. Espín-Basany (Spain) and I. Aslam (UK). O. Zmora (Israel) and G. van Ramshorst (Netherlands) chaired the ‘Trials methodology’ session. P. Hardy (UK) introduced the basics of hypothesis testing, focusing on the importance of asking the right research question. S. Blackwell (UK) presented on involving patients in a trial design. She advocated for patient integration rather than involvement. N. Brindl (Germany) provided an overview of EuroSurg, a student-led and trainee-led collaborative that has delivered several successful studies [7, 8], and R. Gujjuri (UK) introduced one of the current projects, the COMPASS study, regarding the use of drains in colorectal surgery [9]. The multidisciplinary session on total adjuvant treatment (TNT) for rectal cancer, chaired by K. Matzel (Germany), was opened with a lecture on the rationale for TNT and initial successes by A. Cervantes (Spain), who highlighted the specific indications and advantages of this approach. C. Van De Velde (Netherlands) showed data from the most recent trials on TNT. R. O. Perez (Brazil) discussed the importance of TNT within the watch and wait pathway. Lastly, J. Hill (UK) discussed microsatellite instability and immunotherapy in this setting. In a concurrent live ESCP online Twitter poll, 58% of 89 respondents felt they would use TNT selectively in rectal cancer. The session on emergency CRC treatment, chaired by D. Miskovic (UK) and I. Rubio-Perez (Spain), started with M. Millan (Spain), illustrating the best strategy to manage malignant left-sided obstruction. J. Stijns (Belgium) talked about the indications for surgery on acute severe UC, showing how to safely perform subtotal colectomy. R. Hompes (Netherlands), showed what to do if a left-sided anastomotic leakage occurs, highlighting the importance of pro-active postoperative monitoring with the aim of getting an early diagnosis. The latter will result in a higher chance of preserving the anastomosis. Lastly, A. García-Granero (Spain) showed tips and tricks to drain perianal abscesses, moving from knowledge of anatomy to intraoperative decisions and provided a useful algorithm to manage each specific patient. G. Möslein (Germany) chaired the session on ‘Gender and diversity’. M. Penna (UK) gave her perspective on surgeons who are mothers. ‘Parent surgeons’ needed teamwork, not forgetting themselves or their partners, and noted that there are many ways of parenting. S. Markar (UK) (Penna’s husband and also a surgeon), gave the perspective of surgeons who are fathers and on parenting, noting that times are changing. He stated one should use any help available and always find time for rest and relaxation. J. Mayol (Spain) spoke about SoMe in surgery, and how one can build social capital by networking on SoMe. J. Tuynman (Netherlands) presented the role of colorectal surgeons in gender-affirming surgery focusing on puberty-suppressing hormones and primary total laparoscopic sigmoid vaginoplasty and its outcomes. F. Marinello (Spain) explored overcoming prejudice and diversity bias in colorectal surgery in a talk in which he also showed the results of a survey that he designed and circulated among colorectal surgeons preceding the talk. He concluded that one should not ‘passively’ stand ‘against’ discrimination or ‘for’ diversity and equality, but that individual surgeons and entities should lead the way. Remarkably in a live audience poll running alongside this presentation more than 50% of 66 respondents had seen or experienced gender and diversity bias in colorectal surgery. The New Trials Forum on the third day was chaired by T. Pinkney (UK), and started with a presentation of the planned MEErKAT study (Mesenteric Excision and Kono-S Anastomosis Trial, EME, NIHR131988), presented by S. Brown (UK), which aims to clarify the role of the mesentery and the type of anastomosis on recurrence after ileocaecal resection for CD. The COLOR III trial (NCT02736942), a noninferiority multicentre randomized controlled trial (RCT) comparing transanal total mesorectal excision (TME) versus laparoscopic TME for mid and low rectal cancer, was presented by A. Van Lieshout (Netherlands). M. Mekhael (Denmark) presented a study comparing transanal irrigation versus suppository in patients with major low anterior resection syndrome (LARS) after low anterior resection for rectal cancer. U. Grossi (Italy) presented a phase III, double-blinded, two-armed RCT (FIDELIA) on the role of skeletal muscle-derived cell implantation for the treatment of faecal incontinence. This was followed by T. C. Sluckin (Netherlands) who presented the THROS trial, a RCT to compare rubber band ligation versus sclerotherapy for symptomatic stage 1–2 haemorrhoids. Lastly, G. Van Ramshorst summarized the results of the 2021 ESCP wound closure survey and S. Chaudhri (UK) presented the CORREA 2021 audit, a ESCP snapshot audit on colorectal resections. In a keynote, chaired by G. Moslein (Germany), T. Poskus (Lithuania) spoke about the centralization of rectal cancer care, showing the different national approaches in relation to rectal cancer treatment and the importance of centralization across Europe in order to achieve better results. S. Breukink (Netherlands) chaired the “Pregnancy and CRC” session. J. Walsh (Dublin) presented indications for caesarean section and what the colorectal surgeon should know about it. Moreover, she highlighted the matter of peri-mortem caesarean section, within 5 min of mother's collapse in order to assist maternal resuscitation. M. Collie (UK) talked about postpartum coordination between the obstetrician and the colorectal surgeon. She described the commonest postpartum complications that necessitate a colorectal surgeon involvement and available treatment approaches. C. Selinger (UK) talked about the method of delivery in the patients with inflammatory bowel disease and illustrated the key-points in this group of patients: multidisciplinary decision-making during pregnancy, frequent communication between healthcare professionals, and patient involvement. M. Millan and S. Tou (UK) chaired the ‘Trainee video’ session, in which technical tips of several colorectal index procedures were shown, including how to perform the perfect stoma (I. Rubio-Perez, Spain), techniques to avoid ureteric anastomosis after right colectomy and resection for and with M. (Switzerland) chaired the ESCP–European for session. M. (Italy) showed of advanced and He talked about and surgery, the to surgery. A. (Italy) provided an update on surgical and and how are in the years. M. (UK) presented and ways to anastomotic focusing on O. Zmora (Israel) chaired the ESCP–European session. C. Buskens (Netherlands) talked about new and surgical in management of inflammatory bowel disease She focused not on technical but also on a approach. M. on the recent guidelines on current management of important on the pathway to the O. (UK) gave an talk on surgery and for a He that this to be and that will must be through He by that moving in surgery is more than The session with P. Myrelid (Sweden) discussing the surgical options in the management of UC. He highlighted the current knowledge on ileostomy, and ileorectal anastomosis in UC S. Brown and E. (UK) chaired the session on surgery. J. (UK) gave an overview on ranging from of closure of after anterior resection and the role of new as faecal P. (Denmark) presented some of on the diagnosis and treatment of anal and how some patients may be treated with Lastly, C. (UK) presented for faecal incontinence. the S. Brown and C. (UK) chaired the session on of the J. (Italy) emphasized the importance of the included an overview on by C. (Sweden), where some in relation to different of and were and the results obtained after by C. (UK). G. (Italy) and I. chaired the ESCP guidelines update session. S. Breukink (Netherlands) presented the of the ESCP during as as Y. Maeda (UK) gave a talk on and for data and focusing on the in methodology from the G. Van Ramshorst (Netherlands) presented new on the use of mesh in colorectal surgery G. Pellino (Italy) through the ESCP for colorectal the Covid In we our who delivered an of educational sessions in addition to our programme presented indications and results for excision and anastomosis. promoted two the first focused on research to surgical the EAGLE study as an and the second focused on the use of new in colorectal surgery was about in colorectal surgery. focused on the approach to complex Crohn’s perianal also two one on minimally invasive techniques in colectomy and another on to anastomotic addressed the dedicated colorectal challenges and presented minimally invasive surgical for haemorrhoids. focused on the between surgical technical and long-term survival in showed how to perform a colectomy in a minimally invasive or The conference a and and has since provided to the of the Executive and as answer to their but we not the of at our of another face-to-face opportunity to again with and with and The Executive our and attendees as as our conference of and The are now in for our in the and of in for the",2026-03-23
yes,UDCLV,W3199212017,https://doi.org/10.1109/ijcnn52387.2021.9533946,Evaluating Efficiency and Effectiveness of Federated Learning Approaches in Knowledge Extraction Tasks,Fiammetta Marulli; Laura Verde; S. Marrone; Roberta Barone; Maria Stella de Biase,"University of Campania ""Luigi Vanvitelli""",2021,12,False,,,en,"Federated Learning is a valuable instrument for building AI-based systems that preserve the privacy and security of sensitive data, based on the main concept of shifting no more the data to the edges but moving computations to data, avoiding the collection, sharing, and use of such data by third parties. More robust federated learning systems should be able of preventing malicious inference over both data exchanged during training and the final trained model while ensuring the resulting model also has acceptable predictive accuracy. This study proposes a preliminary analysis to investigate and evaluate the effectiveness and efficiency of a federated approach to ensure valid classification accuracy and data security. A real case study from the ANDROIDS project, concerning the application of machine learning-based systems for supporting mental-health disorders detection, was considered. Large amounts of sensitive patient information are collected, which must be obfuscated or anonymized to provide a preliminary level of protection. Unfortunately, the real bottleneck lies in the difficulty of extracting all sensitive data for anonymization, due to a lot of data to handle as well as the considerable effort required. We propose a Natural Language Processing approach for sensitive knowledge detection and classification, performed by adopting a federated approach. Accuracy decay and latency introduced by applying a decentralized learning approach compared to the same task and data performed in a centralized way were evaluated. Preliminary results proved that effectiveness can be reached by a correct tuning of the federated algorithm and by choosing the right number of participants to the federation.",2026-03-23
yes,UDCLV,W3217122270,https://doi.org/10.3390/diagnostics11112144,Multidisciplinary In-Depth Investigation in a Young Athlete Suffering from Syncope Caused by Myocardial Bridge,Mariarita Brancaccio; Cristina Mennitti; Arturo Cesaro; Emanuele Monda; Valeria D’Argenio; Giorgio Casaburi; Cristina Mazzaccara; Annaluisa Ranieri; Fabio Fimiani; Ferdinando Barretta; Fabiana Uomo; Martina Caiazza; Michele Lioncino; Giovanni D’Alicandro; Giuseppe Limongelli; Paolo Calabrò; Daniela Terracciano; Barbara Lombardo; Giulia Frisso; Olga Scudiero,"Ceinge Biotecnologie Avanzate (Italy); Ospedale Monaldi; Ospedale Sant'Anna; University of Naples Federico II; San Raffaele University of Rome; University of Campania ""Luigi Vanvitelli""",2021,11,True,https://www.mdpi.com/2075-4418/11/11/2144/pdf?version=1637314752,Diagnostics,en,"Laboratory medicine, along with genetic investigations in sports medicine, is taking on an increasingly important role in monitoring athletes' health conditions. Acute or intense exercise can result in metabolic imbalances, muscle injuries or reveal cardiovascular disorders. This study aimed to monitor the health status of a basketball player with an integrated approach, including biochemical and genetic investigations and advanced imaging techniques, to shed light on the causes of recurrent syncope he experienced during exercise. Biochemical analyses showed that the athlete had abnormal iron, ferritin and bilirubin levels. Coronary Computed Tomographic Angiography highlighted the presence of an intramyocardial bridge, suggesting this may be the cause of the observed syncopes. The athlete was excluded from competitive activity. In order to understand if this cardiac malformation could be caused by an inherited genetic condition, both array-CGH and whole exome sequencing were performed. Array-CGH showed two intronic deletions involving <i>MACROD2</i> and <i>COMMD10</i> genes, which could be related to a congenital heart defect; whole exome sequencing highlighted the genotype compatible with Gilbert syndrome. However, no clear pathogenic mutations related to the patient's cardiological phenotype were detected, even after applying machine learning methods. This case report highlights the importance and the need to provide exhaustive personalized diagnostic work up for the athletes in order to cover the cause of their malaise and for safeguarding their health. This multidisciplinary approach can be useful to create ad personam training and treatments, thus avoiding the appearance of diseases and injuries which, if underestimated, can become irreversible disorders and sometimes can result in the death of the athlete.",2026-03-23
yes,UDCLV,W3180630865,https://doi.org/10.3390/app11146488,Machine Learning-Based Tools for Wind Turbine Acoustic Monitoring,Giuseppe Ciaburro; Gino Iannace; Virginia Puyana‐Romero; Amelia Trematerra,"Universidad de Las Américas; University of Campania ""Luigi Vanvitelli""",2021,10,True,https://www.mdpi.com/2076-3417/11/14/6488/pdf?version=1626309088,Applied Sciences,en,"The identification and separation of sound sources has always been a difficult problem for acoustic technicians to tackle. This is due to the considerable complexity of a sound that is made up of many contributions at different frequencies. Each sound has a specific frequency spectrum, but when many sounds overlap it becomes difficult to discriminate between the different contributions. In this case, it can be extremely useful to have a tool that is capable of identifying the operating conditions of an acoustic source. In this study, measurements were made of the noise emitted by a wind turbine in the vicinity of a sensitive receptor. To identify the operating conditions of the wind turbine, average spectral levels in one-third octave bands were used. A model based on a support vector machine (SVM) was developed for the detection of the operating conditions of the wind turbine; then a model based on an artificial neural network was used to compare the performance of both models. The high precision returned by the simulation models supports the adoption of these tools as a support for the acoustic characterization of noise in environments close to wind turbines.",2026-03-23
yes,UDCLV,W4388572429,https://doi.org/10.1142/s0129065723500697,Discriminative Power of Handwriting and Drawing Features in Depression,Claudia Greco; Gennaro Raimo; Terry Amorese; Marialucia Cuciniello; Gavin McConvey; Gennaro Cordasco; Marcos Faúndez-Zanuy; Alessandro Vinciarelli; Zoraida Callejas; Anna Esposito,"University of Glasgow; Action for ME; Pompeu Fabra University; Universidad de Granada; University of Campania ""Luigi Vanvitelli""",2023,5,True,https://doi.org/10.1142/s0129065723500697,International Journal of Neural Systems,en,"This study contributes knowledge on the detection of depression through handwriting/drawing features, to identify quantitative and noninvasive indicators of the disorder for implementing algorithms for its automatic detection. For this purpose, an original <i>online</i> approach was adopted to provide a dynamic evaluation of handwriting/drawing performance of healthy participants with no history of any psychiatric disorders ([Formula: see text]), and patients with a clinical diagnosis of depression ([Formula: see text]). Both groups were asked to complete seven tasks requiring either the writing or drawing on a paper while five handwriting/drawing features' categories (i.e. pressure on the paper, time, ductus, space among characters, and pen inclination) were recorded by using a digitalized tablet. The collected records were statistically analyzed. Results showed that, except for pressure, all the considered features, successfully discriminate between depressed and nondepressed subjects. In addition, it was observed that depression affects different writing/drawing functionalities. These findings suggest the adoption of writing/drawing tasks in the clinical practice as tools to support the current depression detection methods. This would have important repercussions on reducing the diagnostic times and treatment formulation.",2026-03-23
yes,UDCLV,W4407179841,https://doi.org/10.1049/syb2.70002,StackAHTPs: An explainable antihypertensive peptides identifier based on heterogeneous features and stacked learning approach,Ali Ghulam; Muhammad Arif; Ahsanullah Unar; Maha A. Thafar; Somayah Albaradei; Apilak Worachartcheewan,"King Abdulaziz University; Sindh Agriculture University; Taif University; Hamad bin Khalifa University; Mahidol University; University of Campania ""Luigi Vanvitelli""",2025,3,True,https://onlinelibrary.wiley.com/doi/pdfdirect/10.1049/syb2.70002,IET Systems Biology,en,"Hypertension, often known as high blood pressure, is a major concern to millions of individuals globally. Recent studies have demonstrated the significant efficacy of naturally derived peptides in reducing blood pressure. Hypertension is one of the risks associated with cardiovascular disorders and other health problems. Naturally sourced bioactive peptides possessing antihypertensive properties provide considerable potential as viable substitutes for conventional pharmaceutical medications. Currently, thorough examination of antihypertensive peptide (AHTPs), by using traditional wet-lab methods is highly expensive and labours. Therefore, in-silico approaches especially machine-learning (ML) algorithms are favourable due to saving time and cost in the discovery of AHTPs. In this study, a novel ML-based predictor, called StackAHTP was developed for predicting accurate AHTPs from sequence only. The proposed method, utilise two types of feature descriptors Pseudo-Amino Acid Composition and Dipeptide Composition to encode the local and global hidden information from peptide sequences. Furthermore, the encoded features are serially merged and ranked through SHapley Additive explanations (SHAP) algorithm. Then, the top ranked are fed into three different ensemble classifiers (Bagging, Boosting, and Stacking) for enhancing the prediction performance of the model. The StackAHTPs method achieved superior performance compare to other ML classifiers (AdaBoost, XGBoost and Light Gradient Boosting (LightGBM), Bagging and Boosting) on 10-fold cross validation and independent test. The experimental outcomes demonstrate that our proposed method outperformed the existing methods and achieved an accuracy of 92.25% and F1-score of 89.67% on independent test for predicting AHTPs and non-AHTPs. The authors believe this research will remarkably contribute in predicting large-scale characterisation of AHTPs and accelerate the drug discovery process. At https://github.com/ali-ghulam/StackAHTPs you may find datasets features used.",2026-03-23
yes,UDCLV,W4409006028,https://doi.org/10.3390/clinpract15040072,Predictors of Acute Myocardial Infarction: A Machine Learning Analysis After a 7-Year Follow-Up,Marco Casciaro; Pierpaolo Di Micco; Alessandro Tonacci; Marco Vatrano; Vincenzo Russo; Carmine Siniscalchi; Sebastiano Gangemi; Egidio Imbalzano,"Istituto di Fisiologia Clinica; Azienda Ospedaliera Pugliese Ciaccio; University of Messina; Ospedale di Parma; National Research Council; University of Campania ""Luigi Vanvitelli""",2025,3,True,https://www.mdpi.com/2039-7283/15/4/72/pdf?version=1743389063,Clinics and Practice,en,"<b>Background:</b> Ischemic heart disease is a major global health problem with significant morbidity and mortality. Several cardiometabolic variables play a key role in the incidence of adverse cardiovascular outcomes. <b>Objectives:</b> The aim of the present study was to apply a machine learning approach to investigate factors that can predict acute coronary syndrome in patients with a previous episode. <b>Methods:</b> We recruited 652 patients, admitted to the hospital for acute coronary syndrome, eligible if undergoing immediate coronary revascularization procedures for ST-segment-elevation myocardial infarction or coronary revascularization procedures within 24 h. <b>Results:</b> Baseline pulse wave velocity appears to be the most predictive variable overall, followed by the occurrence of left ventricular hypertrophy and left ventricular end-diastolic diameters. We found that the potential of machine learning to predict life-threatening events is significant. <b>Conclusions:</b> Machine learning algorithms can be used to create models to identify patients at risk for acute myocardial infarction. However, great care must be taken with data quality and ethical use of these algorithms.",2026-03-23
yes,UDCLV,W4390699853,https://doi.org/10.1101/2024.01.02.23300497,Disentangling neurodegeneration from ageing in multiple sclerosis: the brain-predicted disease duration gap,Giuseppe Pontillo; Ferrán Prados; Jordan Colman; Baris Kanber; Omar Abdel‐Mannan; Sarmad Al‐Araji; Barbara Ballenberg; Alessia Bianchi; Alvino Bisecco; Wallace Brownlee; Arturo Brunetti; Alessandro Cagol; Massimiliano Calabrese; Marco Castellaro; Ronja Christensen; Sirio Cocozza; Elisa Colato; Sara Collorone; Rosa Cortese; Nicola De Stefano; Christian Enzinger; Massimo Filippi; Michael A. Foster; Antonio Gallo; Claudio Gasperini; Gabriel González‐Escamilla; Cristina Granziera; Sergiu Groppa; Yael Hacohen; Hanne F. Harbo; Anna He; Einar August Høgestøl; Jens Kühle; Sara Llufriú; Carsten Lukas; Eloy Martínez‐Heras; Silvia Messina; Marcello Moccia; Suraya Mohamud; Riccardo Nistri; Gro Owren Nygaard; Jacqueline Palace; Maria Petracca; Daniela Pinter; Maria A. Rocca; Àlex Rovira; Serena Ruggieri; Jaume Sastre‐Garriga; Eva Strijbis; Ahmed Toosy; Tomáš Uher; Paola Valsasina; Manuela Vaněčková; Hugo Vrenken; Jed Wingrove; C.S. Yam; Menno M. Schoonheim; Olga Ciccarelli; James H. Cole; Frederik Barkhof; the MAGNIMS study group,"Amsterdam Neuroscience; Charles University; Universitat Oberta de Catalunya; Ruhr University Bochum; Istituti di Ricovero e Cura a Carattere Scientifico; Fundació Clínic per a la Recerca Biomèdica; University of Basel; University of Verona; Universitat Autònoma de Barcelona; Istituto di Ricovero e Cura a Carattere Scientifico San Raffaele; University of Oxford; University Medical Center of the Johannes Gutenberg University Mainz; National Hospital for Neurology and Neurosurgery; University of Oslo; Sapienza University of Rome; University of Siena; Vita-Salute San Raffaele University; University of Padua; Universitat de Barcelona; Johannes Gutenberg University Mainz; Oslo University Hospital; Information Technology University; UK Dementia Research Institute; Medical University of Graz; Carlo Forlanini Hospital; IRCCS Ospedale San Raffaele; Queen Mary University of London; Vrije Universiteit Amsterdam; St. Josef-Hospital; Amsterdam University Medical Centers; University Hospital of Basel; University of Naples Federico II; Nini Hospital; University College London; University of Campania ""Luigi Vanvitelli""",2024,2,True,https://www.medrxiv.org/content/medrxiv/early/2024/01/03/2024.01.02.23300497.full.pdf,,en,"Abstract Disentangling brain ageing from disease-related neurodegeneration in patients with multiple sclerosis (PwMS) is increasingly topical. The brain-age paradigm offers a window into this problem but may miss disease-specific effects. Here, we statistically modelled disease duration (DD) in PwMS as a function of brain MRI scans and evaluated whether the brain-predicted DD gap (i.e., the difference between predicted and actual duration) could complement the brain-age gap as a DD-adjusted global measure of multiple sclerosis-specific brain damage. In this retrospective study, we used 3D T1-weighted brain MRI scans of PwMS (i) from a large multicentric dataset (n = 4,392) for age and DD modelling, and (ii) from a monocentric longitudinal cohort of patients with early multiple sclerosis (n = 252 patients, 749 sessions) for clinical validation. We trained and tested a deep learning model based on a 3D DenseNet architecture to predict DD from minimally pre-processed brain MRI scans, while age predictions were obtained with the previously validated DeepBrainNet algorithm. Model predictions were scrutinised to assess the influence of lesions and brain volumes, while the DD gap metric was biologically and clinically validated within a linear model framework assessing its relationship with brain-age gap values and with physical disability measured with the Expanded Disability Status Scale (EDSS). Our model predicted DD better than chance (mean absolute error = 5.63 years, R 2 = 0.34) and was nearly orthogonal to the brain-age model, as suggested by the very weak correlation between DD gap and brain-age gap values ( r = 0.06). DD predictions were influenced by spatially distributed variations in brain volume, and, unlike brain-predicted age, were sensitive to the presence of lesions (mean difference between unfilled and filled scans: 0.55 ± 0.57 years, p &lt; 0.001). The DD gap metric significantly explained EDSS scores (β = 0.060, p &lt; 0.001), adding to brain-age gap values (ΔR 2 = 0.012, p &lt; 0.001). Longitudinally, increasing annualised DD gap was associated with greater annualised EDSS changes ( r = 0.50, p &lt; 0.001), with a significant incremental contribution in explaining disability worsening compared to changes of the brain-age gap alone (ΔR 2 = 0.064, p &lt; 0.001). The brain-predicted DD gap metric appears to be sensitive to multiple sclerosis-related lesions and brain atrophy, adding to the brain-age paradigm in explaining physical disability both cross-sectionally and longitudinally. Potentially, it may be used as a multiple sclerosis-specific biomarker of disease severity and progression.",2026-03-23
yes,UDCLV,W4410614211,https://doi.org/10.1007/s42452-025-07125-8,Optimization and image quality in CT studies: application of DRLs based on clinical indication,Carmine Picone; Annamaria Porto; Roberta Fusco; Claudio Granata; Maria Chiara Brunese; Vincenza Granata; Alessandro Ottaiano; Maria Luisa Barretta; Ferdinando Caranci; Biagio Pecori; Eugenio Sorgente; Sergio Salerno; Raffaella Mormile; Fábio Pinto; Antonio Pinto; Andrea Magistrelli; Antonella Petrillo,"Bambino Gesù Children's Hospital; Istituto Nazionale Tumori IRCCS ""Fondazione G. Pascale""; IRCCS Materno Infantile Burlo Garofolo; University of Palermo; Azienda Ospedaliera S.Giuseppe Moscati; Orthopaedic Trauma Association; University of Molise; Regional Health; University of Campania ""Luigi Vanvitelli""",2025,1,True,https://link.springer.com/content/pdf/10.1007/s42452-025-07125-8.pdf,Discover Applied Sciences,en,"The use of ionizing radiation in computed tomography (CT) has significantly enhanced diagnostic accuracy and clinical decision-making. However, optimizing CT protocols is crucial to balance the diagnostic benefits with potential radiation risks, particularly for vulnerable populations. Diagnostic Reference Levels (DRLs), introduced to guide dose optimization, highlight variations in dose indices due to local protocol differences rather than patient or equipment characteristics. This underscores the importance of standardizing technical parameters to ensure consistent image quality and minimize dose variability. Recent advancements, including iterative reconstruction algorithms and artificial intelligence, offer promising avenues for dose reduction without compromising diagnostic value. Effective optimization strategies require a multidisciplinary approach, incorporating continuous protocol evaluation, adherence to quality assurance programs, and clinical audits. Standardized DRLs tailored to clinical indications further enhance imaging practices, reducing variability and fostering safer, more effective patient care. The purpose of this article is to demonstrate, through a review of the literature and recent papers, applied to clinical practice, the role of diagnostic reference levels (DRLs) in CT optimization and image’s quality.",2026-03-23
yes,UDCLV,W4200266754,https://doi.org/10.1093/eurheartj/suab144,596<i> </i>Multidisciplinary in-depth investigation in a young athlete suffering from syncope caused by myocardial bridge,Mariarita Brancaccio; Arturo Cesaro; Emanuele Monda; Valeria D’Argenio; Giorgio Casaburi; Cristina Mazzaccara; Giuseppe Limongelli; Paolo Calabrò; Barbara Lombardo; Olga Scudiero; Giulia Frisso,"Ceinge Biotecnologie Avanzate (Italy); University of Naples Federico II; University of Campania ""Luigi Vanvitelli""",2021,0,True,https://academic.oup.com/eurheartjsupp/article-pdf/23/Supplement_G/suab144/41683386/suab144.pdf,European Heart Journal Supplements,en,"Abstract Aims Laboratory medicine along with genetic investigations are taking on an increasingly important role in monitoring athlete’s health conditions. Acute or intense exercise can lead to metabolic imbalances, muscle injuries, or can point up cardiovascular disorders. Methods and results This study aimed to monitor the health status of a basketball player, through an integrated approach including biochemical and genetic investigations and advanced imaging techniques, to shed light on the causes of recurrent syncope he experienced during exercise. Biochemical analyses showed that the athlete had abnormal iron, ferritin, and bilirubin levels. Coronary computed tomographic angiography highlighted the presence of an intramyocardial bridge, suggesting this may be the cause of the observed syncopes. The athlete was excluded from competitive activity. To understand if this cardiac malformation could be caused by an inherited genetic condition, both array-CGH and whole exome sequencing were performed. Array-CGH showed two intronic deletions involving MACROD2 and COMMD10 genes, which could be related to the congenital heart defect; the whole exome sequencing highlighted the genotype compatible with the Gilbert syndrome. However, no clear pathogenic mutations related to the patient’s cardiological phenotype were detected, even after applying machine learning methods. Conclusions This case highlights the importance and the need to provide exhaustive personalized diagnostic work-up for the athletes to cover the cause of their malaise, safeguarding their health. This multidisciplinary approach can be useful to create ad personam training and treatments, thus avoiding the appearance of diseases and injuries which, if underestimated, can become irreversible disorders and sometimes can lead to the death of the athlete.",2026-03-23
yes,UDCLV,W4205695772,https://doi.org/10.36253/978-88-5518-461-8.34,Supporting decision-makers in healthcare domain. A comparative study of two interpretative proposals for Random Forests,Massimo Aria; Corrado Cuccurullo; Agostino Gnasso,"University of Naples Federico II; University of Campania ""Luigi Vanvitelli""",2021,0,True,https://doi.org/10.36253/978-88-5518-461-8.34,Proceedings e report,en,"The growing success of Machine Learning (ML) is making significant improvements to predictive models, facilitating their integration in various application fields, especially the healthcare context. However, it still has limitations and drawbacks, such as the lack of interpretability which does not allow users to understand how certain decisions are made. This drawback is identified with the term ""Black-Box"", as well as models that do not allow to interpret the internal work of certain ML techniques, thus discouraging their use. In a highly regulated and risk-averse context such as healthcare, although ""trust"" is not synonymous with decision and adoption, trusting an ML model is essential for its adoption. Many clinicians and health researchers feel uncomfortable with black box ML models, even if they achieve high degrees of diagnostic or prognostic accuracy. Therefore more and more research is being conducted on the functioning of these models. Our study focuses on the Random Forest (RF) model. It is one of the most performing and used methodologies in the context of ML approaches, in all fields of research from hard sciences to humanities. In the health context and in the evaluation of health policies, their use is limited by the impossibility of obtaining an interpretation of the causal links between predictors and response. This explains why we need to develop new techniques, tools, and approaches for reconstructing the causal relationships and interactions between predictors and response used in a RF model. Our research aims to perform a machine learning experiment on several medical datasets through a comparison between two methodologies, which are inTrees and NodeHarvest. They are the main approaches in the rules extraction framework. The contribution of our study is to identify, among the approaches to rule extraction, the best proposal for suggesting the appropriate choice to decision-makers in the health domain.",2026-03-23
yes,UDCLV,W7130927688,https://doi.org/10.3390/app16042107,Machine Learning-Based Classification of Vibration Patterns Under Multiple Excitation Scenarios for Structural Health Monitoring,Leidy Esperanza Pamplona Berón; Marco De Simone; D. de Falco; Domenico Guida,"University of Salerno; University of Campania ""Luigi Vanvitelli""",2026,0,True,https://doi.org/10.3390/app16042107,Applied Sciences,en,"Tracking structural behavior is critically important to reduce maintenance and repair costs. Structural Health Monitoring (SHM) aims to evaluate the structural integrity, detect damage or abnormalities, and estimate overall safety. The integration of Machine Learning techniques has significantly advanced SHM by enabling the identification of deterioration patterns through sensor data analysis. This study focuses on classifying different vibration patterns recorded under various excitation scenarios (ambient, transient, and forced) using sensors installed directly on a 3-DoF structure. The proposed approach used a two-dimensional convolutional neural network (2D-CNN) trained on vibration image patterns generated from vibration signal scalogram images. To address dataset imbalance, stratified 5 × 3 Nested cross-validation and multiple performance metrics were computed to ensure robust evaluation. The proposed method was compared with single-sensor scalogram approaches and baseline models, including Support Vector Machines (SVM), Random Forest (RF), eXtreme Gradient Boosting (XGBoost), One-Dimensional Convolutional Neural Network (1D-CNN), and Long Short-Term Memory (LSTM) models, incorporating class-weighting strategies. Additionally, the contribution of the Total Energy Delivered by Sensor (TES) feature was evaluated for SVM, RF, and XGBoost models. The 2D-CNN model achieved superior performance in identifying excitation types associated with structural dynamic behavior, highlighting its effectiveness for structural vibration pattern recognition in SHM applications.",2026-03-23
yes,UDCLV,W4214548492,https://doi.org/10.1038/s41537-022-00231-1,Machine Learning algorithm unveils glutamatergic alterations in the post-mortem schizophrenia brain,Arianna De Rosa; Andrea Fontana; Tommaso Nuzzo; Martina Garofalo; Anna Maio; Daniela Punzo; Massimiliano Copetti; Alessandro Bertolino; Francesco Errico; Antonio Rampino; Andrea de Bartolomeis; Alessandro Usiello,"University of Bari Aldo Moro; Azienda Universitaria Ospedaliera Consorziale - Policlinico Bari; Ceinge Biotecnologie Avanzate (Italy); University of Campania ""Luigi Vanvitelli""; Federico II University Hospital; Istituti di Ricovero e Cura a Carattere Scientifico; University of Naples Federico II; Casa Sollievo della Sofferenza",2022,38,True,https://www.nature.com/articles/s41537-022-00231-1.pdf,Schizophrenia,en,"Schizophrenia is a disorder of synaptic plasticity and aberrant connectivity in which a major dysfunction in glutamate synapse has been suggested. However, a multi-level approach tackling diverse clusters of interacting molecules of the glutamate signaling in schizophrenia is still lacking. We investigated in the post-mortem dorsolateral prefrontal cortex (DLPFC) and hippocampus of schizophrenia patients and non-psychiatric controls, the levels of neuroactive D- and L-amino acids (L-glutamate, D-serine, glycine, L-aspartate, D-aspartate) by HPLC. Moreover, by quantitative RT-PCR and western blotting we analyzed, respectively, the mRNA and protein levels of pre- and post-synaptic key molecules involved in the glutamatergic synapse functioning, including glutamate receptors (NMDA, AMPA, metabotropic), their interacting scaffolding proteins (PSD-95, Homer1b/c), plasma membrane and vesicular glutamate transporters (EAAT1, EAAT2, VGluT1, VGluT2), enzymes involved either in glutamate-dependent GABA neurotransmitter synthesis (GAD65 and 67), or in post-synaptic NMDA receptor-mediated signaling (CAMKIIα) and the pre-synaptic marker Synapsin-1. Univariable analyses revealed that none of the investigated molecules was differently represented in the post-mortem DLPFC and hippocampus of schizophrenia patients, compared with controls. Nonetheless, multivariable hypothesis-driven analyses revealed that the presence of schizophrenia was significantly affected by variations in neuroactive amino acid levels and glutamate-related synaptic elements. Furthermore, a Machine Learning hypothesis-free unveiled other discriminative clusters of molecules, one in the DLPFC and another in the hippocampus. Overall, while confirming a key role of glutamatergic synapse in the molecular pathophysiology of schizophrenia, we reported molecular signatures encompassing elements of the glutamate synapse able to discriminate patients with schizophrenia and normal individuals.",2026-03-23
yes,UDCLV,W3198245460,https://doi.org/10.1109/csr51186.2021.9527939,Improving Classification Trustworthiness in Random Forests,Maria Stella de Biase; Fiammetta Marulli; Laura Verde; S. Marrone,"Universidad de Zaragoza; University of Campania ""Luigi Vanvitelli""",2021,5,False,,,en,"Machine learning algorithms are becoming more and more widespread in industrial as well as in societal settings. This diffusion is starting to become a critical aspect of new software-intensive applications due to the need of fast reactions to changes, even if temporary, in data. This paper investigates on the improvement of reliability in the Machine Learning based classification by extending Random Forests with Bayesian Network models. Such models, combined with a mechanism able to adjust the reputation level of single learners, may improve the overall classification trustworthiness. A small example taken from the healthcare domain is presented to demonstrate the proposed approach.",2026-03-23
yes,UDCLV,W4398199919,https://doi.org/10.1109/edcc61798.2024.00037,Fuzzy-based Severity Evaluation in Privacy Problems: an Application to Healthcare,Atrin Barzegar; Lelio Campanile; S. Marrone; Fiammetta Marulli; Laura Verde; Michele Mastroianni,"University of Salerno; University of Campania ""Luigi Vanvitelli""",2024,4,False,,,en,"The growing diffusion of smart pervasive applications is starting to mine personal privacy: from Internet of Things to Machine Learning, the opportunities for privacy loss are many. As for other concerns involving people and goods as financial, safety and security, researchers and practitioners have defined in time different risk assessment procedures to have repeatable and accurate ways of detecting, quantifying and managing the (possible) source of privacy loss. This paper defines a methodology to deal with privacy risk assessment, overcoming the traditional dichotomy between qualitative (easy to apply) and quantitative (accurate) approaches. The present paper introduces an approach based on fuzzy logic, able to conjugate the benefits of both techniques. The feasibility of the proposed methodology is demonstrated using a healthcare case study.",2026-03-23
yes,UDCLV,W4200176105,https://doi.org/10.21203/rs.3.rs-1123643/v1,CT Angiography-Based Radiomics as a Tool for Carotid Plaque Characterization and Surgery Patient Selection: A Pilot Study,Savino Cilla; Gabriella Macchia; Jacopo Lenkowicz; Huong Elena Tran; Antonio Pierro; Lella Petrella; Mara Fanelli; Celestino Sardu; Alessia Re; Luca Boldrini; Luca Indovina; Carlo Maria De Filippo; Eugenio Caradonna; Francesco Deodato; Massimo Massetti; Vincenzo Valentini; Pietro Modugno,"University of Molise; Università Cattolica del Sacro Cuore; Agostino Gemelli University Polyclinic; University of Campania ""Luigi Vanvitelli""",2021,0,True,https://www.researchsquare.com/article/rs-1123643/latest.pdf,Research Square (Research Square),en,"Abstract Objectives : Radiomics is a quantitative method able to analyze a high-throughput extraction of minable imaging features. Herein, we aim to develop a CT angiography-based radiomics analysis and machine learning model for carotid plaques to discriminate vulnerable from no vulnerable plaques. Methods : Thirty consecutive patients with carotid atherosclerosis were enrolled in this pilot study. At surgery, a binary classification of plaques was adopted (“hard” vs “soft”). Feature extraction was performed using the R software package Moddicom. Pairwise feature interdependencies were evaluated using the Spearman rank correlation coefficient. A univariate analysis was performed to assess the association between each feature and the plaque classification and chose top-ranked features. The feature predictive value was investigated using binary logistic regression. A stepwise backward elimination procedure was performed to minimize the Akaike information criterion (AIC). The final significant features were used to build the models for binary classification of carotid plaques, including logistic regression (LR), support vector machine (SVM), and classification and regression tree analysis (CART). All models were cross-validated using 5-fold cross validation. Class-specific accuracy, precision, recall and F-measure evaluation metrics were used to quantify classifier output quality. Results : A total of 230 radiomics features were extracted from each plaque. Pairwise Spearman correlation between features reported a high level of correlations, with more than 80% correlating with at least one other feature at |ρ| &gt; 0.8. After a stepwise backward elimination procedure, the entropy and volume features were found to be the most significantly associated with the two plaque groups (p&lt; 0.001), with AUCs of 0.92 and 0.96, respectively. The best performance was registered by the SVM classifier with the RBF kernel, with accuracy, precision, recall and F-score equal to 86.7, 92.9, 81.3 and 86.7%, respectively. The CART classification tree model for the entropy and volume features model achieved 86.7% well-classified plaques and an AUC of 0.987. Conclusion : This pilot study highlighted the potential of CTA-based radiomics and machine learning to discriminate plaque composition. This new approach has the potential to provide a reliable method to improve risk stratification in patients with carotid atherosclerosis.",2026-03-23
yes,UDCLV,W4394869541,https://doi.org/10.1016/j.dib.2024.110430,"RafanoSet: Dataset of raw, manually, and automatically annotated Raphanus Raphanistrum weed images for object detection and segmentation.",Shubham Rana; Salvatore Gerbino; Domenico Barretta; Petronia Carillo; Mariano Crimaldi; Valerio Cirillo; Albino Maggio; Fabrizio Sarghini,"University of Naples Federico II; Federico II University Hospital; University of Campania ""Luigi Vanvitelli""",2024,10,True,https://doi.org/10.1016/j.dib.2024.110430,Data in Brief,en,"The rationale for this data article is to provide resources which could facilitate the studies focussed over weed detection and segmentation in precision farming using computer vision. We have curated Multispectral (MS) images over crop fields of <i>Triticum Aestivum</i> containing heterogenous mix of <i>Raphanus</i> r<i>aphanistrum</i> in both uniform and random crop spacing. This dataset is designed to facilitate weed detection and segmentation based on manual and automatically annotated <i>Raphanus</i> r<i>aphanistrum</i>, commonly known as wild radish. The dataset is publicly available through the Zenodo data library and provides annotated pixel-level information that is crucial for registration and segmentation purposes. The dataset consists of 85 original MS images captured over 17 scenes covering various spectra including Blue, Green, Red, NIR (Near-Infrared), and RedEdge. Each image has a dimension of 1280 × 960 pixels and serves as the basis for the specific weed detection and segmentation. Manual annotations were performed using Visual Geometry Group Image Annotator (VIA) and the results were saved in Common Objects in Context (COCO) segmentation format. To facilitate this resource-intensive task of annotation, a Grounding DINO + Segment Anything Model (SAM) was trained with this manually annotated data to obtain automated Visual Object Classes Extended Markup Language (PASCAL VOC) annotations for 80 MS images. The dataset emphasizes quality control, validating both the 'manual"" and 'automated"" repositories by extracting and evaluating binary masks. The codes used for these processes are accessible to ensure transparency and reproducibility. This dataset is the first-of-its-kind public resource providing manual and automatically annotated weed information over close-ranged MS images in heterogenous agriculture environment. Researchers and practitioners in the fields of precision agriculture and computer vision can use this dataset to improve MS image registration and segmentation at close range photogrammetry with a focus on wild radish. The dataset not only helps with intra-subject registration to improve segmentation accuracy, but also provides valuable spectral information for training and refining machine learning models.",2026-03-23
yes,UDCLV,W4396935650,https://doi.org/10.1016/j.dib.2024.110506,"GobhiSet: Dataset of raw, manually, and automatically annotated RGB images across phenology of Brassica oleracea var. Botrytis",Shubham Rana; Mariano Crimaldi; Domenico Barretta; Petronia Carillo; Valerio Cirillo; Albino Maggio; Fabrizio Sarghini; Salvatore Gerbino,"University of Naples Federico II; Federico II University Hospital; University of Campania ""Luigi Vanvitelli""",2024,8,True,https://doi.org/10.1016/j.dib.2024.110506,Data in Brief,en,"This research introduces an extensive dataset of unprocessed aerial RGB images and orthomosaics of Brassica oleracea crops, captured via a DJI Phantom 4. The dataset, publicly accessible, comprises 244 raw RGB images, acquired over six distinct dates in October and November of 2020 as well as 6 orthomosaics from an experimental farm located in Portici, Italy. The images, uniformly distributed across crop spaces, have undergone both manual and automatic annotations, to facilitate the detection, segmentation, and growth modelling of crops. Manual annotations were performed using bounding boxes via the Visual Geometry Group Image Annotator (VIA) and exported in the Common Objects in Context (COCO) segmentation format. The automated annotations were generated using a framework of Grounding DINO + Segment Anything Model (SAM) facilitated by YOLOv8x-seg pretrained weights obtained after training manually annotated images dated 8 October, 21 October, and 29 October 2020. The automated annotations were archived in Pascal Visual Object Classes (PASCAL VOC) format. Seven classes, designated as Row 1 through Row 7, have been identified for crop labelling. Additional attributes such as individual crop ID and the repetitiveness of individual crop specimens are delineated in the Comma Separated Values (CSV) version of the manual annotation. This dataset not only furnishes annotation information but also assists in the refinement of various machine learning models, thereby contributing significantly to the field of smart agriculture. The transparency and reproducibility of the processes are ensured by making the utilized codes accessible. This research marks a significant stride in leveraging technology for vision-based crop growth monitoring.",2026-03-23
yes,UDCLV,W4291492781,https://doi.org/10.1097/01.hs9.0000872816.60309.4c,O-02: RADIOMICS AND ARTIFICIAL INTELLIGENCE FOR IDENTIFICATION AND MONITORING OF SILENT CEREBRAL INFARCTS IN SICKLE CELL DISEASE: FIRST ANALYSIS FROM THE GENOMED4ALL EUROPEAN PROJECT,R. BIONDI; Maria Paola Boaro; N. BIONDINI; COLLADO GIMBERT A.; ESCUDERO FERNANDEZ J.; Valeria Maria Pinto; Nicola Romano; Vincenzo Voi; G. FERRERO; Maddalena Casale; Mario Cirillo; G Palazzi; Francesca Cavalleri; Gian Luca Forni; Giulia Reggiani; Silverio Perrotta; MAÑÚ PEREIRA M.; Santrago Zazo; Kostas Marias; de Montalembert M; Pablo Bartolucci; E. VANBEERS; Fernando Hernández Álvarez; F. CREMONESI; Tiziana Sanavia; Piero Fariselli; G. CASTELLANI; Renzo Manara; Raffaella Colombatti,"Foundation for Research and Technology Hellas; Vall d'Hebron Hospital Universitari; Czech Academy of Sciences, Institute of Computer Science; University Medical Center Utrecht; Datamat (Italy); University of Modena and Reggio Emilia; Assistance Publique – Hôpitaux de Paris; Universidad Politécnica de Madrid; University of Turin; Ente Ospedaliero Ospedali Galliera; Vall d'Hebron Institut de Recerca; Hôpital Necker-Enfants Malades; Ospedale San Luigi Gonzaga; Institut Mondor de Recherche Biomédicale; University of Padua; University of Campania ""Luigi Vanvitelli""",2022,0,True,https://doi.org/10.1097/01.hs9.0000872816.60309.4c,HemaSphere,en,"Purpose: The use of Artificial Intelligence (AI) for personalized medicine has recently guided dramatic improvements in the diagnostic pathway of several diseases. The European Project GENOMED4ALL, aims at using European level data of patients affected by Multiple Myeloma, Myelodysplastic Syndromes and Sickle Cell Disease (SCD) to find correlation between genomics – and other omics data – with phenotypic manifestations and seize the opportunity of improving diagnostics through AI. Silent Cerebral Infarcts (SCIs) are a significant determinant of morbidity since childhood in SCD. One of the aims of the SCD clinical case in GENOMED4ALL is the use of radiomics – quantitative method for the evaluation and interpretation of medical images- and AI firstly to develop an automatic and uniform identification and characterization of SCI through the analysis of cerebral MRI, secondly, to correlate imaging data with other types of omics data in order to predict risk of recurrence. Materials and methods: The MRI protocol included 3D-T1, FLAIR and DWI sequences. Neuroradiological reports were cross checked for consistency. A stepwise segmentation (identification of lesion volume), pre-processing and extraction of MRIs was performed utilizing different open-source software: Lesion Segmentation Tools and UNet for segmentation, Freesurfer for brain extraction. To optimize SCI identification, we have selected the best software for segmentation; freesurfer was substituted with a faster approach. Results: Six European SCD centers participated in this first phase of the Radiomics project with 501 MRIs: 225 were classified as abnormal by the local neuroradiologists due to presence of SCI, 275 were normal; 70% were pediatric MRIs. Different instruments were used in the 6 centers: Philips 1.5 T (n.2), Siemens 1.5 T and 3 T (n.2), GE 3T (n.2). A stepwise procedure allowed the optimization of SCI identification, with distinction between SCI and background non clinically significant noise (i.e periventricular areas) or other white matter hyperintensities (i.e transient glial maturation). As shown in Figure 1, to segment SCI in FLAIR MRI, we have used a pre-trained UNet [Li H, 2018]. Firstly, we have extracted the brain registering the MNI152 on the T1 image. Then we have applied the brain mask and a threshold taking only the largest component. The UNet performs the segmentation of hyperintensities. We have removed the regions surrounded by less than the 90% of White Matter or near the brain ventricles to remove non-SCI region. In the end, we have enlarged the remaining ones. To date, segmentation on 303 exams from different centers showed very few false positive and false negatives highlighting the need to take into account different technical characteristics due to the various equipment used in the different centers. Conclusion: SCD is a systemic disorder with extreme phenotypic variability. Radiomics and AI offer the opportunity to seize the potential of big datasets analysis to optimize diagnostic in SCD. SCI can be detected automatically from different datasets. Four more European Centers will add their MRI in the second phase of the project, to increase variability and allow correlation of in detailed Radiomics data (lesion volume, lesion site, etc) with clinical-hematological characteristics and other omics data.Figure 1. Stepwise Segmentation (identification and selection of lesion volume) workflow for automatic selection of all SCI. From left to right: Axial slices of the input scan, Slice after skull stripping to highlight only the brain parenchyma, Segmentatio The authors do not declare any conflict of interest",2026-03-23
yes,UDCLV,W3180228137,https://doi.org/10.1021/acs.jcim.1c00653,PyRMD: A New Fully Automated AI-Powered Ligand-Based Virtual Screening Tool,Giorgio Amendola; Sandro Cosconati,"University of Campania ""Luigi Vanvitelli""",2021,57,True,https://doi.org/10.1021/acs.jcim.1c00653,Journal of Chemical Information and Modeling,en,"Artificial intelligence (AI) algorithms are dramatically redefining the current drug discovery landscape by boosting the efficiency of its various steps. Still, their implementation often requires a certain level of expertise in AI paradigms and coding. This often prevents the use of these powerful methodologies by non-expert users involved in the design of new biologically active compounds. Here, the random matrix discriminant (RMD) algorithm, a high-performance AI method specifically tailored for the identification of new ligands, was implemented in a new fully automated tool, PyRMD. This ligand-based virtual screening tool can be trained using target bioactivity data directly downloaded from the ChEMBL repository without manual intervention. The software automatically splits the available training compounds into active and inactive sets and learns the distinctive chemical features responsible for the compounds' activity/inactivity. PyRMD was designed to easily screen millions of compounds in hours through an automated workflow and intuitive input files, allowing fine tuning of each parameter of the calculation. Additionally, PyRMD features a wealth of benchmark metrics, to accurately probe the model performance, which were used here to gauge its predictive potential and limitations. PyRMD is freely available on GitHub (https://github.com/cosconatilab/PyRMD) as an open-source tool.",2026-03-23
yes,UDCLV,W7119540272,https://doi.org/10.4018/979-8-3373-5258-9.ch002,Catalyzing Drug Discovery Using Artificial Intelligence With Traditional Medicine,Fatemeh Taktaz; Salar Hafez Ghoran,"North Carolina Clinical Research; University of Campania ""Luigi Vanvitelli""",2025,0,False,,Advances in computational intelligence and robotics book series,,"The integration of artificial intelligence (AI) with traditional medicine holds great promise for accelerating drug discovery and development. By mining ancient medical texts, ethnobotanical records, and modern literature, AI can help identify bioactive compounds and elucidate their mechanism of action. Machine learning and deep learning approaches enable rapid screening of chemical structures, prediction of biological activities, and optimization of drug-like properties, thereby reducing time and costs compared to conventional methods. Beyond discovery, AI also supports quality control and safety assessment of herbal and traditional formulations. However, challenges remain, including data privacy, intellectual property rights, and recognition of traditional knowledge holders, and the need for transparency and interpretability of AI models. This chapter covers an overview of the current landscape, highlighting opportunities, challenges, and future directions in harnessing AI to advance traditional medicine-based drug discovery.",2026-03-23
yes,UDCLV,W3217631768,https://doi.org/10.3390/electronics10232986,A Privacy-Oriented Approach for Depression Signs Detection Based on Speech Analysis,Federica Vitale; Bruno Carbonaro; Gennaro Cordasco; Anna Esposito; S. Marrone; Gennaro Raimo; Laura Verde,"University of Campania ""Luigi Vanvitelli""",2021,3,True,https://www.mdpi.com/2079-9292/10/23/2986/pdf?version=1638345967,Electronics,en,"Currently, AI-based assistive technologies, particularly those involving sensitive data, such as systems for detecting mental illness and emotional disorders, are full of confidentiality, integrity, and security compromises. In the aforesaid context, this work proposes an algorithm for detecting depressive states based on only three never utilized speech markers. This reduced number of markers offers a valuable protection of personal (sensitive) data by not allowing for the retrieval of the speaker’s identity. The proposed speech markers are derived from the analysis of pitch variations measured in speech data obtained through a tale reading task performed by typical and depressed subjects. A sample of 22 subjects (11 depressed and 11 healthy, according to both psychiatric diagnosis and BDI classification) were involved. The reading wave files were listened to and split into a sequence of intervals, each lasting two seconds. For each subject’s reading and each reading interval, the average pitch, the pitch variation (T), the average pitch variation (A), and the inversion percentage (also called the oscillation percentage O) were automatically computed. The values of the triplet (Ti, Ai, Oi) for the i-th subject provide, all together, a 100% correct discrimination between the speech produced by typical and depressed individuals, while requiring a very low computational cost and offering a valuable protection of personal data.",2026-03-23
yes,UDCLV,W2781844454,https://doi.org/10.1071/rd17072,d-Aspartate amends reproductive performance of aged roosters by changing gene expression and testicular histology,Mahdi Ansari; Mahdi Zhandi; Hamid Kohram; M. Zaghari; Mostafa Sadeghi; Maedeh Gholami; Hamid Deldar; Maria Maddalena Di Fiore; Andrew Parks Benson,"University of Tehran; University of Georgia; State Enterprise ""State Road Research Institute named M.P.Shulgina; University of Campania ""Luigi Vanvitelli""",2018,21,False,,Reproduction Fertility and Development,en,"Male broiler breeders (n=32) of 55 weeks of age were administered four different doses of capsulated d-aspartate (DA; 0, 100, 200 or 300mgkg-1day-1, p.o. (DA0, DA100, DA200 and DA300 respectively)) for 12 successive weeks to assess reproductive performance, blood testosterone, testicular histology and transcript levels of steroidogenic acute regulatory protein (StAR), cholesterol side-chain cleavage enzyme (P450scc), androgen receptor (AR), LH receptor (LHR), 3β-hydroxysteroid dehydrogenase (3BHSD), proliferating cell nuclear antigen (PCNA), glutamate ionotropic receptor NMDA type subunit 1 (GRIN1) and glutamate ionotropic receptor NMDA type subunit 2B (GRIN2B). Blood samples and ejaculates were collected, and bodyweight was recorded weekly for 10 weeks. AI was performed weekly for the last 2 weeks to determine the number of sperm penetration holes in the perivitelline layer, fertility and hatchability. Testes histology and transcript levels were evaluated in the 12th week. Bodyweight, numbers of Leydig cells and blood vessels, testis index and levels of sperm abnormalities were not affected (P>0.05) by the treatment. However, sperm total and forward motility, plasma membrane integrity and functionality of sperm, ejaculate volume, testosterone concentration and fertility were higher (P<0.05) in both the DA200 and DA300 groups compared with the other groups. In the DA100 and DA200 groups, sperm concentration, number of spermatogonia, thickness of the seminiferous epithelium and the diameter of tubules were significantly higher (P<0.05) than the other DA-treated groups. The number of penetration holes, hatchability and malondialdehyde concentration were higher in the DA200, all DA-treated and DA300 groups respectively compared with the control and other treatment groups. Except for P450scc, AR, LHR and PCNA transcript levels in the DA300 groups, the relative expression of the genes evaluated improved significantly in the other DA-treated groups. Based on these experimental findings, it is concluded that DA improves reproductive performance of aged roosters.",2026-03-23
yes,UDCLV,W2884769153,https://doi.org/10.3892/mco.2018.1672,"Exemestane and Everolimus combination treatment of hormone receptor positive, HER2 negative metastatic breast cancer: A retrospective study of 9 cancer centers in the Campania Region (Southern Italy) focused on activity, efficacy and safety",Ferdinando Riccardi; Giuseppe Colantuoni; Anna Diana; Carmela Mocerino; Giacomo Carten�; Rossella Lauria; Antonio Febbraro; Francesco Nuzzo; Raffaele Addeo; O Marano; Pasquale Incoronato; Sabino De Placido; Fortunato Ciardiello; Michele Orditura,"Istituto Nazionale Tumori IRCCS ""Fondazione G. Pascale""; Fatebenefratelli Hospital; Azienda Ospedaliera S.Giuseppe Moscati; University of Naples Federico II; University of Campania ""Luigi Vanvitelli""",2018,14,True,http://www.spandidos-publications.com/10.3892/mco.2018.1672/download,Molecular and Clinical Oncology,en,"Exemestane (Exe) in combination with Everolimus (Eve) represents an important treatment option for patients diagnosed with hormone receptor positive (HR+), human epidermal growth factor receptor 2 negative (HER2-) metastatic breast cancer (MBC), which was previously treated with non-steroidal aromatase inhibitors (NSAI). Data from unselected populations may be useful for defining the optimal therapeutic algorithm within a clinical setting. Data from 264 HR+, HER2-MBC patients who received Exe-Eve treatment in combination, following the failure of NSAIs was retrospectively analyzed. Different lines of endocrine treatment (ET) were investigated to evaluate the efficacy and toxicity of the treatment within the 'everyday clinical practice' population. The disease control rate (DCR) was 73.1%, with no statistically significant difference among the different settings. At a median follow-up of 42 months, the median progression free survival (PFS) was 11.6, 9.7 and 7.5 months for patients treated with Exe-Eve as first, second or third line therapy, respectively. There was a statistically significant correlation with younger age, no previous adjuvant chemotherapy (CT), no previous adjuvant endocrine therapy (ET), HT duration ≥36 months, involvement of liver and/or lung, no prior CT for metastatic disease and PS=0 at the start of treatment. The median overall survival (OS) was 33.0 months; at a median follow-up of 67 months, the median OS was 43.1, 31.7 and 27.9 months in patients treated with Exe-Eve in first, second or third line therapy, respectively. On multivariate analysis, diabetes and previous CT for metastatic disease were revealed to correlate with a worse outcome. Conversely, the presence of mucositis was significantly associated with long-term survival. Overall, Exe-Eve was typically well tolerated and the majority toxicities were G1 or 2, while treatment discontinuation due to unacceptable toxicity was only required in 5.7% of patients. Despite the limitations due to the observational nature of this study, the findings suggest that treatment with Exe-Eve is an active and safe therapeutic option for endocrine-sensitive MBC patients in a real-world clinical setting, regardless of treatment lines.",2026-03-23
yes,UDCLV,W4393005919,https://doi.org/10.1007/s10741-024-10398-7,New perspectives in the echocardiographic hemodynamics multiparametric assessment of patients with heart failure,Matteo Lisi; Giovanni Andrea Luisi; Maria Concetta Pastore; Giulia Elena Mandoli; Giovanni Benfari; Federica Ilardi; Alessandro Malagoli; Simona Sperlongano; Michael Y. Henein; Matteo Cameli; Antonello D’Andrea,"Clinica Mediterranea; Policlinico Umberto I; Federico II University Hospital; Ospedale ""Santa Maria delle Croci"" di Ravenna; Umeå University; University of Siena; University of Verona; University of Campania ""Luigi Vanvitelli""",2024,8,True,https://doi.org/10.1007/s10741-024-10398-7,Heart Failure Reviews,en,"International Guidelines consider left ventricular ejection fraction (LVEF) as an important parameter to categorize patients with heart failure (HF) and to define recommended treatments in clinical practice. However, LVEF has some technical and clinical limitations, being derived from geometric assumptions and is unable to evaluate intrinsic myocardial function and LV filling pressure (LVFP). Moreover, it has been shown to fail to predict clinical outcome in patients with end-stage HF. The analysis of LV antegrade flow derived from pulsed-wave Doppler (stroke volume index, stroke distance, cardiac output, and cardiac index) and non-invasive evaluation of LVFP have demonstrated some advantages and prognostic implications in HF patients. Speckle tracking echocardiography (STE) is able to unmask intrinsic myocardial systolic dysfunction in HF patients, particularly in those with LV preserved EF, hence allowing analysis of LV, right ventricular and left atrial (LA) intrinsic myocardial function (global peak atrial LS, (PALS)). Global PALS has been proven a reliable index of LVFP which could fill the gaps ""gray zone"" in the previous Guidelines algorithm for the assessment of LV diastolic dysfunction and LVFP, being added to the latest European Association of Cardiovascular Imaging Consensus document for the use of multimodality imaging in evaluating HFpEF. The aim of this review is to highlight the importance of the hemodynamics multiparametric approach of assessing myocardial function (from LVFP to stroke volume) in patients with HF, thus overcoming the limitations of LVEF.",2026-03-23
yes,UDCLV,W4391882038,https://doi.org/10.36253/fh-2503,SYNERGIES IN THE EVOLUTION OF ARTIFICIAL INTELLIGENCE AND FASHION,Arrigo Bertacchini; Pietro Pantano,"University of Calabria; University of Campania ""Luigi Vanvitelli""",2024,1,True,https://riviste.fupress.net/index.php/fh/article/download/2503/1652,Fashion Highlight,en,"This study provides an in-depth analysis of the intersection between artificial intelligence (AI) and fashion, focusing on the potentials and ethical challenges related to the intensive use of large datasets. Using methodologies such as “Envisioning” and the “Scenario Planning Model”, the aim is to develop clear and structured approaches to the deployment of AI in the fashion industry, exploring how this technology can transform and enrich the creative process, extending human capabilities. Among the main ethical challenges are training on culturally connoted data, which risks introducing formative bias, and the need to explain AI processes and decisions in understandable terms (explainability). The possible formalization of AI methods to make their processes and results formal is also discussed. The potential capabilities of these technologies to overcome the limits of human intellect are also considered. The conclusions highlight the importance of a balance between technological innovation and ethical considerations to promote ongoing dialogue among diverse stakeholders, ensuring that AI in the fashion industry evolves inclusively, ethically, and responsibly, fostering a future where technology and human creativity coexist harmoniously.",2026-03-23
yes,UDCLV,W4410416898,https://doi.org/10.3389/fcvm.2025.1619625,Editorial: Insights in coronary artery disease: 2023,Giuseppe Andò; Felice Gragnano; Marco Giuseppe Del Buono; Viktor Kočka; Marco Zimarino; Toshiro Shinke; Krishnaraj S. Rathod; Javed Ahmed; Alberto Guido Pozzoli; Tommaso Gori,"University Medical Center of the Johannes Gutenberg University Mainz; Showa University; Newcastle upon Tyne Hospitals NHS Foundation Trust; Ospedale regionale di Lugano; Charles University; University of Chieti-Pescara; Queen Mary University of London; Johannes Gutenberg University Mainz; University Hospital Kralovske Vinohrady; University of Messina; Agostino Gemelli University Polyclinic; University of Campania ""Luigi Vanvitelli""",2025,0,True,https://www.frontiersin.org/journals/cardiovascular-medicine/articles/10.3389/fcvm.2025.1619625/pdf,Frontiers in Cardiovascular Medicine,en,"One of the central themes emerging from this Topic is the pursuit of better risk prediction and personalized care pathways for patients with CAD. Dai et al. developed and validated a userfriendly nomogram to predict the five-year risk of non-culprit lesion (NCL) revascularization in patients with ST-segment elevation myocardial infarction (STEMI) who had undergone primary percutaneous coronary intervention (PCI). Their model integrates clinical and laboratory variables such as age, body mass index, Killip class, and low-density lipoprotein cholesterol (LDL-C) levels to identify individuals at elevated long-term risk. The clinical relevance of this tool lies in its potential to inform more individualized surveillance, medical therapy intensification, and follow-up strategies tailored to residual risk-particularly important in the era of complete revascularization. Notably, prior studies(5) have also emphasized the prognostic value of non-culprit lesion assessment following STEMI, underscoring the need for refined risk stratification approaches. Sex differences in outcomes following complex coronary interventions remain an area of growing interest (6). In a robust analysis from a nationwide Spanish registry, Alperi et al. demonstrated that women undergoing complex PCI had a significantly higher risk of all-cause mortality and myocardial infarction compared to men. This disparity persisted despite adjustment for comorbidities and procedural complexity. Their findings underscore the need for continued investigation into sex-specific pathophysiology, differences in response to therapy, and underrepresentation of women in clinical trials-factors that may ultimately influence guideline recommendations and improve outcomes for female patients.Technological advancements in stent platforms also feature prominently in this collection. The CAESAR registry, reported by Tarantini et al., evaluated the real-world performance of a novel ultrathin-strut, polymer-free sirolimus-eluting stent (Coroflex ISAR NEO) in an all-comers population with CAD. The results were encouraging, with low rates of target lesion revascularization and major adverse cardiac events at one year, confirming the safety and efficacy of this new-generation stent. These findings contribute to the growing body of evidence supporting polymer-free platforms, which may reduce chronic inflammation and improve endothelial healing.Understanding the mechanistic basis of atherosclerosis progression and plaque rupture is key to preventing acute coronary syndromes. Bacigalupi et al. provided a comprehensive review on the role of biomechanical forces-particularly wall shear stress, axial plaque stress, and structural stress-in shaping plaque vulnerability. With the advent of high-resolution imaging and computational fluid dynamics (CFD), it is now possible to model these forces in patient-specific coronary geometries. This approach holds promise for identifying plaques at high risk of rupture before clinical events occur, thus enabling preemptive interventions.In line with this, Lashgari et al. proposed the use of in silico 3D modeling as a novel adjunctive tool in the cardiac catheterization laboratory. They demonstrated how patient-specific coronary models, generated from angiographic data and processed using CFD, can provide functional insights beyond visual assessment. Such models may enhance diagnostic precision, especially for intermediate lesions where functional significance is uncertain. As digital health tools evolve, the integration of modeling and simulation into clinical workflows could revolutionize decision-making in interventional cardiology.The inflammatory component of atherosclerosis remains a focal point for research, particularly as imaging tools allow for more nuanced plaque characterization. Los et al. reviewed current invasive coronary imaging techniques-such as intravascular ultrasound (IVUS), optical coherence tomography (OCT), and near-infrared spectroscopy (NIRS)-that can detect plaque features associated with inflammation and vulnerability. These modalities offer valuable prognostic information and may soon be integrated into risk algorithms to guide therapy beyond angiographic stenosis alone. Recent studies( 7) have further highlighted the potential of imaging-derived inflammatory biomarkers to refine cardiovascular risk assessment and personalize therapeutic strategies.The systemic nature of CAD, particularly in elderly patients, was addressed in a study by Xu et al., who evaluated the association between the Geriatric Nutritional Risk Index (GNRI) and the presence of sarcopenia, osteoporosis, and cognitive impairment in older adults with coronary disease. Their findings reinforce the importance of assessing frailty and nutritional status as part of a comprehensive management plan. As the population ages, addressing these geriatric syndromes in CAD patients is increasingly vital to improving quality of life and reducing rehospitalizations.In an innovative study exploring the gut-heart axis, Hu et al. employed Mendelian randomization to investigate potential causal links between gut microbiota composition and coronary heart disease. Their analysis suggested that the presence of certain microbial generaincluding Bifidobacterium and Butyricicoccus-may have protective or deleterious effects on CAD risk. While still exploratory, this line of research opens the door to microbiota-targeted preventive strategies and underscores the systemic and immunological dimensions of atherosclerosis.Finally, Dall'Ara et al. presented a compelling case report of recurrent Takotsubo syndrome triggered by asymptomatic SARS-CoV-2 infection, adding to the evolving understanding of COVID-19's cardiovascular sequelae. The case highlights how viral infections, even in the absence of respiratory symptoms, can precipitate acute cardiac syndromes via neurohormonal (8) or inflammatory pathways. It also reinforces the importance of vigilance and multidisciplinary care in the post-COVID era.In conclusion, the Insights in Coronary Artery Disease: 2023 Research Topic underscores the significant breadth and depth of contemporary research in coronary artery disease, encompassing advancements in predictive modeling, stent technologies, digital innovation, and the understanding of biological, mechanical, and systemic contributors to disease progression.The contributions assembled herein highlight the critical importance of interdisciplinary collaboration and the ongoing shift toward precision cardiovascular medicine. Collectively, these studies provide both a comprehensive resource and a strategic framework to guide future investigations, with the ultimate aim of improving clinical outcomes for patients with coronary artery disease.It is our aspiration that this collection will serve as a valuable reference and a source of inspiration for researchers, clinicians, and trainees committed to advancing the field.",2026-03-23
yes,UDCLV,W3120928485,https://doi.org/10.1109/tase.2020.3043286,A Multimodal Approach to Human Safety in Collaborative Robotic Workcells,Marco Costanzo; Giuseppe De Maria; Gaetano Lettera; Ciro Natale,"University of Campania ""Luigi Vanvitelli""",2021,70,True,https://doi.org/10.1109/TASE.2020.3043286,IEEE Transactions on Automation Science and Engineering,en,"This article investigates the problem of controlling the speed of robots in collaborative workcells for automated manufacturing. The solution is tailored to robotic cells for cooperative assembly of aircraft fuselage panels, where only structural elements are present and robots and humans can share the same workspace, but no physical contact is allowed, unless it happens at zero robot speed. The proposed approach addresses the problem of satisfying the minimal set of requirements of an industrial human–robot collaboration (HRC) task: precision and reliability of human detection and tracking in the shared workspace; correct robot task execution with minimum cycle time while assuring safety for human operators. These requirements are often conflicting with each other. The former does not only concern with safety only but also with the need of avoiding unnecessary robot stops or slowdowns in case of false-positive human detection. The latter, according to the current regulations, concerns with the need of computing the minimum protective separation distance between the human operator and the robots by adjusting their speed when dangerous situations happen. This article proposes a novel fuzzy inference approach to control robot speed enforcing safety while maximizing the level of productivity of the robot minimizing cycle time as well. The approach is supported by a sensor fusion algorithm that merges the images acquired from different depth sensors with those obtained from a thermal camera, by using a machine learning approach. The methodology is experimentally validated in two experiments: the first one at a lab-scale and the second one performed on a full-scale robotic workcell for cooperative assembly of aeronautical structural parts. <italic xmlns:mml=""http://www.w3.org/1998/Math/MathML"" xmlns:xlink=""http://www.w3.org/1999/xlink"">Note to Practitioners</i> —This article discusses a way to handle human safety specifications versus production requirements in collaborative robotized assembly systems. State-of-the-art (SoA) approaches cover only a few aspects of both human detection and robot speed scaling. The present research work proposes a complete pipeline that starts from a robust human tracking algorithm and scales the robot speed in real time. An innovative multimodal perception system composed of two depth cameras and a thermal camera monitors the collaborative workspace. The speed scaling algorithm is optimized to take on different human behaviors during less risky situations or more dangerous ones to guarantee both operator safety and minimum production time with the aim of better profitability and efficiency for collaborative workstations. The algorithm estimates the operator intention for real-time computation of the minimum protective distance according to the current safety regulations. The robot speed is smoothly changed for the psychological advantages of operators, both in the case of single and multiple workers. The result is a complete system, easily implementable on a standard industrial workcell.",2026-03-23
yes,UDCLV,W4313224707,https://doi.org/10.3390/brainsci13010051,Predicting Long-Term Recovery of Consciousness in Prolonged Disorders of Consciousness Based on Coma Recovery Scale-Revised Subscores: Validation of a Machine Learning-Based Prognostic Index,Alfonso Magliacano; Piergiuseppe Liuzzi; Rita Formisano; Antonello Grippo; Efthymios Angelakis; Aurore Thibaut; Olivia Gosseries; Gianfranco Lamberti; Enrique Noé; Sergio Bagnato; Brian L. Edlow; Nicolas Lejeune; Vigneswaran Veeramuthu; Luigi Trojano; Nathan D. Zasler; Caroline Schnakers; Michelangelo Bartolo; Andrea Mannini; Anna Estraneo,"University of Liège; Casa Colina Centers for Rehabilitation; Massachusetts General Hospital; Center for Neuro-Oncology; Scuola Superiore Sant'Anna; Fondazione Istituto G. Giglio di Cefalù; Clinique Saint Pierre; Istituti di Ricovero e Cura a Carattere Scientifico; Hospitales Nisa; Fondazione Santa Lucia; Don Carlo Gnocchi Foundation; National and Kapodistrian University of Athens; University of Campania ""Luigi Vanvitelli""",2022,19,True,https://www.mdpi.com/2076-3425/13/1/51/pdf?version=1672133642,Brain Sciences,en,"Prognosis of prolonged Disorders of Consciousness (pDoC) is influenced by patients' clinical diagnosis and Coma Recovery Scale-Revised (CRS-R) total score. We compared the prognostic accuracy of a novel Consciousness Domain Index (CDI) with that of clinical diagnosis and CRS-R total score, for recovery of full consciousness at 6-, 12-, and 24-months post-injury. The CDI was obtained by a combination of the six CRS-R subscales via an unsupervised machine learning technique. We retrospectively analyzed data on 143 patients with pDoC (75 in Minimally Conscious State; 102 males; median age = 53 years; IQR = 35; time post-injury = 1-3 months) due to different etiologies enrolled in an International Brain Injury Association Disorders of Consciousness Special Interest Group (IBIA DoC-SIG) multicenter longitudinal study. Univariate and multivariate analyses were utilized to assess the association between outcomes and the CDI, compared to clinical diagnosis and CRS-R. The CDI, the clinical diagnosis, and the CRS-R total score were significantly associated with a good outcome at 6, 12 and 24 months. The CDI showed the highest univariate prediction accuracy and sensitivity, and regression models including the CDI provided the highest values of explained variance. A combined scoring system of the CRS-R subscales by unsupervised machine learning may improve clinical ability to predict recovery of consciousness in patients with pDoC.",2026-03-23
yes,UDCLV,W4391450105,https://doi.org/10.3390/machines12020103,An Integrated Architecture for Robotic Assembly and Inspection of a Composite Fuselage Panel with an Industry 5.0 Perspective,Gaetano Lettera; Ciro Natale,"University of Campania ""Luigi Vanvitelli""",2024,4,True,https://www.mdpi.com/2075-1702/12/2/103/pdf?version=1706781789,Machines,en,"Aeronautical robotic applications use quite large, heavy robots with huge end effectors that are frequently multifunctional. An assembly jig to hold a fuselage panel and two medium-sized six-axis robots fixed on linear axes, referred to as the internal and the external robot with respect to the curvature of the panel, make up the Lean robotized AssemBly and cOntrol of composite aeRostructures (LABOR) work cell. A distributed software architecture is proposed in which individual modules are developed to execute specific subprocesses, each implementing innovative algorithms that solve the main drawbacks of state-of-the-art solutions. Real-time referencing adopts a point-cloud-based strategy to reconstruct and process the part before drilling, avoiding hole positioning errors. Accurate concentric countersink diameters are made possible through the automatic adjustment of the drilling tool with respect to the skin panel, which guarantees its orthogonality, as well as the implementation of process parameter optimization algorithms based on historical results that compensate for the wear of the drilling bits. Automatic sealing and fastening strategies that involve the measurement of the main fastener quality parameters allow for the complete verification of the entire assembly process of each part. Additionally, an advanced multimodal perception system continuously monitors the collaborative workspace to ensure safe human–robot collaboration (HRC) tasks. Through this integrated architecture, LABOR substantially reduces expenses and facilitates maintenance and programming.",2026-03-23
yes,UDCLV,W4413772099,https://doi.org/10.1007/s10589-025-00721-9,Behavioral portfolio optimization via cumulative prospect theory with a symmetric alternating direction method of multipliers,Zhongming Wu; Yang Liu; Valentina De Simone,"Nanjing University of Information Science and Technology; University of Campania ""Luigi Vanvitelli""",2025,1,True,https://link.springer.com/content/pdf/10.1007/s10589-025-00721-9.pdf,Computational Optimization and Applications,en,"Abstract Amidst prevailing uncertainties in investment landscapes and heterogeneous investor risk attitudes toward gains and losses, this study investigates behavioral portfolio selection under a flexible investment horizon. We employ cumulative prospect theory (CPT) to model preferences, integrating mean-variance criteria with asymmetric risk behaviors. By extending the mean-variance framework, our model balances exploiting existing opportunities and exploring new assets to derive adaptive strategies. The optimization problem is solved using the symmetric alternating direction method of multipliers and the pooling-adjacent-violators algorithm, chosen for their efficacy in handling non-convexity and ordinal constraints. The optimal number of new assets to explore is determined via an integer programming problem, solved with a modified particle swarm optimization algorithm. In addition, we incorporate environmental, social, and governance (ESG) metrics to evaluate their impact on sustainable behavioral portfolios. Empirical analyses using real-world equity datasets demonstrate that strategic exploration enhances returns, reduces portfolio risk, and improves investment efficiency. The effectiveness of the proposed algorithm is also illustrated. The results highlight the value of adaptive horizon planning, ESG integration, and CPT preferences in portfolio optimization, offering actionable insights for investors navigating dynamic markets.",2026-03-23
yes,UDCLV,W4406779523,https://doi.org/10.48550/arxiv.2501.12950,Reproducibility of fixed-node diffusion Monte Carlo across diverse community codes: The case of water-methane dimer,Flaviano Della Pia; Benjamin X. Shi; Yasmine S. Al-Hamdani; Dario Alfè; Tyler A. Anderson; Matteo Barborini; Anouar Benali; Michele Casula; N. D. Drummond; Matúš Dubecký; Claudia Filippi; Paul R. C. Kent; Jaron T. Krogel; Pablo López Ríos; Arne Lüchow; Ye Luo; Angelos Michaelides; Luboš Mitáš; Kousuke Nakano; R. J. Needs; Manolo C. Per; Anthony Scemama; J.W. Schultze; Ravindra Shinde; E. Slootman; Sandro Sorella; Alexandre Tkatchenko; M. D. Towler; C. J. Umrigar; Lucas K. Wagner; William A. Wheeler; Haihan Zhou; Andrea Zen,"Center for Nanophase Materials Sciences; London Centre for Nanotechnology; Laboratoire de Chimie et Physique Quantiques; Université Toulouse III - Paul Sabatier; North Carolina State University; Institut de minéralogie, de physique des matériaux et de cosmochimie; Scuola Internazionale Superiore di Studi Avanzati; Oak Ridge National Laboratory; University of Naples Federico II; National Institute for Materials Science; University College London; Argonne National Laboratory; University of Campania ""Luigi Vanvitelli""",2025,1,True,https://arxiv.org/pdf/2501.12950,ArXiv.org,en,"Fixed-node diffusion quantum Monte Carlo (FN-DMC) is a widely-trusted many-body method for solving the Schrödinger equation, known for its reliable predictions of material and molecular properties. Furthermore, its excellent scalability with system complexity and near-perfect utilization of computational power makes FN-DMC ideally positioned to leverage new advances in computing to address increasingly complex scientific problems. Even though the method is widely used as a computational gold standard, reproducibility across the numerous FN-DMC code implementations has yet to be demonstrated. This difficulty stems from the diverse array of DMC algorithms and trial wave functions, compounded by the method's inherent stochastic nature. This study represents a community-wide effort to assess the reproducibility of the method, affirming that: Yes, FN-DMC is reproducible (when handled with care). Using the water-methane dimer as the canonical test case, we compare results from eleven different FN-DMC codes and show that the approximations to treat the non-locality of pseudopotentials are the primary source of the discrepancies between them. In particular, we demonstrate that, for the same choice of determinantal component in the trial wave function, reliable and reproducible predictions can be achieved by employing the T-move (TM), the determinant locality approximation (DLA), or the determinant T-move (DTM) schemes, while the older locality approximation (LA) leads to considerable variability in results. These findings demonstrate that, with appropriate choices of algorithmic details, fixed-node DMC is reproducible across diverse community codes-highlighting the maturity and robustness of the method as a tool for open and reliable computational science.",2026-03-23
yes,UDCLV,W4406423442,https://doi.org/10.7358/ecps-2024-030-luon,Artificial Intelligence to Enhance Qualitative Research: Methodological Reflections on a Pilot Study,Maria Luongo; Michela Ponticorvo; Maria Beatrice Ligorio; Pietro Crescenzo; Giuseppe Ritella,"University of Naples Federico II; University of Bari Aldo Moro; University of Campania ""Luigi Vanvitelli""",2025,0,True,https://www.ledonline.it/index.php/ECPS-Journal/article/download/6517/1979,Journal of Educational Cultural and Psychological Studies (ECPS Journal),en,"L’INTELLIGENZA ARTIFICIALE PER POTENZIARE LA RICERCA QUALITATIVA: RIFLESSIONI METODOLOGICHE SU UNO STUDIO PILOTA Abstract Qualitative analysis is essential in research across diverse fields, offering in-depth insights that often cannot be captured through quantitative methods. However, managing large volumes of qualitative data presents challenges, including its labour intensive nature and the potential for interpretive biases. In this study, we introduce and show a methodology step by step that integrates artificial intelligence (AI) in the analysis of qualitative data, with a focus on textual responses extracted from survey questions. Specifically, our approach employs AI techniques, utilizing Word2Vec for word embedding extraction and K-Means clustering to streamline the analysis of qualitative textual data, while ultimately integrating the researcher’s interpretation of the identified clusters to improve the relevance of the analysis. Moreover, the present article discusses the relevance and significance of this approach as well as its ethical and methodological challenges by means of an empirical illustration taken from a study on teachers’ sensemaking regarding a range of different educational activities.",2026-03-23
yes,UMA,W2724727449,https://doi.org/10.3390/s17071513,Analysis of Public Datasets for Wearable Fall Detection Systems,E. Casilari; Jose A.Santoyo-Ramón; José Manuel Bermúdez Cano,Universidad de Málaga,2017,130,True,https://www.mdpi.com/1424-8220/17/7/1513/pdf?version=1498654675,Sensors,en,"Due to the boom of wireless handheld devices such as smartwatches and smartphones, wearable Fall Detection Systems (FDSs) have become a major focus of attention among the research community during the last years. The effectiveness of a wearable FDS must be contrasted against a wide variety of measurements obtained from inertial sensors during the occurrence of falls and Activities of Daily Living (ADLs). In this regard, the access to public databases constitutes the basis for an open and systematic assessment of fall detection techniques. This paper reviews and appraises twelve existing available data repositories containing measurements of ADLs and emulated falls envisaged for the evaluation of fall detection algorithms in wearable FDSs. The analysis of the found datasets is performed in a comprehensive way, taking into account the multiple factors involved in the definition of the testbeds deployed for the generation of the mobility samples. The study of the traces brings to light the lack of a common experimental benchmarking procedure and, consequently, the large heterogeneity of the datasets from a number of perspectives (length and number of samples, typology of the emulated falls and ADLs, characteristics of the test subjects, features and positions of the sensors, etc.). Concerning this, the statistical analysis of the samples reveals the impact of the sensor range on the reliability of the traces. In addition, the study evidences the importance of the selection of the ADLs and the need of categorizing the ADLs depending on the intensity of the movements in order to evaluate the capability of a certain detection algorithm to discriminate falls from ADLs.",2026-03-23
yes,UMA,W2201912737,https://doi.org/10.1371/journal.pone.0140929,Automatic Fall Detection System Based on the Combined Use of a Smartphone and a Smartwatch,E. Casilari; Miguel Ángel Oviedo-Jiménez,Universidad de Málaga,2015,106,True,https://journals.plos.org/plosone/article/file?id=10.1371/journal.pone.0140929&type=printable,PLoS ONE,en,"Due to their widespread popularity, decreasing costs, built-in sensors, computing power and communication capabilities, Android-based personal devices are being seen as an appealing technology for the deployment of wearable fall detection systems. In contrast with previous solutions in the existing literature, which are based on the performance of a single element (a smartphone), this paper proposes and evaluates a fall detection system that benefits from the detection performed by two popular personal devices: a smartphone and a smartwatch (both provided with an embedded accelerometer and a gyroscope). In the proposed architecture, a specific application in each component permanently tracks and analyses the patient's movements. Diverse fall detection algorithms (commonly employed in the literature) were implemented in the developed Android apps to discriminate falls from the conventional activities of daily living of the patient. As a novelty, a fall is only assumed to have occurred if it is simultaneously and independently detected by the two Android devices (which can interact via Bluetooth communication). The system was systematically evaluated in an experimental testbed with actual test subjects simulating a set of falls and conventional movements associated with activities of daily living. The tests were repeated by varying the detection algorithm as well as the pre-defined mobility patterns executed by the subjects (i.e., the typology of the falls and non-fall movements). The proposed system was compared with the cases where only one device (the smartphone or the smartwatch) is considered to recognize and discriminate the falls. The obtained results show that the joint use of the two detection devices clearly increases the system's capability to avoid false alarms or 'false positives' (those conventional movements misidentified as falls) while maintaining the effectiveness of the detection decisions (that is to say, without increasing the ratio of 'false negatives' or actual falls that remain undetected).",2026-03-23
yes,UMA,W3009322598,https://doi.org/10.3390/s20051466,A Study on the Application of Convolutional Neural Networks to Fall Detection Evaluated with Multiple Public Datasets,E. Casilari; Raúl Lora-Rivera; Francisco García-Lagos,Universidad de Málaga,2020,102,True,https://www.mdpi.com/1424-8220/20/5/1466/pdf?version=1583924035,Sensors,en,"Due to the repercussion of falls on both the health and self-sufficiency of older people and on the financial sustainability of healthcare systems, the study of wearable fall detection systems (FDSs) has gained much attention during the last years. The core of a FDS is the algorithm that discriminates falls from conventional Activities of Daily Life (ADLs). This work presents and evaluates a convolutional deep neural network when it is applied to identify fall patterns based on the measurements collected by a transportable tri-axial accelerometer. In contrast with most works in the related literature, the evaluation is performed against a wide set of public data repositories containing the traces obtained from diverse groups of volunteers during the execution of ADLs and mimicked falls. Although the method can yield very good results when it is hyper-parameterized for a certain dataset, the global evaluation with the other repositories highlights the difficulty of extrapolating to other testbeds the network architecture that was configured and optimized for a particular dataset.",2026-03-23
yes,UMA,W4403170672,https://doi.org/10.1007/s10755-024-09747-z,Empowering the Faculty of Education Students: Applying AI’s Potential for Motivating and Enhancing Learning,Amr M. Mohamed; Tahany S. Shaaban; Sameh H. Bakry; Francisco D. Guillén‐Gámez; Artur Strzelecki,Northern Border University; University of Economics in Katowice; Universidad de Málaga,2024,69,True,https://link.springer.com/content/pdf/10.1007/s10755-024-09747-z.pdf,Innovative Higher Education,en,"Abstract This study aimed to investigate how AI impacts students’ intrinsic motivation and learning experiences in various cultural and academic settings. An analysis of the effects of AI-powered learning tools on intrinsic motivation and learning enhancement was conducted in early 2024. The study recruited 455 students (192 males and 263 females) from Egypt, Saudi Arabia, Spain, and Poland who were studying diverse majors in educational faculties. Using a 5-point Likert scale, the validated instrument included three dimensions with a total of 10 items: intrinsic motivation and AI, AI and enhancing learning, and overall perception of AI in education. Significant differences were found by nationality and major, with Polish students and education technology majors showing the highest motivation levels. As a result of enhancing learning experiences, autonomy, and critical thinking skills, AI tools were found to positively influence motivation. Motivation, however, was not significantly influenced by academic level. Despite ethical concerns, students held a moderately positive view of artificial intelligence in education. Further research on optimal AI implementation and ethical considerations in education is necessary based on these findings.",2026-03-23
yes,UMA,W2798222646,https://doi.org/10.3390/s18041155,Analysis of a Smartphone-Based Architecture with Multiple Mobility Sensors for Fall Detection with Supervised Learning,Jose A.Santoyo-Ramón; E. Casilari; José Manuel Bermúdez Cano,Universidad de Málaga,2018,63,True,https://www.mdpi.com/1424-8220/18/4/1155/pdf?version=1525347934,Sensors,en,"This paper describes a wearable Fall Detection System (FDS) based on a body-area network consisting of four nodes provided with inertial sensors and Bluetooth wireless interfaces. The signals captured by the nodes are sent to a smartphone which simultaneously acts as another sensing point. In contrast to many FDSs proposed by the literature (which only consider a single sensor), the multisensory nature of the prototype is utilized to investigate the impact of the number and the positions of the sensors on the effectiveness of the production of the fall detection decision. In particular, the study assesses the capability of four popular machine learning algorithms to discriminate the dynamics of the Activities of Daily Living (ADLs) and falls generated by a set of experimental subjects, when the combined use of the sensors located on different parts of the body is considered. Prior to this, the election of the statistics that optimize the characterization of the acceleration signals and the efficacy of the FDS is also investigated. As another important methodological novelty in this field, the statistical significance of all the results (an aspect which is usually neglected by other works) is validated by an analysis of variance (ANOVA).",2026-03-23
yes,UMA,W4317884115,https://doi.org/10.1016/j.iedeen.2022.100211,Evaluation of non-financial information and its contribution to advancing the sustainable development goals within the Spanish banking sector,Francisco Aguado Correa; Juan José de la Vega‐Jiménez; José María López‐Jiménez; Nuria Padilla Garrido; Inmaculada Rabadán Martín,Universidad de Huelva; Universidad de Málaga,2023,49,True,https://doi.org/10.1016/j.iedeen.2022.100211,European Research on Management and Business Economics,en,"Non-financial information and its contribution to the achievement of each Sustainable Development Goal (SDG) are assuming great relevance in the business world, in which it is not enough to be economically sustainable without also being sustainable from ethical, environmental, and social points of view. An analysis of how the financial sector contributes to the achievement of the SDGs is crucial in two ways. Firstly, due to the relevance and the magnitude of this sector itself; secondly, and more importantly in our view, because of the financial leverage of the banking sector that has a mandate to facilitate the transition of all economic sectors towards sustainability, guided by the 2030 Agenda. However, despite the expectations placed on banking entities, there is a research gap on their disclosure practices and on the SDG-related information that they report. In addition, the academic literature centered on the analysis of SDG-related disclosures through artificial intelligence is very scarce. To fill this gap, the objective of our study is, on the one hand, to analyze whether there is greater homogeneity in the disclosure of non-financial information in the Spanish banking sector following the transposition of Directive 2014/95/EU into Spanish Law. On the other hand, it is to evaluate the contribution of banking entities to the SDGs. To do so, the non-financial information reports of 12 Spanish banks are analyzed, completing a comparative evaluation and using artificial intelligence to identify mentions of each SDG and its targets. The Technique for Order Preference by Similarity to Ideal Solution (TOPSIS) was also used to rank the banking entities in accordance with their contribution to each SDG. The results reflected the plurality, in both breadth and quality, in the disclosure of non-financial information and in the contribution to the SDGs. The only point in common between all the entities that were studied was the use of the GRI disclosure framework and the identification of the priority SDGs, positioning SDGs 8, 13, and 4 in priority positions. The banks with higher bank capitalization levels occupied the top of the ranking of contributions to the SDGs. Differences were presented for all other aspects, even to the point of highlighting that some entities or independent verifiers had not offered all the information. In conclusion, greater efforts to improve the quality of non-financial reporting and further development of the common regulatory framework will be fundamental for better comparability between the reports from banking entities. Furthermore, this study shows that natural language processing can be applied to better measure companies' alignment with the SDGs based on the text of their non-financial reports.",2026-03-23
yes,UMA,W4320002767,https://doi.org/10.1109/access.2023.3240167,State-of-the-Art Wayside Condition Monitoring Systems for Railway Wheels: A Comprehensive Review,Muhammad Zakir Shaikh; Zeeshan Ahmed; Bhawani Shankar Chowdhry; Enrique Nava Baro; Tanweer Hussain; Muhammad Aslam Uqaili; Sanaullah Mehran; Dileep Kumar; Ali Akber Shah,Universitat Politècnica de Catalunya; Mehran University of Engineering and Technology; Universidad de Málaga,2023,46,True,https://ieeexplore.ieee.org/ielx7/6287639/6514899/10026832.pdf,IEEE Access,en,"In recent decades, there has been a constant demand for faster, longer, and safer railway networks. This also brings challenges for condition monitoring systems in modern railway vehicles. More specifically, critical parts of railway vehicles like wheels degrade over time due to various operational and environmental reasons. Different dynamic effects such as skidding/sliding over the track and the presence of contamination between wheel-rail cause various wheel defects. Faulty wheels ultimately lead to the derailment of railway vehicles. To avoid worst situations like railway derailments, various research has been conducted for developing efficient condition monitoring systems for railway wheels. In addition, there have been some commercial condition monitoring products that can be deployed with railway vehicles. These systems incorporate various sensors such as strain gauges and vision sensors to collect data for diagnosis and prognosis. Various methods have been explored but yet there is a broad research gap in terms of developing advanced onboard condition monitoring systems. With the progress in technology, advanced systems with Machine Learning/Deep Learning methods can provide more efficient and robust condition monitoring of dynamic railway systems. Considering the need for advancement in condition monitoring systems for railway vehicles, a comprehensive review of existing condition monitoring systems for railway wheels is conducted in this paper. The review is aimed at understanding the feasibility and potential of new methods for modern railways. This paper provides a detailed overview of studies on the existing wayside systems and reports their advantages and disadvantages concerning its recently emerging counterpart on-board monitoring systems. Data acquisition systems and analysis methods are critically reviewed which could assist in developing more efficient and reliable condition monitoring systems for railway wheels. This article also reviews the current progress of wayside systems and their limitations. The article is targeted at the researchers and engineers working in this domain, who can pave the way for developing advanced and cost-effective condition monitoring systems for railway wheels using modern technologies.",2026-03-23
yes,UMA,W4316465182,https://doi.org/10.3390/ijerph20021589,Impact of the Rise of Artificial Intelligence in Radiology: What Do Students Think?,Andrés Barreiro-Ares; Annia Morales-Santiago; Francisco Sendra‐Portero; Miguel Souto,Instituto de Investigación Sanitaria de Santiago; Universidade de Santiago de Compostela; Universidad de Málaga,2023,40,True,https://www.mdpi.com/1660-4601/20/2/1589/pdf?version=1673847954,International Journal of Environmental Research and Public Health,en,"The rise of artificial intelligence (AI) in medicine, and particularly in radiology, is becoming increasingly prominent. Its impact will transform the way the specialty is practiced and the current and future education model. The aim of this study is to analyze the perception that undergraduate medical students have about the current situation of AI in medicine, especially in radiology. A survey with 17 items was distributed to medical students between 3 January to 31 March 2022. Two hundred and eighty-one students correctly responded the questionnaire; 79.3% of them claimed that they knew what AI is. However, their objective knowledge about AI was low but acceptable. Only 24.9% would choose radiology as a specialty, and only 40% of them as one of their first three options. The applications of this technology were valued positively by most students, who give it an important Support Role, without fear that the radiologist will be replaced by AI (79.7%). The majority (95.7%) agreed with the need to implement well-established ethical principles in AI, and 80% valued academic training in AI positively. Surveyed medical students have a basic understanding of AI and perceive it as a useful tool that will transform radiology.",2026-03-23
yes,UMA,W1982623426,https://doi.org/10.1371/journal.pone.0093851,Automatic ROI Selection in Structural Brain MRI Using SOM 3D Projection,Andrés Ortíz; J. M. Górriz; Javier Ramı́rez; Francisco J. Martínez-Murcia; for the Alzheimer's Disease Neuroimaging Initiative,Universidad de Granada; Universidad de Málaga,2014,36,True,https://journals.plos.org/plosone/article/file?id=10.1371/journal.pone.0093851&type=printable,PLoS ONE,en,"This paper presents a method for selecting Regions of Interest (ROI) in brain Magnetic Resonance Imaging (MRI) for diagnostic purposes, using statistical learning and vector quantization techniques. The proposed method models the distribution of GM and WM tissues grouping the voxels belonging to each tissue in ROIs associated to a specific neurological disorder. Tissue distribution of normal and abnormal images is modelled by a Self-Organizing map (SOM), generating a set of representative prototypes, and the receptive field (RF) of each SOM prototype defines a ROI. Moreover, the proposed method computes the relative importance of each ROI by means of its discriminative power. The devised method has been assessed using 818 images from the Alzheimer's disease Neuroimaging Initiative (ADNI) which were previously segmented through Statistical Parametric Mapping (SPM). The proposed algorithm was used over these images to parcel ROIs associated to the Alzheimer's Disease (AD). Additionally, this method can be used to extract a reduced set of discriminative features for classification, since it compresses discriminative information contained in the brain. Voxels marked by ROIs which were computed using the proposed method, yield classification results up to 90% of accuracy for controls (CN) and Alzheimer's disease (AD) patients, and 84% of accuracy for Mild Cognitive Impairment (MCI) and AD patients.",2026-03-23
yes,UMA,W4388447982,https://doi.org/10.1016/j.phrs.2023.106984,"Applications of machine learning and deep learning in SPECT and PET imaging: General overview, challenges and future prospects",C. Jiménez-Mesa; Juan E. Arco; Francisco J. Martínez-Murcia; John Suckling; Javier Ramı́rez; J. M. Górriz,University of Cambridge; Universidad de Málaga; Universidad de Granada,2023,32,True,https://ars.els-cdn.com/content/image/1-s2.0-S1043661823003407-ga1_lrg.jpg,Pharmacological Research,en,"The integration of positron emission tomography (PET) and single-photon emission computed tomography (SPECT) imaging techniques with machine learning (ML) algorithms, including deep learning (DL) models, is a promising approach. This integration enhances the precision and efficiency of current diagnostic and treatment strategies while offering invaluable insights into disease mechanisms. In this comprehensive review, we delve into the transformative impact of ML and DL in this domain. Firstly, a brief analysis is provided of how these algorithms have evolved and which are the most widely applied in this domain. Their different potential applications in nuclear imaging are then discussed, such as optimization of image adquisition or reconstruction, biomarkers identification, multimodal fusion and the development of diagnostic, prognostic, and disease progression evaluation systems. This is because they are able to analyse complex patterns and relationships within imaging data, as well as extracting quantitative and objective measures. Furthermore, we discuss the challenges in implementation, such as data standardization and limited sample sizes, and explore the clinical opportunities and future horizons, including data augmentation and explainable AI. Together, these factors are propelling the continuous advancement of more robust, transparent, and reliable systems.",2026-03-23
yes,UMA,W4385291343,https://doi.org/10.2196/47346,Use of Artificial Intelligence in the Identification and Diagnosis of Frailty Syndrome in Older Adults: Scoping Review,Daniel Velázquez‐Díaz; Juan E. Arco; Andrés Ortíz; Verónica Pérez‐Cabezas; David Lucena-Antón; José A. Moral-Muñoz; Alejandro Galán-Mercant,Universidad de Cádiz; Biomedical Research and Innovation Institute of Cadiz; Instituto Andaluz de Ciencias de la Tierra; Universidad de Granada; Universidad de Málaga,2023,30,True,https://www.jmir.org/2023/1/e47346/PDF,Journal of Medical Internet Research,en,"The findings of this scoping review clarify the overall status of recent studies using AI to identify and diagnose FS. Moreover, the findings show that the combined use of AI using clinical data along with nonclinical information such as the kinematics of inertial sensors that monitor activities in a nonclinical context could be an appropriate tool for the identification and diagnosis of FS. Nevertheless, some possible limitations of the evidence included in the review could be small sample sizes, heterogeneity of study designs, and lack of standardization in the AI models and diagnostic criteria used across studies. Future research is needed to validate AI systems with diverse data sources for diagnosing FS. AI should be used as a decision support tool for identifying FS, with data quality and privacy addressed, and the tool should be regularly monitored for performance after being integrated in clinical practice.",2026-03-23
yes,UMA,W4386921745,https://doi.org/10.3389/fmicb.2023.1257002,Advancing microbiome research with machine learning: key findings from the ML4Microbiome COST action,Domenica D’Elia; Jaak Truu; Leo Lahti; Magali Berland; Γεώργιος Παπουτσόγλου; Michelangelo Ceci; Aldert Zomer; Marta B. Lopes; Eliana Ibrahimi; Aleksandra Gruca; Alina Nechyporenko; Marcus Frohme; Thomas Klammsteiner; Enrique Carrillo de Santa Pau; Laura Judith Marcos-Zambrano; Karel Hron; Gianvito Pio; Andrea Simeon; Ramona Suharoschi; Isabel Moreno‐Indias; Andriy Temko; Miroslava Nedyalkova; Elena‐Simona Apostol; Ciprian‐Octavian Truică; Rajesh Shigdel; Jasminka Hasić Telalović; Erik Bongcam‐Rudloff; Piotr Przymus; Naida Babić Jordamović; Laurent Falquet; Sonia Tarazona; Alexia Sampri; Gaetano Isola; David Pérez-Serrano; Vladimir Trajkovik; Ľuboš Kľúčár; Tatjana Lončar-Turukalo; Aki S. Havulinna; Christian Jansen; Randi Jacobsen Bertelsen; Marcus J. Claesson,"Université Paris-Saclay; University of Tirana; BioSense Institute; Kharkiv National University of Radio Electronics; Institute of Molecular Biology of the Slovak Academy of Sciences; Nicolaus Copernicus University; University of Novi Sad; University of Crete; Universidad Autónoma de Madrid; University of Agricultural Sciences and Veterinary Medicine of Cluj-Napoca; Slovak Academy of Sciences; University of Bari Aldo Moro; Palacký University Olomouc; University of Bergen; University College Cork; Science and Technology Park of Crete; IMDEA Food; University of Catania; Technical University of Applied Sciences Wildau; Instituto de Investigación Biomédica de Málaga; University of Turku; University of Fribourg; Sofia University ""St. Kliment Ohridski""; Sarajevo School of Science and Technology; University of Tartu; Universität Innsbruck; Institute of Science and Technology Austria; Madrid Institute for Advanced Studies; Universidad de Málaga; Swedish University of Agricultural Sciences; Institute for Molecular Medicine Finland; Finnish Institute for Health and Welfare; Utrecht University; Universidade Nova de Lisboa; Silesian University of Technology; SIB Swiss Institute of Bioinformatics; Verlab (Bosnia and Herzegovina); Institut National de Recherche pour l'Agriculture, l'Alimentation et l'Environnement; Ss. Cyril and Methodius University in Skopje; British Heart Foundation; International Centre for Genetic Engineering and Biotechnology; Universitat Politècnica de València; University of Cambridge; Universitatea Națională de Știință și Tehnologie Politehnica București; APC Microbiome Institute; National Research Council",2023,30,True,https://www.frontiersin.org/articles/10.3389/fmicb.2023.1257002/pdf?isPublishedV2=False,Frontiers in Microbiology,en,"The rapid development of machine learning (ML) techniques has opened up the data-dense field of microbiome research for novel therapeutic, diagnostic, and prognostic applications targeting a wide range of disorders, which could substantially improve healthcare practices in the era of precision medicine. However, several challenges must be addressed to exploit the benefits of ML in this field fully. In particular, there is a need to establish ""gold standard"" protocols for conducting ML analysis experiments and improve interactions between microbiome researchers and ML experts. The Machine Learning Techniques in Human Microbiome Studies (ML4Microbiome) COST Action CA18131 is a European network established in 2019 to promote collaboration between discovery-oriented microbiome researchers and data-driven ML experts to optimize and standardize ML approaches for microbiome analysis. This perspective paper presents the key achievements of ML4Microbiome, which include identifying predictive and discriminatory 'omics' features, improving repeatability and comparability, developing automation procedures, and defining priority areas for the novel development of ML methods targeting the microbiome. The insights gained from ML4Microbiome will help to maximize the potential of ML in microbiome research and pave the way for new and improved healthcare practices.",2026-03-23
yes,UMA,W4210632374,https://doi.org/10.1007/s11042-022-12164-z,Patient privacy in smart cities by blockchain technology and feature selection with Harris Hawks Optimization (HHO) algorithm and machine learning,Haedar Emad Sharef Alsafi; Jorge Munilla; Javad Rahebi,Istanbul Topkapi University; Universidad de Málaga,2022,29,True,https://link.springer.com/content/pdf/10.1007/s11042-022-12164-z.pdf,Multimedia Tools and Applications,en,,2026-03-23
yes,UMA,W4313552496,https://doi.org/10.1142/s0129065723500156,Using Explainable Artificial Intelligence in the Clock Drawing Test to Reveal the Cognitive Impairment Pattern,C. Jiménez-Mesa; Juan E. Arco; Meritxell Valentí; Belén Frades‐Payo; María Ascensión Zea‐Sevilla; Andrés Ortíz; Marina Ávila‐Villanueva; Diego Castillo-Barnés; Javier Ramı́rez; Teodoro del Ser-Quijano; Cristóbal Carnero Pardo; J. M. Górriz,Fundacion Centro De Investigacion De Enfermedades Neurologicas; Universidad de Málaga; Universidad de Granada,2023,28,True,https://digibug.ugr.es/bitstream/10481/85836/1/preprint.pdf,International Journal of Neural Systems,en,"The prevalence of dementia is currently increasing worldwide. This syndrome produces a deterioration in cognitive function that cannot be reverted. However, an early diagnosis can be crucial for slowing its progress. The Clock Drawing Test (CDT) is a widely used paper-and-pencil test for cognitive assessment in which an individual has to manually draw a clock on a paper. There are a lot of scoring systems for this test and most of them depend on the subjective assessment of the expert. This study proposes a computer-aided diagnosis (CAD) system based on artificial intelligence (AI) methods to analyze the CDT and obtain an automatic diagnosis of cognitive impairment (CI). This system employs a preprocessing pipeline in which the clock is detected, centered and binarized to decrease the computational burden. Then, the resulting image is fed into a Convolutional Neural Network (CNN) to identify the informative patterns within the CDT drawings that are relevant for the assessment of the patient's cognitive status. Performance is evaluated in a real context where patients with CI and controls have been classified by clinical experts in a balanced sample size of [Formula: see text] drawings. The proposed method provides an accuracy of [Formula: see text] in the binary case-control classification task, with an AUC of [Formula: see text]. These results are indeed relevant considering the use of the classic version of the CDT. The large size of the sample suggests that the method proposed has a high reliability to be used in clinical contexts and demonstrates the suitability of CAD systems in the CDT assessment process. Explainable artificial intelligence (XAI) methods are applied to identify the most relevant regions during classification. Finding these patterns is extremely helpful to understand the brain damage caused by CI. A validation method using resubstitution with upper bound correction in a machine learning approach is also discussed.",2026-03-23
yes,UMA,W4386451571,https://doi.org/10.1109/mnet.004.2200529,Protecting Digital Twin Networks for 6G-enabled Industry 5.0 Ecosystems,Cristina Alcaraz; Javier López,Universidad de Málaga,2023,23,True,https://riuma.uma.es/xmlui/bitstream/10630/36344/1/Protecting%20Digital%20Twin-enabled%206G%20Networks%20for%20Industry%205.0.pdf,IEEE Network,en,"New industrial paradigms, such as the Industrial Internet of Things (IIoT) and Industry 5.0, are emerging in industrial contexts with the aim of fostering quality in operational processes. With the expected launch of 6G in the coming years, IIoT networks in Industry 5.0 ecosystems can leverage 6G technology and its support for training machine learning models using Digital Twins (DTs), embedded in DT Networks (DTNs), to transparently and continuously optimize their communications. Unfortunately, the use of these technologies, in turn, intensifies the attack surface and poses a serious threat to the new goals of Industry 5.0, such as improving the user experience, sustainability and resilience. This article therefore proposes a layered protection framework for 6G-enabled IIoT environments, where not only DTs and DTNs are fully protected, but also the whole 6G ecosystem, complying with the expected goals of Industry 5.0. To achieve this, the framework identifies for each protection layer a set of security and privacy services to subsequently relate them to existing computing infrastructures (cloud, edge, edge-cloud) and provide the best approach for future IIoT deployments.",2026-03-23
yes,UMA,W4295008751,https://doi.org/10.3389/fmars.2022.969071,Advancing fishery-independent stock assessments for the Norway lobster (Nephrops norvegicus) with new monitoring technologies,Jacopo Aguzzi; Damianos Chatzievangelou; Nathan J. Robinson; Nixon Bahamón; Alan Berry; Marc Carreras; Joan B. Company; Corrado Costa; Joaquín del Río Fernández; Ahmad Falahzadeh; Spyros Fifas; Sascha Flögel; Jordi Grinyó; Jónas P. Jónasson; Patrik Jönsson; Colm Lordan; Mathieu Lundy; Simone Marini; Michela Martinelli; Ivan Masmitjà Rusiñol; Luca Mirimin; Atif Naseer; Joan Navarro; Narcís Palomeras; Giacomo Picardi; Cristina Silva; Sérgio Stefanni; Maria Vigo; Y. Vila; Adrian Weetman,Consejo Superior de Investigaciones Científicas; Umm al-Qura University; Scuola Superiore Sant'Anna; Galway-Mayo Institute of Technology; Universitat de Girona; Cereal Research Centre; Royal Netherlands Institute for Sea Research; Stazione Zoologica Anton Dohrn; Marine and Freshwater Research Institute; Institut de Ciències del Mar; Atlantic Technological University; Portuguese Sea and Atmosphere Institute; GEOMAR Helmholtz Centre for Ocean Research Kiel; Universidad de Málaga; Swedish University of Agricultural Sciences; Marine Scotland; Ifremer; Utrecht University; Marine Institute; Istituto di Scienze Marine del Consiglio Nazionale delle Ricerche; Agri Food and Biosciences Institute; Instituto Español de Oceanografía; National Research Council,2022,23,True,https://www.frontiersin.org/articles/10.3389/fmars.2022.969071/pdf,Frontiers in Marine Science,en,"The Norway lobster, Nephrops norvegicus , supports a key European fishery. Stock assessments for this species are mostly based on trawling and UnderWater TeleVision (UWTV) surveys. However, N. norvegicus are burrowing organisms and these survey methods are unable to sample or observe individuals in their burrows. To account for this, UWTV surveys generally assume that “1 burrow system = 1 animal”, due to the territorial behavior of N. norvegicus . Nevertheless, this assumption still requires in-situ validation. Here, we outline how to improve the accuracy of current stock assessments for N. norvegicus with novel ecological monitoring technologies, including: robotic fixed and mobile camera-platforms, telemetry, environmental DNA (eDNA), and Artificial Intelligence (AI). First, we outline the present status and threat for overexploitation in N. norvegicus stocks. Then, we discuss how the burrowing behavior of N. norvegicus biases current stock assessment methods. We propose that state-of-the-art stationary and mobile robotic platforms endowed with innovative sensors and complemented with AI tools could be used to count both animals and burrows systems in-situ , as well as to provide key insights into burrowing behavior. Next, we illustrate how multiparametric monitoring can be incorporated into assessments of physiology and burrowing behavior. Finally, we develop a flowchart for the appropriate treatment of multiparametric biological and environmental data required to improve current stock assessment methods.",2026-03-23
yes,UMA,W4391346301,https://doi.org/10.3390/s24030821,The Impact of Noise and Brightness on Object Detection Methods,José Antonio Rodríguez-Rodríguez; Ezequiel López‐Rubio; Juan A. Ángel-Ruiz; Miguel A. Molina‐Cabello,Instituto de Investigación Biomédica de Málaga; Universidad de Málaga,2024,22,True,https://www.mdpi.com/1424-8220/24/3/821/pdf?version=1706663412,Sensors,en,"The application of deep learning to image and video processing has become increasingly popular nowadays. Employing well-known pre-trained neural networks for detecting and classifying objects in images is beneficial in a wide range of application fields. However, diverse impediments may degrade the performance achieved by those neural networks. Particularly, Gaussian noise and brightness, among others, may be presented on images as sensor noise due to the limitations of image acquisition devices. In this work, we study the effect of the most representative noise types and brightness alterations on images in the performance of several state-of-the-art object detectors, such as YOLO or Faster-RCNN. Different experiments have been carried out and the results demonstrate how these adversities deteriorate their performance. Moreover, it is found that the size of objects to be detected is a factor that, together with noise and brightness factors, has a considerable impact on their performance.",2026-03-23
yes,UMA,W4285612782,https://doi.org/10.9781/ijimai.2022.05.004,Human Activity Recognition From Sensorised Patient's Data in Healthcare: A Streaming Deep Learning-Based Approach.,Sandro Hurtado; José García-Nieto; Anton Popov; Ismael Navas‐Delgado,Institute of Software; National Technical University of Ukraine “Igor Sikorsky Kyiv Polytechnic Institute”; Biomedical Research Institute; Software (Spain); Universidad de Málaga; Instituto de Investigación Biomédica de Málaga,2022,22,True,https://doi.org/10.9781/ijimai.2022.05.004,International Journal of Interactive Multimedia and Artificial Intelligence,en,"Physical inactivity is one of the main risk factors for mortality, and its relationship with the main chronic diseases has experienced intensive medical research. A well-known method for assessing people’s activity is the use of accelerometers implanted in wearables and mobile phones. However, a series of main critical issues arise in the healthcare context related to the limited amount of available labelled data to build a classification model. Moreover, the discrimination ability of activities is often challenging to capture since the variety of movement patterns in a particular group of patients (e.g. obesity or geriatric patients) is limited over time. Consequently, the proposed work presents a novel approach for Human Activity Recognition (HAR) in healthcare to avoid this problem. This proposal is based on semi-supervised classification with Encoder-Decoder Convolutional Neural Networks (CNNs) using a combination strategy of public labelled and private unlabelled raw sensor data. In this sense, the model will be able to take advantage of the large amount of unlabelled data available by extracting relevant characteristics in these data, which will increase the knowledge in the innermost layers. Hence, the trained model can generalize well when used in real-world use cases. Additionally, real-time patient monitoring is provided by Apache Spark streaming processing with sliding windows. For testing purposes, a real-world case study is conducted with a group of overweight patients in the healthcare system of Andalusia (Spain), classifying close to 30 TBs of accelerometer sensor-based data. The proposed HAR streaming deep-learning approach properly classifies movement patterns in real-time conditions, crucial for long-term daily patient monitoring.",2026-03-23
yes,UMA,W3217657661,https://doi.org/10.1038/s41598-021-02537-z,A study on the impact of the users’ characteristics on the performance of wearable fall detection systems,Jose A.Santoyo-Ramón; E. Casilari; José Manuel Bermúdez Cano,Universidad de Málaga,2021,19,True,https://www.nature.com/articles/s41598-021-02537-z.pdf,Scientific Reports,en,"Wearable Fall Detection Systems (FDSs) have gained much research interest during last decade. In this regard, Machine Learning (ML) classifiers have shown great efficiency in discriminating falls and conventional movements or Activities of Daily Living (ADLs) based on the analysis of the signals captured by transportable inertial sensors. Due to the intrinsic difficulties of training and testing this type of detectors in realistic scenarios and with their target audience (older adults), FDSs are normally benchmarked against a predefined set of ADLs and emulated falls executed by volunteers in a controlled environment. In most studies, however, samples from the same experimental subjects are used to both train and evaluate the FDSs. In this work, we investigate the performance of ML-based FDS systems when the test subjects have physical characteristics (weight, height, body mass index, age, gender) different from those of the users considered for the test phase. The results seem to point out that certain divergences (weight, height) of the users of both subsets (training ad test) may hamper the effectiveness of the classifiers (a reduction of up 20% in sensitivity and of up to 5% in specificity is reported). However, it is shown that the typology of the activities included in these subgroups has much greater relevance for the discrimination capability of the classifiers (with specificity losses of up to 95% if the activity types for training and testing strongly diverge).",2026-03-23
yes,UMA,W4229336068,https://doi.org/10.3390/jcm11092636,Outcome Analysis in Elective Electrical Cardioversion of Atrial Fibrillation Patients: Development and Validation of a Machine Learning Prognostic Model,Jean C. Núñez; Antonio Sánchez-Puente; Jesús Sampedro-Gómez; Víctor Vicente-Palacios; Manuel F. Jiménez‐Navarro; Armando Oterino Manzanas; Javier Jiménez‐Candil; P. Ignacio Dorado-Díaz; Pedro L. Sánchez,Hospital Clínico Universitario Virgen de la Victoria; Centro de Investigación en Red en Enfermedades Cardiovasculares; Instituto de Investigación Biomédica de Salamanca; Instituto de Salud Carlos III; Universidad de Salamanca; Philips (Spain); Universidad de Málaga; Centro de Investigación Biomédica en Red; Instituto de Investigación Biomédica de Málaga,2022,18,True,https://doi.org/10.3390/jcm11092636,Journal of Clinical Medicine,en,"Background: The integrated approach to electrical cardioversion (EC) in atrial fibrillation (AF) is complex; candidates can resolve spontaneously while waiting for EC, and post-cardioversion recurrence is high. Thus, it is especially interesting to avoid the programming of EC in patients who would restore sinus rhythm (SR) spontaneously or present early recurrence. We have analyzed the whole elective EC of the AF process using machine-learning (ML) in order to enable a more realistic and detailed simulation of the patient flow for decision making purposes. Methods: The dataset consisted of electronic health records (EHRs) from 429 consecutive AF patients referred for EC. For analysis of the patient outcome, we considered five pathways according to restoring and maintaining SR: (i) spontaneous SR restoration, (ii) pharmacologic-cardioversion, (iii) direct-current cardioversion, (iv) 6-month AF recurrence, and (v) 6-month rhythm control. We applied ML classifiers for predicting outcomes at each pathway and compared them with the CHA2DS2-VASc and HATCH scores. Results: With the exception of pathway (iii), all ML models achieved improvements in comparison with CHA2DS2-VASc or HATCH scores (p < 0.01). Compared to the most competitive score, the area under the ROC curve (AUC-ROC) was: 0.80 vs. 0.66 for predicting (i); 0.71 vs. 0.55 for (ii); 0.64 vs. 0.52 for (iv); and 0.66 vs. 0.51 for (v). For a threshold considered optimal, the empirical net reclassification index was: +7.8%, +47.2%, +28.2%, and +34.3% in favor of our ML models for predicting outcomes for pathways (i), (ii), (iv), and (v), respectively. As an example tool of generalizability of ML models, we deployed our algorithms in an open-source calculator, where the model would personalize predictions. Conclusions: An ML model improves the accuracy of restoring and maintaining SR predictions over current discriminators. The proposed approach enables a detailed simulation of the patient flow through personalized predictions.",2026-03-23
yes,UMA,W4399802801,https://doi.org/10.3390/app14125287,Socially Assistive Robots in Smart Environments to Attend Elderly People—A Survey,Alejandro Cruces; A. Jerez; Antonio J. Rubio; Antonio Bandera,Universidad de Málaga,2024,17,True,https://www.mdpi.com/2076-3417/14/12/5287/pdf?version=1718783901,Applied Sciences,en,"The aging of the population in developed and developing countries, together with the degree of maturity reached by certain technologies, means that the design of care environments for the elderly with a high degree of technological innovation is now being seriously considered. Assistive environments for daily living (Ambient Assisted Living, AAL) include the deployment of sensors and certain actuators in the home or residence where the person to be cared for lives so that, with the help of the necessary computational management and decision-making mechanisms, the person can live a more autonomous life. Although the cost of implementing such technologies in the home is still high, they are becoming more affordable, and their use is, therefore, becoming more popular. At a time when some countries are finding it difficult to provide adequate care for their elderly, this option is seen as a help for carers and to avoid collapsing health care services. However, despite the undoubted potential of the services offered by these AAL systems, there are serious problems of acceptance today. In part, these problems arise from the design phase, which often does not sufficiently take into account the end users—older people but also carers. On the other hand, it is complex for these older people to interact with interfaces that are sometimes not very natural or intuitive. The use of a socially assistive robot (SAR) that serves as an interface to the AAL system and takes responsibility for the interaction with the person is a possible solution. The robot is a physical entity that can operate with a certain degree of autonomy and be able to bring features to the interaction with the person that, obviously, a tablet or smartphone will not be able to do. The robot can benefit from the recent popularization of artificial intelligence-based solutions to personalize its attention to the person and to provide services that were unimaginable just a few years ago. Their inclusion in an AAL ecosystem should, however, also be carefully assessed. The robot’s mission should not be to replace the person but to be a tool to facilitate the elderly person’s daily life. Its design should consider the AAL system in which it is integrated, the needs and preferences of the people with whom it will interact, and the services that, in conjunction with this system, the robot can offer. The aim of this article is to review the current state of the art in the integration of SARs into the AAL ecosystem and to determine whether an initial phase of high expectations but very limited results have been overcome.",2026-03-23
yes,UMA,W4389624963,https://doi.org/10.2478/ausi-2023-0022,Precognition of mental health and neurogenerative disorders using AI-parsed text and sentiment analysis,Attila Biró; Antonio Cuesta‐Vargas; László Szilágyi,Sapientia Hungarian University of Transylvania; Instituto de Investigación Biomédica de Málaga; Obuda University; Universidad de Málaga,2023,17,True,https://sciendo.com/pdf/10.2478/ausi-2023-0022,Acta Universitatis Sapientiae Informatica,en,"Abstract The paper examines the potential of artificial intelligence (AI) in parsing text and conducting sentiment analysis to identify early markers of mental health and neurodegenerative disorders. Through the analysis of textual data, we investigate whether AI can provide a noninvasive, continuous, and objective complement to traditional diagnostic practices. Background : the early detection of mental health (such as depression, anxiety, psychotic disorders, Alzheimer’s disease and dementia) and neurodegenerative disorders (like Parkinson’s disease) remains a critical challenge in clinical practice. Traditional diagnostic methods rely on clinical evaluations that may be subjective and episodic. Recent advancements in AI and natural language processing (NLP) have opened new avenues for precognitive health assessments, suggesting that variations in language and expressed sentiments in written text can serve as potential biomarkers for these conditions. Materials and Methods : the research used a dataset comprising various forms of textual data, including anonymized social media interactions, transcripts from patient interviews, and electronic health records. NLP algorithms were deployed to parse the text, and machine learning models were trained to identify language patterns and sentiment changes. The study also incorporated a sentiment analysis to gauge emotional expression, a key component of mental health diagnostics. Results : the AI models were able to identify language use patterns and sentiment shifts that correlated with clinically validated instances of mental health symptoms and neurodegenerative conditions. Notably, the models detected an increased use of negative a ect words, a higher frequency of first-person singular pronouns, and a decrease in future tense in individuals with depression. For neurode-generative conditions, there was a notable decline in language complexity and semantic coherence over time. Conclusions : the implemented pipeline of AI-parsed text and sentiment analysis appears to be a promising tool for the early detection and ongoing monitoring of mental health and neurodegenerative disorders. However, these methods are supplementary and cannot replace the nuanced clinical evaluation process. Future research must refine the AI algorithms to account for linguistic diversity and context, while also addressing ethical considerations regarding data use and privacy. The integration of AI tools in clinical settings necessitates a multidisciplinary approach, ensuring that technological advancements align with patient-centered care and ethical standards.",2026-03-23
yes,UMA,W4404547652,https://doi.org/10.1007/s13278-024-01382-y,Beyond the post: an SLR of enterprise artificial intelligence in social media,Luis-Alfonso Maldonado-Canca; Ana María Casado Molina; Juan-Pedro Cabrera-Sánchez; Guillermo Bermúdez‐González,Universidad de Málaga,2024,15,True,https://link.springer.com/content/pdf/10.1007/s13278-024-01382-y.pdf,Social Network Analysis and Mining,en,"Abstract This study explores the impact of artificial intelligence (AI) on brand communication within corporate social networks, analyzing its benefits, ethical and technical challenges, and proposing responsible implementation strategies enriched with new theoretical contributions. To achieve this, a systematic literature review (SLR) was conducted based on the SPAR-4-SLR methodology by Paul et al. (2021), using 57 studies from Scopus and Web of Science over the past six years. This approach was complemented with recommendations from Kitchenham and Charters (2007) to ensure rigor and thoroughness in the analysis. The study reveals that artificial intelligence transforms interactions within corporate social networks by enabling effective personalization, optimizing customer experience, and enhancing satisfaction. Benefits include precise segmentation, predictive analytics, and customer service optimization through chatbots. However, significant ethical challenges also emerge, such as data privacy, algorithmic bias, and a lack of transparency in AI models. The necessity for responsible practices and regulations that foster user trust and mitigate risks associated with the implementation of AI in digital communication strategies is emphasized.",2026-03-23
yes,UMA,W4362466625,https://doi.org/10.3390/app13074419,Synthetized Multilanguage OCR Using CRNN and SVTR Models for Realtime Collaborative Tools,Attila Biró; Antonio Cuesta‐Vargas; Jaime Martín‐Martín; László Szilágyi; Sándor Miklós Szilágyi,"Sapientia Hungarian University of Transylvania; Universitatea de Medicină, Farmacie, Științe și Tehnologie „George Emil Palade” din Târgu Mureș; Queensland University of Technology; Obuda University; Universidad de Málaga; Instituto de Investigación Biomédica de Málaga",2023,15,True,https://www.mdpi.com/2076-3417/13/7/4419/pdf?version=1680178227,Applied Sciences,en,"Background: Remote diagnosis using collaborative tools have led to multilingual joint working sessions in various domains, including comprehensive health care, and resulting in more inclusive health care services. One of the main challenges is providing a real-time solution for shared documents and presentations on display to improve the efficacy of noninvasive, safe, and far-reaching collaborative models. Classic optical character recognition (OCR) solutions fail when there is a mixture of languages or dialects or in case of the participation of different technical levels and skills. Due to the risk of misunderstandings caused by mistranslations or lack of domain knowledge of the interpreters involved, the technological pipeline also needs artificial intelligence (AI)-supported improvements on the OCR side. This study examines the feasibility of machine learning-supported OCR in a multilingual environment. The novelty of our method is that it provides a solution not only for different speaking languages but also for a mixture of technological languages, using artificially created vocabulary and a custom training data generation approach. Methods: A novel hybrid language vocabulary creation method is utilized in the OCR training process in combination with convolutional recurrent neural networks (CRNNs) and a single visual model for scene text recognition within the patch-wise image tokenization framework (SVTR). Data: In the research, we used a dedicated Python-based data generator built on dedicated collaborative tool-based templates to cover and simulated the real-life variances of remote diagnosis and co-working collaborative sessions with high accuracy. The generated training datasets ranged from 66 k to 8.5 M in size. Twenty-one research results were analyzed. Instruments: Training was conducted by using tuned PaddleOCR with CRNN and SVTR modeling and a domain-specific, customized vocabulary. The Weight &amp; Biases (WANDB) machine learning (ML) platform is used for experiment tracking, dataset versioning, and model evaluation. Based on the evaluations, the training dataset was adjusted by using a different language corpus or/and modifications applied to templates. Results: The machine learning models recognized the multilanguage/hybrid texts with high accuracy. The highest precision scores achieved are 90.25%, 91.35%, and 93.89%. Conclusions: machine learning models for special multilanguages, including languages with artificially made vocabulary, perform consistently with high accuracy.",2026-03-23
yes,UMA,W4383892324,https://doi.org/10.1016/j.engappai.2023.106673,A multidimensional Bayesian architecture for real-time anomaly detection and recovery in mobile robot sensory systems,Manuel Castellano-Quero; Manuel Castillo-López; Juan‐Antonio Fernández‐Madrigal; Vicente Arévalo; Holger Voos; Alfonso García-Cerezo,University of Luxembourg; Universidad de Málaga,2023,11,True,https://doi.org/10.1016/j.engappai.2023.106673,Engineering Applications of Artificial Intelligence,en,"For mobile robots to operate in an autonomous and safe manner they must be able to adequately perceive their environment despite challenging or unpredictable conditions in their sensory apparatus. Usually, this is addressed through ad-hoc, not easily generalizable Fault Detection and Diagnosis (FDD) approaches. In this work, we leverage Bayesian Networks (BNs) to propose a novel probabilistic inference architecture that provides generality, rigorous inferences and real-time performance for the detection, diagnosis and recovery of diverse and multiple sensory failures in robotic systems. Our proposal achieves all these goals by structuring a BN in a multidimensional setting that up to our knowledge deals coherently and rigorously for the first time with the following issues: modeling of complex interactions among the components of the system, including sensors, anomaly detection and recovery; representation of sensory information and other kinds of knowledge at different levels of cognitive abstraction; and management of the temporal evolution of sensory behavior. Real-time performance is achieved through the compilation of these BNs into feedforward neural networks. Our proposal has been implemented and tested for mobile robot navigation in environments with human presence, a complex task that involves diverse sensor anomalies. The results obtained from both simulated and real experiments prove that our architecture enhances the safety and robustness of robotic operation: among others, the minimum distance to pedestrians, the tracking time and the navigation time all improve statistically in the presence of anomalies, with a diversity of changes in medians ranging from ≃20% to ≃500%.",2026-03-23
yes,UMA,W4410953613,https://doi.org/10.3390/computation13060132,Revolutionizing Sperm Analysis with AI: A Review of Computer-Aided Sperm Analysis Systems,Francisco J. Baldán; Diego García‐Gil; Carlos Fernandez‐Basso,Software (Spain); Universidad de Granada; Instituto Andaluz de Ciencias de la Tierra; Universidad de Málaga,2025,10,True,https://www.mdpi.com/2079-3197/13/6/132/pdf?version=1748876670,Computation,en,"Advances in artificial intelligence (AI) are transforming assisted reproductive technologies by significantly enhancing fertility diagnostics. This review focuses on integrating AI with Computer-Aided Sperm Analysis (CASA) systems to improve assessments of sperm motility, morphology, and DNA integrity. By employing a spectrum of techniques, from classic machine learning (ML), often valued for its interpretability and efficiency with structured data, to deep learning (DL), which excels at extracting intricate features directly from image and video data, the field now achieves more accurate, automated, and high-throughput evaluations. These advanced systems offer significant advantages, including enhanced objectivity, improved consistency over manual methods, and the ability to detect subtle predictive patterns not discernible by human observation. The emergence of extensive open datasets and big data analytics has enabled the development of more robust models. However, limitations persist, such as the dependency on large, high-quality annotated datasets for training DL models, potential challenges in model generalizability across diverse clinical settings, and the “black-box” nature of some complex algorithms, alongside crucial needs for rigorous clinical validation, data standardization, and ethical management of sensitive information. Despite promising progress, these challenges must be addressed. Overall, this review outlines current innovations and future research directions essential for advancing personalized, efficient, and accessible fertility care.",2026-03-23
yes,UMA,W4411673845,https://doi.org/10.3390/electronics14132581,Trends and Challenges in Real-Time Stress Detection and Modulation: The Role of the IoT and Artificial Intelligence,Manuel Paniagua-Gómez; Manuel F. Fernández,Universidad de Málaga,2025,10,True,https://www.mdpi.com/2079-9292/14/13/2581/pdf?version=1750940407,Electronics,en,"The integration of Internet of Things (IoT) devices and Artificial Intelligence (AI) has opened new frontiers in mental health, particularly in stress detection and management. This review explores the current literature, examining how IoT-enabled wearables, sensors, and mobile applications, combined with AI algorithms, are utilized to monitor physiological and behavioral indicators of stress. Advancements in real-time stress detection, personalized interventions, and predictive modeling are highlighted, alongside a critical evaluation of existing technologies. While significant progress has been made in the field, several limitations persist, including challenges with the accuracy of stress detection, the scalability of solutions, and the generalizability of AI models across diverse populations. Key challenges are further analyzed, such as ensuring data privacy and security, achieving seamless technological integration, and advancing model personalization to account for individual variability in stress responses. Addressing these challenges is essential to developing robust, ethical, and user-centric solutions that can transform stress management in mental healthcare. This review concludes with recommendations for future research directions aimed at overcoming current barriers and enhancing the effectiveness of IoT- and AI-driven approaches to stress management.",2026-03-23
yes,UMA,W4412455680,https://doi.org/10.1093/eurheartj/ehaf474,Artificial intelligence in cardiovascular pharmacotherapy: applications and perspectives,Francesco Costa; Juan José Gómez‐Doblas; Arancha Díaz Expósito; Marianna Adamo; Fabrizio D’Ascenzo; Łukasz Kołtowski; Luca Saba; Guiomar Mendieta; Felice Gragnano; Paolo Calabrò; Lina Badimón; Borja Ibáñez; R. Mehran; Dominick J Angiolillo; Thomas F. Lüscher; Davide Capodanno,"Medical University of Warsaw; University of Brescia; Surgical Specialties (Canada); Hospital Universitario Fundación Jiménez Díaz; Universidad Autónoma de Madrid; Mount Sinai Hospital; University of Cagliari; Instituto de Salud Carlos III; Azienda Ospedaliera Citta' della Salute e della Scienza di Torino; University of Messina; University of Catania; Policlinico Universitario di Catania; Spanish National Centre for Cardiovascular Research; Instituto de Investigación Biomédica de Málaga; Azienda Socio Sanitaria Territoriale degli Spedali Civili di Brescia; University of Zurich; Center for Research in Agricultural Genomics; Universidad de Málaga; University of Florida; Harefield Hospital; Centro de Investigación en Red en Enfermedades Cardiovasculares; Florida College; Cardiovascular Institute of the South; Ospedale Sant'Anna; Centro de Investigación Biomédica en Red; Hospital de Sant Pau; University of Campania ""Luigi Vanvitelli""",2025,10,True,https://academic.oup.com/eurheartj/advance-article-pdf/doi/10.1093/eurheartj/ehaf474/63765118/ehaf474.pdf,European Heart Journal,en,"Recent advances in artificial intelligence (AI) have shown great potential in improving cardiovascular pharmacotherapy by optimizing drug selection, predicting therapeutic efficacy and adverse effects, ultimately improving patient outcomes. Leveraging techniques like machine learning and in silico modelling, AI can identify populations likely to benefit from specific treatments, expedite novel drug discovery and reduce costs. Computational methods can also facilitate the detection of drug interactions and tailor interventions based on real-world data, supporting personalized care. Artificial intelligence-based approaches also show promise in streamlining clinical trial design and execution, leveraging on real-time data on patient responsiveness, enhancing recruitment efficiency. However, in order to fully realize these benefits, robust validation across diverse patient populations is necessary to ensure accuracy and generalizability. In addition, addressing concerns regarding data quality, privacy, and bias is equally critical to avoid exacerbating existing healthcare disparities. Scientific societies and regulatory agencies must ultimately establish standardized frameworks for data management, model certification, and transparency, to enable safe and effective integration of AI into clinical practice. This manuscript aims at systematically reviewing the current state-of-the-art applications of AI in cardiovascular pharmacotherapy, describing their current potential in guiding treatment decisions, refine trial methodologies and support drug discovery.",2026-03-23
yes,UMA,W4280539865,https://doi.org/10.7554/elife.75985,Development and evaluation of a machine learning-based in-hospital COVID-19 disease outcome predictor (CODOP): A multicontinental retrospective study,Riku Klén; Disha Purohit; Ricardo Gómez‐Huelgas; José Manuel Casas‐Rojo; Juan Miguel Antón Santos; Jesús Millán Núñez-Cortés; Carlos Lumbreras; José Manuel Ramos; Noelia García Barrio; Miguel Pedrera‐Jiménez; Antonio Lalueza Blanco; María Dolores Martín Escalante; Francisco Rivas‐Ruiz; Maria Ángeles Onieva-García; Pablo Young; Juan Ignacio Ramirez; Estela Edith Titto Omonte; Rosmery Gross Artega; Magdy Teresa Canales Beltrán; Pascual Valdéz; Florencia Pugliese; Rosa Castagna; Iván Huespe; Bruno Boietti; Javier Pollán; Nico Funke; Benjamin Leiding; David Gómez‐Varela,University of Turku; Hospital Italiano de Buenos Aires; Turku University Hospital; Research Institute Hospital 12 de Octubre; Mondelēz International (India); Hospital Británico; Hospital de Santa Cruz; University of Vienna; Hospital General Universitario Gregorio Marañón; Max Planck Institute of Experimental Medicine; Hospital Costa del Sol; Hospital General Universitario de Alicante Doctor Balmis; Turku PET Centre; Hospital San Juan de Dios; Clausthal University of Technology; Universidad de Málaga; Hospital Universitario Infanta Cristina; Instituto de Investigación Biomédica de Málaga,2022,10,True,https://doi.org/10.7554/elife.75985,eLife,en,"New SARS-CoV-2 variants, breakthrough infections, waning immunity, and sub-optimal vaccination rates account for surges of hospitalizations and deaths. There is an urgent need for clinically valuable and generalizable triage tools assisting the allocation of hospital resources, particularly in resource-limited countries. We developed and validate CODOP, a machine learning-based tool for predicting the clinical outcome of hospitalized COVID-19 patients. CODOP was trained, tested and validated with six cohorts encompassing 29223 COVID-19 patients from more than 150 hospitals in Spain, the USA and Latin America during 2020-22. CODOP uses 12 clinical parameters commonly measured at hospital admission for reaching high discriminative ability up to 9 days before clinical resolution (AUROC: 0·90-0·96), it is well calibrated, and it enables an effective dynamic risk stratification during hospitalization. Furthermore, CODOP maintains its predictive ability independently of the virus variant and the vaccination status. To reckon with the fluctuating pressure levels in hospitals during the pandemic, we offer two online CODOP calculators, suited for undertriage or overtriage scenarios, validated with a cohort of patients from 42 hospitals in three Latin American countries (78-100% sensitivity and 89-97% specificity). The performance of CODOP in heterogeneous and geographically disperse patient cohorts and the easiness of use strongly suggest its clinical utility, particularly in resource-limited countries.",2026-03-23
yes,UMA,W4386608382,https://doi.org/10.3390/educsci13090923,Impact of Digital Contexts in the Training of University Education Students,Violeta Cebrián-Robles; Francisco José Ruiz Rey; Manuela Raposo Rivas; Manuel Cebrián de la Serna,Universidad de Extremadura; International University of Andalucía; Universidade de Vigo; Universidad de Málaga,2023,9,True,https://www.mdpi.com/2227-7102/13/9/923/pdf?version=1694414044,Education Sciences,en,"The Internet is an important source of information and is a real ecosystem for learning that has provided important advances in education, although it has also generated problems, especially in terms of data security, identity theft, and cyber-plagiarism. During the COVID-19 pandemic, we had the opportunity to check levels of development in terms of infrastructures and digital competence, and subsequently detected serious problems in online assessment. In particular, the behaviour and digital competence of future teachers are essential, as they will inevitably be role models for their students. The present study analyses academic cyber-plagiarism derived from digital ecosystems during the pandemic in the academic work of pre-service teachers, advancing studies and warnings regarding Artificial Intelligence as a new learning ecosystem. A validated online questionnaire is used that considers the digital context surrounding training both during and after the pandemic. For the factor analysis, both descriptive and correlational, 324 responses from three Spanish universities are analysed. The confirmatory factor analysis reports four factors: the digital context of the pandemic as an opportunity for plagiarism, the response of the educational community to plagiarism, and both the unconscious and intentional misuse of sources. It is concluded that the digital context of the pandemic provided an opportunity for academic plagiarism, conscious or unconscious, with a clear distinction according to gender and the degree of reference. Finally, it is recommended to promote students’ digital skills to avoid risks such as cyber-plagiarism or authorship theft, using institutional repositories that can provide students with prominence by safely and ethically publishing their intellectual creations. Similarly, national policies are required to address advances in AI in education.",2026-03-23
yes,UMA,W4407844650,https://doi.org/10.1111/liv.70038,Artificial Intelligence: An Emerging Tool for Studying Drug‐Induced Liver Injury,Hao Niu; Ismael Álvarez‐Álvarez; Minjun Chen,Centro de Investigación Biomédica en Red de Enfermedades Hepáticas y Digestivas; Instituto de Salud Carlos III; National Center for Toxicological Research; United States Food and Drug Administration; Spanish Clinical Research Network; Universidad de Málaga; Instituto de Investigación Biomédica de Málaga,2025,9,True,https://onlinelibrary.wiley.com/doi/pdfdirect/10.1111/liv.70038,Liver International,en,"Drug-induced liver injury (DILI) is a complex and potentially severe adverse reaction to drugs, herbal products or dietary supplements. DILI can mimic other liver diseases clinical presentation, and currently lacks specific diagnostic biomarkers, which hinders its diagnosis. In some cases, DILI may progress to acute liver failure. Given its public health risk, novel methodologies to enhance the understanding of DILI are crucial. Recently, the increasing availability of larger datasets has highlighted artificial intelligence (AI) as a powerful tool to construct complex models. In this review, we summarise the evidence about the use of AI in DILI research, explaining fundamental AI concepts and its subfields. We present findings from AI-based approaches in DILI investigations for risk stratification, prognostic evaluation and causality assessment and discuss the adoption of natural language processing (NLP) and large language models (LLM) in the clinical setting. Finally, we explore future perspectives and challenges in utilising AI for DILI research.",2026-03-23
yes,UMA,W4393239316,https://doi.org/10.3934/qfe.2024007,Managing extreme cryptocurrency volatility in algorithmic trading: EGARCH via genetic algorithms and neural networks,David Alaminos; M. Belén Salas; Ángela Callejón Gil,Universitat de Barcelona; Universidad de Málaga,2024,7,True,https://doi.org/10.3934/qfe.2024007,Quantitative Finance and Economics,en,"&lt;abstract&gt; &lt;p&gt;The blockchain ecosystem has seen a huge growth since 2009, with the introduction of Bitcoin, driven by conceptual and algorithmic innovations, along with the emergence of numerous new cryptocurrencies. While significant attention has been devoted to established cryptocurrencies like Bitcoin and Ethereum, the continuous introduction of new tokens requires a nuanced examination. In this article, we contribute a comparative analysis encompassing deep learning and quantum methods within neural networks and genetic algorithms, incorporating the innovative integration of EGARCH (Exponential Generalized Autoregressive Conditional Heteroscedasticity) into these methodologies. In this study, we evaluated how well Neural Networks and Genetic Algorithms predict ""buy"" or ""sell"" decisions for different cryptocurrencies, using F1 score, Precision, and Recall as key metrics. Our findings underscored the Adaptive Genetic Algorithm with Fuzzy Logic as the most accurate and precise within genetic algorithms. Furthermore, neural network methods, particularly the Quantum Neural Network, demonstrated noteworthy accuracy. Importantly, the X2Y2 cryptocurrency consistently attained the highest accuracy levels in both methodologies, emphasizing its predictive strength. Beyond aiding in the selection of optimal trading methodologies, we introduced the potential of EGARCH integration to enhance predictive capabilities, offering valuable insights for reducing risks associated with investing in nascent cryptocurrencies amidst limited historical market data. This research provides insights for investors, regulators, and developers in the cryptocurrency market. Investors can utilize accurate predictions to optimize investment decisions, regulators may consider implementing guidelines to ensure fairness, and developers play a pivotal role in refining neural network models for enhanced analysis.&lt;/p&gt; &lt;/abstract&gt;",2026-03-23
yes,UMA,W4400260010,https://doi.org/10.1007/s12539-024-00634-x,Unraveling Brain Synchronisation Dynamics by Explainable Neural Networks using EEG Signals: Application to Dyslexia Diagnosis,Nicolás J. Gallego-Molina; Andrés Ortíz; Juan E. Arco; Francisco J. Martínez-Murcia; Wai Lok Woo,Universidad de Granada; Northumbria University; Instituto Andaluz de Ciencias de la Tierra; Universidad de Málaga,2024,6,True,https://link.springer.com/content/pdf/10.1007/s12539-024-00634-x.pdf,Interdisciplinary Sciences Computational Life Sciences,en,"Abstract The electrical activity of the neural processes involved in cognitive functions is captured in EEG signals, allowing the exploration of the integration and coordination of neuronal oscillations across multiple spatiotemporal scales. We have proposed a novel approach that combines the transformation of EEG signal into image sequences, considering cross-frequency phase synchronisation (CFS) dynamics involved in low-level auditory processing, with the development of a two-stage deep learning model for the detection of developmental dyslexia (DD). This deep learning model exploits spatial and temporal information preserved in the image sequences to find discriminative patterns of phase synchronisation over time achieving a balanced accuracy of up to 83%. This result supports the existence of differential brain synchronisation dynamics between typical and dyslexic seven-year-old readers. Furthermore, we have obtained interpretable representations using a novel feature mask to link the most relevant regions during classification with the cognitive processes attributed to normal reading and those corresponding to compensatory mechanisms found in dyslexia. Graphical Abstract",2026-03-23
yes,UMA,W4385781394,https://doi.org/10.1016/j.isci.2023.107620,Similarity network fusion to identify phenotypes of small-for-gestational-age fetuses,Jezid Miranda; Cristina Paulés; Guillaume Noell; L. Youssef; Ángel Paternina‐Caicedo; F. Crovetto; Nicolau Cañellas; María L. Garcia-Martín; Núria Amigó; E. Eixarch; Rosa Faner; F. Figueras; Rui V. Simões; F. Crispi; E. Gratacós,"i3S - Instituto de Investigação e Inovação em Saúde, Universidade do Porto; University of Cartagena; Hospital Clínico Universitario Lozano Blesa; Consorci Institut D'Investigacions Biomediques August Pi I Sunyer; Institut d'Investigació Sanitària Pere Virgili; Instituto de Investigación Sanitaria Aragón; Centro de Investigación Biomédica en Red Diabetes y Enfermedades Metabólicas Asociadas; Universitat Rovira i Virgili; Centre for Biomedical Network Research on Rare Diseases; Universidad del Sinú; Andalusian Centre for Nanomedicine and Biotechnology; Junta de Andalucía; Universidad de Málaga; Centro de Investigación Biomédica en Red; Universitat de Barcelona",2023,6,True,https://doi.org/10.1016/j.isci.2023.107620,iScience,en,"Fetal growth restriction (FGR) affects 5-10% of pregnancies, is the largest contributor to fetal death, and can have long-term consequences for the child. Implementation of a standard clinical classification system is hampered by the multiphenotypic spectrum of small fetuses with substantial differences in perinatal risks. Machine learning and multiomics data can potentially revolutionize clinical decision-making in FGR by identifying new phenotypes. Herein, we describe a cluster analysis of FGR based on an unbiased machine-learning method. Our results <i>confirm</i> the existence of two subtypes of human FGR with distinct molecular and clinical features based on multiomic analysis. In addition, we demonstrated that clusters generated by machine learning significantly outperform single data subtype analysis and biologically support the current clinical classification in predicting adverse maternal and neonatal outcomes. Our approach can aid in the refinement of clinical classification systems for FGR supported by molecular and clinical signatures.",2026-03-23
yes,UMA,W4407761660,https://doi.org/10.1038/s41597-025-04557-0,FaultSeg: A Dataset for Train Wheel Defect Detection,Muhammad Zakir Shaikh; Sahil Jatoi; Enrique Nava Baro; Bhagwan Das; Samreen Amir; Bhawani Shankar Chowdhry,Torrens University Australia; Dawood University of Engineering and Technology; Mehran University of Engineering and Technology; Universidad de Málaga,2025,5,True,https://www.nature.com/articles/s41597-025-04557-0.pdf,Scientific Data,en,"Wheels are a critical component of railway infrastructure and work as the load carrier of the train. However, defective wheels pose a serious risk to safety that can gravely jeopardize people's safety. There is a significant risk of injury or death from defective wheels, endangering the lives of individuals. In this research, FaultSeg dataset is presented for automatic train wheel defect detection for railway transportation around the world. The FaultSeg consists of 829 manually annotated images of faulty wheels acquired by an indigenously developed wayside data acquisition system. Expert Annotators have manually annotated three classes of potential defects: Cracks/Scratches, Shelling, and Discoloration. To assess the practicality of the FaultSeg dataset for training and testing advanced deep learning (DL) models, the dataset was used to train and evaluate the YOLOv9 instance segmentation algorithm. The model achieves an approximate score of 87% accuracy. These results showcase the usability of the FaultSeg dataset in automatic inspection systems and data driven predictive maintenance strategies to safeguard and ensure the safety of railway transportation.",2026-03-23
yes,UMA,W4312718379,https://doi.org/10.1109/tetci.2022.3210582,Probabilistic Combination of Non-Linear Eigenprojections For Ensemble Classification,Juan E. Arco; Andrés Ortíz; Javier Ramı́rez; Francisco J. Martínez-Murcia; Yudong Zhang; Jordi Broncano; M. Álvaro Berbís; Javier Royuela‐del‐Val; Antonio Luna; J. M. Górriz,Universidad de Málaga; University of Leicester; Instituto Andaluz de Ciencias de la Tierra; Universidad de Granada,2022,5,True,https://digibug.ugr.es/bitstream/10481/85814/1/manuscript.pdf,IEEE Transactions on Emerging Topics in Computational Intelligence,en,"The emergence of new technologies has changed the way clinicians perform diagnosis. Medical imaging play a crucial role in this process, given the amount of information that they usually provide as non-invasive techniques. Despite the high quality offered by these images and the expertise of clinicians, the diagnostic process is not a straightforward task since different pathologies can have similar signs and symptoms. For this reason, it is extremely useful to assist this process with the inclusion of an automatic tool that reduces the bias when analyzing this kind of images. In this work, we propose an ensemble classifier based on probabilistic Support Vector Machine (SVM) in order to identify relevant patterns while providing information about the reliability of the classification. Specifically, each image is divided into patches and features contained in each one of them are extracted by applying kernel principal component analysis (PCA). The use of base classifiers within an ensemble allows our system to identify the informative patterns regardless of their size or location. Decisions of each individual patch are then combined according to the reliability of each individual classification: the lower the uncertainty, the higher the contribution. Performance is evaluated in a real scenario where distinguishing between pneumonia patients and controls from chest Computed Tomography (CCT) images, yielding an accuracy of 97.86%. The large performance obtained and the simplicity of the system (use of deep learning in CCT images would highly increase the computational cost) evidence the applicability of our proposal in a real-world environment.",2026-03-23
yes,UMA,W4412046979,https://doi.org/10.1002/jtr.70082,Travel Virtual Assistant or Untrusted Advisor? Developing a Typology of Resistance to <scp>AI</scp> ‐Generated Travel Advice,Siamak Seyfi; Abolfazl Siyamiyan Gorji; Tan Vo‐Thanh; Mustafeed Zaman,University of Oulu; Sunway University; Universidad de Málaga; Taylor's University; Excelia Business School; EM Normandie Business School,2025,4,True,https://onlinelibrary.wiley.com/doi/pdfdirect/10.1002/jtr.70082,International Journal of Tourism Research,en,"ABSTRACT Many travelers remain hesitant to rely on generative AI for travel planning, despite its growing presence in tourism services. While most existing studies emphasize adoption, this study shifts attention to the relatively underexplored issue of resistance. Drawing on Innovation Resistance Theory (IRT) and qualitative data from a developing country, we identify five core barriers to AI‐generated travel advice: usage, value, risk, image, and tradition. We propose a typology of traveler resistance comprising rejecters, postponers, and opinion leaders, each defined by distinct motivations, levels of engagement, and patterns of skepticism. Our findings show that resistance is not fixed but shaped by cultural norms, social context, and personal identity. In rethinking resistance as a situated practice rather than a static outcome, the study extends IRT within tourism research and offers practical guidance for designing AI‐based travel services that are culturally attuned, trust‐oriented, and responsive to the social meanings embedded in travel planning.",2026-03-23
yes,UMA,W4411626315,https://doi.org/10.1108/jeim-03-2025-0230,AI in enterprise management: determinants of purchase intention among CEOs without AI experience,Luis-Alfonso Maldonado-Canca; Juan-Pedro Cabrera-Sánchez; Ana María Casado Molina,Universidad de Málaga,2025,4,True,https://riuma.uma.es/xmlui/bitstream/10630/40493/1/jeim-03-2025-0230en.pdf,Journal of Enterprise Information Management,en,"Purpose This study introduces a novel model of AI adoption focused on purchase intention by CEOs with no prior AI experience – a key shift from traditional usage-based approaches. It addresses how executives make strategic investment decisions under uncertainty, emphasizing trust and perceived value over readiness factors. Design/methodology/approach Survey data from 252 CEOs were analyzed using PLS-SEM and necessary condition analysis (NCA). The model evaluates the effects of security, perceived value, response costs, organizational compatibility and facilitating conditions, explaining 73.7% of purchase intention variance (R2 = 0.737). Findings Security and perceived value emerged as the strongest drivers of AI purchase intention, while response costs act as a significant deterrent. Although facilitating conditions and organizational compatibility are relevant, their impact is secondary at the pre-adoption stage. The model also identifies perceived value and organizational compatibility as necessary – but not sufficient – conditions for adoption. Originality/value This research makes three key contributions: (1) it reconceptualizes AI adoption as a staged strategic process centered on purchase intention; (2) it applies upper echelons theory to explain how CEOs’ lack of AI experience shapes their cognitive evaluations of risk, cost and strategic value during early-stage adoption decisions, offering a novel context for its use in AI adoption research and (3) combines PLS-SEM and NCA to identify both drivers and prerequisites for early-stage AI investment.",2026-03-23
yes,UMA,W4413806993,https://doi.org/10.1007/s10639-025-13712-4,University students’ perceptions of the impact of artificial intelligence in the business sector on their educational and professional development,José Manuel Santos Jaén; Ana León-Gómez; María del Carmen Valls Martínez; V. Muñoz,Universidad de Murcia; Hospital HLA Mediterráneo; University of Almería; Universidad de Málaga,2025,4,True,https://link.springer.com/content/pdf/10.1007/s10639-025-13712-4.pdf,Education and Information Technologies,en,"Abstract Understanding students’ perceptions of Artificial Intelligence (AI) is crucial for integrating AI into education and aligning it with professional expectations. This study investigates how university students’ perceptions of AI influence their educational and professional development, a previously unexplored relationship, emphasizing the demand for AI training through Partial Least Squares Structural Equation Modeling (PLS-SEM) analysis on 725 students. The present research offers novel insights into the mediating effects of professional development and the nonlinear role of fear in shaping AI training demand. Findings indicate that students view AI implementation in companies as enhancing business performance through automation and optimized decision-making, thus improving learning and professional development opportunities. High-performing companies are seen as offering valuable internships and motivating students to enhance their skills, thereby increasing the demand for AI training. Students with prior AI knowledge feel more confident and require less additional training. Conversely, perceived risks associated with AI may incentivize academic engagement under certain conditions, but excessive fear may cause mental blocks, reducing participation in educational programs and interest in AI training. This study provides a comprehensive view of how students’ perceptions of AI affect their academic and professional paths. These findings offer concrete guidance for curriculum designers and educators aiming to foster AI literacy and pedagogical strategies aligned with technological transformation in business and education. It highlights the importance of educational strategies that incorporate realistic applications and limitations of AI, preparing students for the safe and effective use of technology in their careers. These findings emphasize the need to adapt curricula to the realities of AI in the future workplace.",2026-03-23
yes,UMA,W4407775051,https://doi.org/10.56294/dm2025203,Factors Influencing AI-Assisted Thesis Writing in University: A Pull-Push-Mooring Theory Narrative Inquiry Study,Ranta Butarbutar; Rubén González Vallejo,Musamus Merauke University; Universidad de Málaga,2025,4,True,https://dm.ageditor.ar/index.php/dm/article/download/203/1067,Data & Metadata,en,"This study aims to examine the factors that motivate, attract, and anchor students to adopt AI tools during the writing process in the context of push-pull-mooring (PPM) theory. Utilizing a narrative inquiry research approach, this study employed observation, in-depth interviews, and document analysis for data collection. The analysis identified the key factors through reflexive thematic methods. Key pull factors include the generation of credit authorship contributions and the integration of AI into academic writing. The pull factors encompass topic selection, dynamic literature review, research questions, proposal conceptualization, designing research methods, data analysis, revising drafts, and managing references. AI integration incorporates active learning, self-regulated learning (SRL), inquiry-based learning, and overcoming linguistic challenges. The push factors identified include reference inaccuracies, confidentiality of research, and overreliance on AI. Three anchoring principles guide the ethical incorporation of AI in thesis writing: institutional academic policies, AI augmentation, and comprehensive contextual learning approach. But the study's limitations include the small sample size of ten students from a single university, which affects the generalizability of the results.",2026-03-23
yes,UMA,W4379882551,https://doi.org/10.3390/s23125387,Information-Driven Gas Distribution Mapping for Autonomous Mobile Robots,Andres Gongora; Javier Monroy; Faezeh Rahbar; Chiara Ercolani; Javier González-Jiménez; Alcherio Martinoli,École Polytechnique Fédérale de Lausanne; Universidad de Málaga,2023,3,True,https://www.mdpi.com/1424-8220/23/12/5387/pdf?version=1686123254,Sensors,en,"The ability to sense airborne pollutants with mobile robots provides a valuable asset for domains such as industrial safety and environmental monitoring. Oftentimes, this involves detecting how certain gases are spread out in the environment, commonly referred to as a gas distribution map, to subsequently take actions that depend on the collected information. Since the majority of gas transducers require physical contact with the analyte to sense it, the generation of such a map usually involves slow and laborious data collection from all key locations. In this regard, this paper proposes an efficient exploration algorithm for 2D gas distribution mapping with an autonomous mobile robot. Our proposal combines a Gaussian Markov random field estimator based on gas and wind flow measurements, devised for very sparse sample sizes and indoor environments, with a partially observable Markov decision process to close the robot's control loop. The advantage of this approach is that the gas map is not only continuously updated, but can also be leveraged to choose the next location based on how much information it provides. The exploration consequently adapts to how the gas is distributed during run time, leading to an efficient sampling path and, in turn, a complete gas map with a relatively low number of measurements. Furthermore, it also accounts for wind currents in the environment, which improves the reliability of the final gas map even in the presence of obstacles or when the gas distribution diverges from an ideal gas plume. Finally, we report various simulation experiments to evaluate our proposal against a computer-generated fluid dynamics ground truth, as well as physical experiments in a wind tunnel.",2026-03-23
yes,UMA,W4403442497,https://doi.org/10.3389/fmicb.2024.1499260,"Editorial: Microbiome and machine learning, volume II",Domenica D’Elia; Aldert Zomer; Isabel Moreno‐Indias; Erik Bongcam‐Rudloff; Randi Jacobsen Bertelsen; Marcus J. Claesson,University of Bergen; Instituto de Investigación Biomédica de Málaga; University College Cork; Universidad de Málaga; Swedish University of Agricultural Sciences; National Research Council; APC Microbiome Institute; Utrecht University,2024,3,True,https://www.frontiersin.org/journals/microbiology/articles/10.3389/fmicb.2024.1499260/pdf,Frontiers in Microbiology,en,"Microbiomes play a crucial role in various biological processes, ranging from human and animal health to the functioning soil and marine ecosystems that support food production and biodiversity. Understanding how perturbations of these communities can impact their respective environments is essential for making new scientific discoveries and developing practical solutions to improve both human well-being and the health of our planet. However, encapsulating the sheer diversity of microbial communities and the intricate web of interactions they establish with other organisms results in vast and complex datasets. Traditional statistical methods often fall short in capturing both the nuances and global summary of these interactions. With its ability to process large datasets and identify intricate patterns, machine learning (ML) provides a powerful solution. Techniques such as neural networks and ensemble learning models are particularly wellsuited for this task, enabling researchers to make sense of the multi-layered structures inherent in microbiome data. Nevertheless, the integration of ML in microbiome research has challenges, including input data standardization, heterogenous, noisy and high-dimensional data as well as interpretability of ML models. Addressing these challenges requires a concerted effort from biologists, data scientists, and computational experts, fostering a collaborative environment where knowledge and techniques can be shared and refined. This is a exactly what we carried out as part of the COST Action ML4Microbiome (CA18131), which is best summarise by publications in the &quot;Microbiome and Machine Learning&quot; volumes in Frontiers in Microbiology. This second volume represents a significant step forward in harnessing the power of artificial intelligence to decode the complex world of microbiomes.ML4Microbiome key achievements are summarised in D&#39;Elia et al. In this article, the authors also underscore the importance of ethical considerations when deploying machine learning in microbiome research. Ensuring data privacy, avoiding biases in algorithmic predictions, and promoting transparency in model development are essential to maintaining public trust and maximizing the societal benefits of these technologies. Papoutsoglou et al. subsequently detailed the technical complexity of applying ML for microbiome research. The review identifies and addresses challenges such as preprocessing, feature selection, predictive modeling, performance estimation, and model interpretation, finally providing a set of recommendations on algorithm selection, pipeline creation, and evaluation to aid in decision-making processes related to microbiome research. An in-depth exploration of data preprocessing methods is provided by Ibrahimi et al. This paper aims to guide both established researchers and those new to the field in selecting appropriate transformation methods based on their research questions, objectives, and data characteristics.To provide researchers with insights into specific ML resources facilitating microbiome analysis, Marcos-Zambrano et al. categorized ML tools based on the type of analysis they are designed for and the ML algorithms they employ. The focus spans various software tools for feature generation, taxonomic assignment, clustering, binning, and disease classification.Kumar et al. emphasize the crucial role of metadata in interpreting and comparing microbiome datasets and highlight the need for standardized metadata protocols to fully leverage the potential of metagenomic data. In this paper microbiome data are classified into five types based on the methodology used for their production: shotgun sequencing, amplicon sequencing, metatranscriptomic sequencing, metabolomic measurements, and metaproteomic expression analysis. The significance of metadata in data interpretation and comparison and the challenges in collecting standardized metadata are thoroughly explored.In the clinical domain, Chang et al. investigated the diagnostic classification and predictive power of four different ML methods for diagnostic screening in myasthenia gravis (MG) using gut microbiome data. The proposed ML model may serve as biomarkers for clinical use and can be applied for non-invasive screening of MG. Zhang et al. present a study that provides valuable insights into the potential impact of gut microbiota on carcinoid syndrome (CS). The paper investigates the cause-and-effect relationship between gut microbiota abundance and carcinoid syndrome (CS) through a bidirectional Mendelian randomization study. Murovec et al. present a study aimed to compare microbiome profiles of patients with colorectal cancer (CRC) and colorectal adenomas (CRA) to healthy participants using metagenomic data. The methodology involved extensive analysis using the MetaBakery pipeline, integrating data matrices like microbial taxonomy, functional genes, enzymatic reactions, metabolic pathways, and predicted metabolites. By integrating all layers of information, the study showcased the development of robust prediagnostic methods for colorectal cancer detection.To analyze microbiome data in the context of identifying biomarkers for colorectal cancer (CRC) Novielli et al. centered their study on leveraging explainable artificial intelligence (XAI). By employing ML techniques, the researchers aimed to classify a cohort of control subjects from those with CRC based on gut microbiota data and demographic information. The study underscored the potential of gut microbiota data within an XAI framework for precise CRC classification. Another study underscoring the importance of combining ML and XAI approaches is presented by Magarelli et al. In this study, the researchers explored the use of ML algorithms, specifically the Random Forest (RF) classifier, to effectively classify the geographical origin of PDO Mozzarella di Bufala Campana based on microbiota data. The results showed that the RF classifier outperformed other algorithms, achieving high accuracy in discerning the origin of the samples. The study emphasized the critical role of microbiota analysis in ensuring the authenticity, quality, and safety of food products. Another innovative approach of using XAI is presented by Tangaro et al. This article outlines a comprehensive study protocol for understanding the interplay among human microbiota, volatilome, and disease biomarkers in Beh&#231;et&#39;s disease (BD). The study design involves a three-phase approach, including a clinical study with control and experimental groups receiving a soluble fiber-based dietary supplement alongside standard therapy, followed by data collection and analysis using gas chromatography, mass spectrometry, and metagenetic analysis to examine microbiota and volatilome composition. The third phase introduces XAI to analize collected data to identify markers associated with BD, dietary habits and the dietary supplement, aiming to establish correlations between microbiota, volatilome and phenotypic characteristics. The results demonstrate how the use of XAI algorithms on multi-modal clinical data could revolutionize disease management.The importance of practical applications of ML in industries, particularly in the fields of probiotics and pharmaceuticals is exemplified in the article by Liu et al., who were able to discriminate between Bifidobacterium longum subsp. infantis and subsp. longum by leveraging MALDI-TOF MS and ML techniques. Through the application of logistic regression, RF, and support vector machine, the researchers developed classification models to differentiate between the two subspecies. The RF model emerged as the most effective. Overall, this study underscores the potential of combining MALDI-TOF MS and ML for rapid and precise discrimination of Bifidobacterium subspecies essential for product development and quality control, paving the way for microbial identification and classification advancements.While these comparative method evaluations are indisputably important, the development of new tools for analyzing microbiome data is also pivotal for aiding the rapidly evolving field of microbiome research. Bakir-Gungor et al. present microBiomeGSM that can identify taxonomic biomarkers from metagenomic data using a new grouping, scoring and modeling (GSM) approach. The tool incorporates pre-existing taxonomy information into a ML model to analyze metagenomic datasets associated with different diseases. By focusing on specific taxonomic levels (genus, family, order), microBiomeGSM aims to identify their associations with diseases and facilitate disease diagnosis.Another article by Ligeti et al. introduces the ProkBERT model family, a series of genomic language models developed for microbiome applications. By utilizing the novel Local Context-Aware tokenization technique, the ProkBERT models exhibit superior performance in various tasks such as promoter prediction and phage identification for both supervised and unsupervised tasks. Importantly, the study emphasizes the significance of innovative approaches in leveraging the vast repositories of raw sequence data and navigating the complexities of labelling inconsistencies within the microbiology field.Murovec et al. finally presents the development and utilization of MetaBakery, an integrated application designed as a framework for executing the bioBakery workflow on metagenomic sequencing data. MetaBakery streamlines the processing of paired or unpaired fastq files, with optional compression, using programs such as KneadData, MetaPhlAn, HUMAnN, and StrainPhlAn, along with integrated utilities. It includes MelonnPan for metabolite prediction and Mothur for calculating microbial alpha diversity. The development and utilization of MetaBakery provide a versatile and well-documented tool for microbiome analysis, offering efficient exploration of changing parameters and input datasets for various biostatistical and ML approaches.In conclusion, as we continue to push the boundaries of what is possible at the intersection of microbiome science and ML, the potential applications are vast and varied. By bridging these two dynamic fields, we are paving the way for groundbreaking discoveries that have the potential to revolutionize science and improve lives. From enhancing our understanding of microbial ecology to developing novel diagnostic tools and treatments, the research showcased in this volume is a testament to the innovative and interdisciplinary nature of this field.",2026-03-23
yes,UMA,W4406204824,https://doi.org/10.4018/jgim.366653,AI in Companies' Production Processes,Luis-Alfonso Maldonado-Canca; Juan-Pedro Cabrera-Sánchez; Ana María Casado Molina; Guillermo Bermúdez‐González,Universidad de Málaga,2025,3,True,https://www.igi-global.com/ViewTitle.aspx?TitleId=366653&isxn=9798369324523,Journal of Global Information Management,en,"The accelerated integration of Artificial Intelligence (AI) in comprehensive organizational management has marked a significant milestone in enhancing efficiency and productivity across all sectors. However, the effective adoption of this emerging technology faces significant challenges, such as ethical dilemmas, organizational barriers, and a notable deficit in relevant technological skills. This study embarks on a detailed analysis of the crucial determinants influencing the adoption of AI by companies, enhancing the UTAUT model with four new variables: Response Costs, Trust in AI, AI Anxiety, and Environmental Sustainability. Through surveys directed at over 400 CEOs of companies, this work reveals that facilitating conditions, performance expectancy, response costs, trust in AI, and AI anxiety determine the adoption of this new technology in their companies. These findings contribute to identifying which factors, from a managerial perspective, should be considered as more than sufficient reasons for AI to be implemented in their production processes.",2026-03-23
yes,UMA,W4410302437,https://doi.org/10.3390/biomimetics10050313,Energy-Efficient Fall-Detection System Using LoRa and Hybrid Algorithms,Manny Villa; E. Casilari,Universitaria de Investigación y Desarrollo; Universidad de Málaga,2025,3,True,https://www.mdpi.com/2313-7673/10/5/313/pdf?version=1747044037,Biomimetics,en,"Wearable fall-detection systems have received significant research attention during the last years. Fall detection in wearable devices presents key challenges, particularly in balancing high precision with low power consumption-both of which are essential for the continuous monitoring of older adults and individuals with reduced mobility. This study introduces a hybrid system that integrates a threshold-based model for preliminary detection with a deep learning-based approach that combines a CNN (Convolutional Neural Network) for spatial feature extraction with a LSTM (Long Short-Term Memory) model for temporal pattern recognition, aimed at improving classification accuracy. LoRa technology enables long-range, energy-efficient communication, ensuring real-time monitoring across diverse environments. The wearable device operates in ultra-low-power mode, capturing acceleration data at 20 Hz and transmitting a 4-s window when a predefined threshold in the acceleration magnitude is exceeded. The CNN-LSTM classifier refines event identification, significantly reducing false positives. This design extends operational autonomy to 178 h of continuous monitoring. The experimental and systematic evaluation of the prototype achieved a 96.67% detection rate (sensitivity) for simulated falls and a 100% specificity in classifying conventional Activities of Daily Living as non-falls. These results establish the system as a robust and scalable solution, effectively addressing limitations in power efficiency, connectivity, and detection accuracy while enhancing user safety and quality of life.",2026-03-23
yes,UMA,W4412103210,https://doi.org/10.1093/bib/bbaf320,Advancing edge-based clustering and graph embedding for biological network analysis: a case study in RASopathies,Federico García-Criado; Pedro Seoane; Elena Rojano; Juan A. G. Ranea; James R. Perkins,Centre for Biomedical Network Research on Rare Diseases; Andalusian Centre for Nanomedicine and Biotechnology; Instituto de Salud Carlos III; Universidad de Málaga,2025,3,True,https://academic.oup.com/bib/article-pdf/26/4/bbaf320/63679127/bbaf320.pdf,Briefings in Bioinformatics,en,"Understanding and predicting biological processes from protein-protein interaction (PPI) networks requires accurate and efficient representations of their structure. However, many existing methods fail to capture the complex, overlapping modular structure of biological systems. To address this, we propose a network embedding strategy that improves both biological interpretability and predictive power. By transforming networks into a low-dimensional space while preserving key topological properties, embedding enables the discovery of novel functional relationships. Pre-clustering a network before embedding enhances representation quality, i.e. the ability to preserve meaningful structural and functional properties in the embedding space. However, traditional non-overlapping clustering methods can introduce bias by ignoring the overlapping nature of biological communities. We overcome this limitation by integrating the Hierarchical Link Clustering (HLC) algorithm into an embedding workflow tailored for large, weighted, undirected networks. First, we introduce two optimized HLC implementations for Python and R, both outperforming existing methods in clustering accuracy and scalability. Then, by restricting random walks to HLC-defined communities, we improve the representation of biological pathways, as shown using Reactome on the human PPI network. We also apply our full cluster embedding workflow to analyze RASopathies, a group of interrelated disorders with a diverse range of phenotypes, caused by mutations in genes from the RAS/MAPK pathway. This approach was used not only to represent known pathways, but also to identify potential novel gene candidates associated with RASopathies, including Noonan and Costello syndrome. HLC implementations are available in the CDLIB library (https://github.com/GiulioRossetti/cdlib), and at https://github.com/jimrperkins/linkcomm for Python and R, respectively.",2026-03-23
yes,UMA,W4412415050,https://doi.org/10.69821/remuvac.v2i1.214,AI-Driven HR Analytics: Transforming Talent Management and Employee Engagement,Fredrick Kayusi; Petros Chavula; Michael Keari Omwenga; Linety Juma; Bismark Agura Kayus; Rubén González Vallejo; Rashmi Mishra,Maasai Mara University; University of Technology and Applied Sciences - Al Mussanah; Kisii University; Universidad de Málaga; Pwani University,2025,3,True,https://remuvac.com/index.php/home/article/download/214/171,Revista Multidisciplinaria Voces de América y el Caribe,en,"The research study explored the role of Artificial Intelligence in HR Analytics and its impact on talent acquisition, employee engagement, performance management, and learning and development. We have used the mixed-methods research approach by studying the extensive literature review and a quantitative survey of 146 HR professionals to examine how AI-driven tools are reshaping the Human Resource management dimension and its functions. Key findings highlight that AI has significantly reduced time-to-hire by 51.1%, improved appraisal accuracy by 50.8%, increased employee satisfaction by 51.3%, and enhanced training relevance by 26.1%. AI applications such as resume screening, sentiment analysis, predictive analytics, and adaptive learning systems have resulted in more data-driven, efficient, and personalized HR practices. Apart from the benefits, several challenges and issues are raised, such as ethical concerns, data privacy, and organizational resistance to AI adoption. Our research recommends integrating transparency, fairness, and ethical frameworks in AI-driven HR practices and improving the HR analytics so that HR professionals can leverage AI technologies responsibly, enhancing both workforce experience and organizational effectiveness. Future research is suggested to explore AI's role in diversity, hybrid work management, and the long-term cultural impact of AI adoption in Human Resource Management functions.",2026-03-23
yes,UMA,W4400572295,https://doi.org/10.1016/j.dib.2024.110731,UMAHand: A dataset of inertial signals of typical hand activities,E. Casilari; Jennifer Barbosa-Galeano; Francisco J. González-Cañete,Universidad de Málaga,2024,2,True,https://doi.org/10.1016/j.dib.2024.110731,Data in Brief,en,"Given the popularity of wrist-worn devices, particularly smartwatches, the identification of manual movement patterns has become of utmost interest within the research field of Human Activity Recognition (HAR) systems. In this context, by leveraging the numerous sensors natively embedded in smartwatches, the HAR functionalities that can be implemented in a watch via software and in a very cost-efficient way cover a wide variety of applications, ranging from fitness trackers to gesture detectors aimed at disabled individuals (e.g., for sending alarms), promoting behavioral activation or healthy lifestyle habits. In this regard, for the development of artificial intelligence algorithms capable of effectively discriminating these activities, it is of great importance to have repositories of movements that allow the scientific community to train, evaluate, and benchmark new proposals of movement detectors. The UMAHand dataset offers a collection of files containing the signals captured by a Shimmer 3 sensor node, which includes an accelerometer, a gyroscope, a magnetometer and a barometer, during the execution of different typical hand movements. For that purpose, the measurements from these four sensors, gathered at a sampling rate of 100 Hz, were taken from a group of 25 volunteers (16 females and 9 males), aged between 18 and 56, during the performance of 29 daily life activities involving hand mobility. Participants wore the sensor node on their dominant hand throughout the experiments.",2026-03-23
yes,UMA,W4408044908,https://doi.org/10.56294/mw2024622,Adoption and Usage Patterns of Referencing Services Management Software Among Postgraduate Students: A Case Study of Selected Kenyan Universities,Fredrick Kayusi; Moses Isutsa Shileche; Linety Juma; Rashmi Mishra; Petros Chavula; Rubén González Vallejo,Haramaya University; Maasai Mara University; University of Technology and Applied Sciences - Al Mussanah; Universidad de Málaga; Pwani University,2024,2,True,https://mw.ageditor.ar/index.php/mw/article/download/622/432,Seminars in Medical Writing and Education,en,"Administration of referencing, referral services offered in university libraries across the world is a critical function in library services to its users. It impacts the way the face of the library is viewed in the eyes of the users. However, various studies show that this service is prone to numerous crisis during its provision that affect an efficient, effective, and user-friendly referencing services management system. The functions of the reference desk within the library revolve around providing a point of referral for help users seeking library services, a point of referral to other services, or to other materials within the library that cannot be accessed by the users, or to other physical spaces where library functions take place,and providing a contact point with the library. Libraries have traditionally offered in-person referencing and referral services to their users; the use of in-person referencing services has declined markedly while virtual referencing and referral services has increased,and referencing services have been integrated in library websites management systems where you see applications like Turnitin, Endote, Zotero, APA as well as AI prominently incorporated. This redefinition of referencing services has challenged librarians to identify the skills and competencies required by service staff to meet this need. Referencing services nowadays may involve much more than acting as a roving search engine. Successful referencing work requires librarians and information specialists to familiarize with a variety of databases and be comfortable with many diverse menus of technologies, as well as being familiar with good online referencing techniques. The purpose of this case study was to examine the adoption and usage of referencing services management software among postgraduate students in Kenyan universities. The study analyzed four predictors: Ease of Navigation, Institutional Resources, Training Impact, and Perceived Relevance. The study was qualitative, and the design used was multiple-case based, involving 205 postgraduate students in Kenyan universities who were purposively selected to participate in the study. Data were collected using focus group discussions, observation, and document analysis. The results revealed a strong model fit, with an R Square value of 0.770, indicating that the predictors explained 77% of the variance in adoption and productivity. Key findings highlighted the significant positive contributions of Ease of Navigation, Training Impact, and Perceived Relevance, while Institutional Resources showed no significant influence. The results underscore the importance of user-friendly design, skill development, and relevance to user needs in driving software adoption. Practical implications include the need for flexible, collaborative training programs and improvements in resource utilization. Suggestions for future research include exploring broader demographic factors and longitudinal studies. This case study can be utilized by all library users ranging from undergraduate to faculty level.",2026-03-23
yes,UMA,W4406227975,https://doi.org/10.1002/9781394305490.ch18,Harmony in Healthcare,S. Sharmila; Nirmala Madian; Somasundaram Devaraj; M. Menagadevi,Dr. N.G.P. Institute of Technology; Vellore Institute of Technology University; Universidad de Málaga,2025,2,False,,,en,"With the advancement of modern technologies, the healthcare business is increasingly shifting toward a more personalized smart care model. This shift is being driven by a number of causes, including improvements in digital health, artificial intelligence (AI), data analytics, and wearable technologies. Artificial Intelligence (AI) and the Internet of Things (IoT) are the enablers of SmartCare approaches. An appropriate pattern of the patient, these technologies collect and analyze data from people receiving treatment. However, relying heavily on IoT devices to collect continuous data expands attack surfaces and necessitates high-security measures. To reduce the vast number of attack vectors, equipment and patients must be verified. The biometric authentication method has been seen as a potential tactic in these circumstances. This study presents an AI-based multimodal biometric authentication model for single and group-based user devices that increase protection against the traditional single-modal approach. AI-based biometric systems have a lot to offer the healthcare industry, but it is important to solve privacy and security issues, including data security and compliance when adopting such systems. Strong security precautions and ethical considerations are crucial to safeguard patient data and preserve public confidence in medical procedures. AI-based biometric systems in healthcare have the potential to significantly improve patient care, reduce errors, increase security, and advance medical research. To preserve patient data and sustain trust in healthcare practices, strong security measures and ethical concerns must be implemented.",2026-03-23
yes,UMA,W4412456849,https://doi.org/10.3390/jcm14144984,Integrating New Technologies in Lipidology: A Comprehensive Review,Carlos Escobar; Jesús Saldaña García; Ana Torremocha-López; Cristina Contreras-Lorenzo; Alejandro Lara-García; Lucía Canales-Muñoz; Ricardo Martínez-González; Joaquín Vila García; Maciej Banach,Hospital Universitario La Paz; Memorial Hospital; Universidad de Málaga; Johns Hopkins Medicine; Polish Mother’s Memorial Hospital Research Institute; Johns Hopkins University,2025,1,True,https://www.mdpi.com/2077-0383/14/14/4984/pdf?version=1752506350,Journal of Clinical Medicine,en,"Cardiovascular disease remains the world's leading cause of death, and even when patients reach guideline low-density lipoprotein cholesterol targets, a substantial ""residual risk"" persists, underscoring the need for more nuanced assessment and intervention. At the same time, rapid advances in high-resolution lipidomics, connected point-of-care diagnostics, and RNA- or gene-based lipid-modifying therapies are transforming what clinicians can measure, monitor, and treat. Integrating multimodal data through machine learning algorithms capable of handling high-dimensional datasets has the potential to improve cardiovascular risk prediction and re-stratification compared to traditional models. This narrative review therefore sets out to (i) trace how these emerging technologies expand our understanding of dyslipidemia beyond the traditional lipid panel, (ii) examine their potential to enable earlier, more personalized and durable cardiovascular risk reduction, and (iii) highlight the scientific, regulatory and ethical hurdles that must be cleared before such innovations can deliver widespread, equitable benefit.",2026-03-23
yes,UMA,W4416538913,https://doi.org/10.1111/all.70100,Methodology for the Development of the Allergic Rhinitis and Its Impact on Asthma ( <scp>ARIA</scp> )‐EAACI 2024–2025 Guidelines: From Evidence‐to‐Decision Frameworks to Digitalised Shared Decision‐Making Algorithms,Jean Bousquet; Bernardo Sousa‐Pinto; Rafael José Vieira; Holger J. Schünemann; Torsten Zuberbier; Antonio Bognanni; Alkis Togias; Bolesław Samoliński; Arūnas Valiulis; Sian Williams; Anna Bedbrook; Heather J. Zar; Marı́a José Torres; Mohamed H. Shamji; Mário Morais‐Almeida; Giorgio Walter Canonica; Leticia de las Vecillas; Mark S. Dykewicz; Cristina Jacomelli; Ludger Klimek; Lucas Leemann; Olga Lourenço; Yuliia Palamarchuk; Nikolaos G. Papadopoulos; Ana Margarida Pereira; Marine Savouré; Sanna Toppila‐Salmi; Maria Teresa Ventura; Juan José Yepes-Núñez; Álvaro A. Cruz; Giorgio Ciprandi; Bilun Gemicioğlu; Mattia Giovannini; Brigita Gradauskienė; Tuomas Jartti; Miloš Jeseňák; Piotr Kuna; Violeta Kvedarienė; D Larenas-Linnemann; Amir Hamzah Abdul Latiff; Yousser Mohammad; Ken Ohta; P A Mahesh; Isabella Pali‐Schöll; Oliver Pfaar; Frederico S. Regateiro; Nicolás Roche; Mikhail Sofiev; Luís Taborda‐Barata; Charlotte Suppli Ulrik; Marylin Valentin Rostan; Giovanni Viegi; Luo Zhang; Josep M. Antó; Tari Haahtela; Iván Chérrez-Ojeda; Juan Carlos Ivancevich; Nikolaï Khaltaev; Arzu Yorgancıoğlu; Baharudin Abdullah; Mona Al‐Ahmad; Maryam Al‐Nesf; Rita Amaral; Julijana Asllani; Karl-C Bergmann; Jonathan A. Bernstein; Michael S. Blaiss; Fulvio Braido; Paulo Augusto Moreira Camargos; Pedro Martins; Thomas B. Casale; Lorenzo Cecchi; Alessandro Fiocchi; Antonio Francesco Maria Giuliano; George Christoff; Ieva Cirule; Jaime Correia de Sousa; Elı́sio Costa; Stefano R. Del Giacco; Philippe Devillier; Dejan Dokic; Elham Hossny; Tomohisa Iinuma; Carla Irani; Zhanat Ispayeva; Kaja Julge; Ігор Петрович Кайдашев; Kazi Saifuddin Bennoor; Helga Kraxner; Inger Kull; Marek Kulus; Maciej Kupczyk; А.И. Курченко; Stefania La Grutta; Neven Miculinić; Lan Le Thi Tuyet; Μichael Μakris; Branislava Milenković; Sang Min Lee; Stephen Montefort,"Asthma Association; Medical University of Lodz; Stockholm South General Hospital; Assistance Publique – Hôpitaux de Paris; Copenhagen University Hospital; Croatian Science Foundation; Universitat Pompeu Fabra; Azienda Usl Toscana Centro; Helsinki University Hospital; Hospital Kuala Lumpur; Care International; Virologie et Immunologie Moléculaires; Augusta University; University of Beira Interior; University of Veterinary Medicine Vienna; Istanbul University-Cerrahpaşa; University of South Florida; Saint Joseph University; University of Belgrade; Humboldt-Universität zu Berlin; Ospedale Policlinico San Martino; Semmelweis University; Comenius University Bratislava; University of Copenhagen; Freie Universität Berlin; University of Cincinnati Medical Center; Saint Louis University; Istituto di Fisiologia Clinica; Beijing Tongren Hospital; Hospital Regional Universitario de Málaga; Hospital Center of Cova da Beira; Dankook University; National Institute of Allergy and Infectious Diseases; University of Coimbra; Centar za Promociju Nauke; National Research Council; Vilnius University; Children's Clinical University Hospital; Université Paris-Saclay; Istituto di Farmacologia Traslazionale; Casa di Cura Villa Garda; Charité - Universitätsmedizin Berlin; Istituti di Ricovero e Cura a Carattere Scientifico; Universidade Federal de Minas Gerais; Vilnius University of Applied Sciences; Centre for Health Technology and Services Research; Centro de Investigación Biomédica en Red de Epidemiología y Salud Pública; JSS Medical College and Hospital; Tartu University Hospital; Klinik und Poliklinik für Psychosomatische Medizin und Psychotherapie; Medical University of Sofia; Manisa Celal Bayar University; Fraunhofer Institute for Translational Medicine and Pharmacology; PHI University Psychiatric Clinic - Skopje; Fundação de Amparo à Pesquisa do Estado da Bahia; Hospital Médica Sur; NIHR Imperial Biomedical Research Centre; Hospital de Dona Estefânia; American Academy of Allergy, Asthma and Immunology; Hvidovre Hospital; University of Zurich; Ain Shams University Hospital; Hospital Universiti Sains Malaysia; NCCR Chemical Biology - Visualisation and Control of Biological Processes Using Chemistry; Universidad de Los Andes; Meyer Children's Hospital; National and Kapodistrian University of Athens; Kuwait University; University of Medicine Tirana; Université Paris Cité; University General Hospital Attikon; CUF Porto Hospital; Technologies pour la Santé; Universidad de Especialidades Espíritu Santo; Hospitais da Universidade de Coimbra; Hôpital Cochin; Hamad Medical Corporation; Institut Hospitalier Franco Britannique; Finnish Meteorological Institute; Center for Health, Exercise and Sport Sciences; Philipps University of Marburg; Chiba University; Turku University Hospital; University of Eastern Finland; University of Bari Aldo Moro; Humanitas University; University of Cagliari; University Medical Center HCMC; Poltava State Agrarian University; Polytechnic Institute of Porto; National Institute of Cardiovascular Diseases; Syrian Private University; University of Helsinki; University of Florence; Lithuanian University of Health Sciences; Sachs' Children and Youth Hospital; Universidade Federal da Bahia; Universidad de Málaga; University of Minho; Zentrum für Rhinologie und Allergologie; Universidade Nova de Lisboa; Institute for Biomedical Research and Innovation; IRCCS Humanitas Research Hospital; Impact; Damascus University; Martin University Hospital; University Clinic of Traumatology; University of Genoa; Allergy, Asthma and Clinical Research Center; Karolinska Institutet; Medical University of Warsaw; Fukujuji Hospital; Pulmonary Associates; Institute of Sciences of Food Production; Bambino Gesù Children's Hospital; McMaster University; Universiti Sains Malaysia; Fundación Santa Fe de Bogotá; Inserm; University of Tartu; Johannes Gutenberg University Mainz; Poltava State Medical University; Hôtel-Dieu de France; Latakia University; Centre de recherche en Epidémiologie et Santé des Populations; Czech Academy of Sciences, Institute of Physiology; Bogomolets National Medical University; University of Malta; Institut Cochin; Barcelona Institute for Global Health; Universidade do Porto; Hôpital Foch; Uppsala University; Hospital La Paz Institute for Health Research; Casa di Cura Columbus; American College of Allergy, Asthma and Immunology; Kazakh National Medical University",2025,1,True,https://doi.org/10.1111/all.70100,Allergy,en,"The Allergic Rhinitis and its Impact on Asthma (ARIA) guidelines produced their first edition in 1999, with subsequent revisions in 2008, 2010, 2016 and 2019. A new iteration of ARIA-ARIA 2024-2025-in collaboration with EAACI is currently being developed, focusing on the management of allergic rhinitis. ARIA 2024-2025 follows the GRADE framework and is endorsed by the European Academy of Allergy and Clinical Immunology (EAACI). A set of approaches has been used to develop guideline questions, including surveying key opinion leaders and using artificial intelligence (AI)-based tools to analyse web searches on allergic rhinitis and to generate questions. Each prioritised guideline question is assessed through an Evidence-to-Decision (EtD) framework. EtDs support the systematic and transparent formulation of recommendations, comprising 12 criteria for which the best available evidence should be sought. In the context of ARIA-EAACI 2024-2025, such evidence is derived not only from randomised controlled trials but also-among others-from patient-generated data sources that better reflect the affected individuals' perspectives. Moreover, ARIA-EAACI 2024-2025 incorporates evidence on planetary health. Developed guideline recommendations will support the creation of digitalised decision algorithms and care pathways. This paper describes the methodology used to develop the person-centred, digitally enabled and AI-assisted ARIA-EAACI 2024-2025. Among others, it describes (i) the development and prioritisation of guideline questions, (ii) sources of evidence for EtDs and (iii) the development of digitalised decision algorithms and care pathways.",2026-03-23
yes,UMA,W7118176500,https://doi.org/10.3390/jpm16010025,"Emerging Molecular and Computational Biomarkers in Urothelial Carcinoma: Innovations in Diagnosis, Prognosis, and Therapeutic Response Prediction",Fernando Alberca-del Arco; Rocío Santos-Perez de la Blanca; Elisa Maria Matas-Rico; Bernardo Herrera-Imbroda; Félix Guerrero-Ramos,Hospital Universitario 12 De Octubre; Hospital Clínico Universitario Virgen de la Victoria; Andalusian Centre for Nanomedicine and Biotechnology; Universidad de Málaga; Spanish Oncology Genitourinary Group; Instituto de Investigación Biomédica de Málaga,2026,1,True,https://www.mdpi.com/2075-4426/16/1/25/pdf?version=1767599963,Journal of Personalized Medicine,en,"Bladder cancer (BC) represents a major global health issue with high recurrence and significant mortality rates in cases of advanced disease. Currently, the development of molecular profiling, liquid biopsy technologies, and artificial intelligence (AI) software has resulted in unprecedented opportunities to improve diagnosis, prognostic assessment, and treatment selection. Recent multicenter studies have identified emerging metabolomic, proteomic, and genomic biomarkers with high sensitivity and specificity that may help replace or complement invasive approaches. AI-driven models that combine multi-omics datasets with radiomics and clinical parameters have demonstrated improved accuracy for predicting both therapeutic response and long-term outcomes, compared to standard approaches for risk stratification. Additionally, the incremental clinical usefulness of liquid biopsy platforms has been demonstrated for the monitoring of non-muscle-invasive bladder cancer and minimal disease detection. As these innovations converge, they herald the advent of a new era of personalized management of urothelial carcinoma; however, broad-based clinical implementation will require large-scale validation, standardization, regulatory harmonization, and economic analyses. Background: Bladder cancer continues to be a global health problem, particularly in the advanced disease setting where treatment options are limited, and mortality remains high. The exciting advances in precision medicine, including breakthrough molecular profiling techniques, liquid biopsy, and opportunities to apply AI to interpret these molecular data, hold unprecedented promise in improving the accuracy of diagnosis, prognostic stratification, and therapeutic decision-making.",2026-03-23
yes,UMA,W4399217027,https://doi.org/10.58190/icisna.2024.81,Use Harris Hawks Optimization (HHO) Algorithm based on Artificial Neural Network for liver disease diagnosis,Haedar Emad Sharef Alsafi; Hadeel Alsalihi; Jorge Munilla,Universidad de Málaga,2024,1,True,https://proceedings.icisna.org/conf/index.php/ICISNA/article/download/91/58,Proceedings of international conference on intelligent systems and new applications.,en,"This research paper presents a new method for diagnosing liver disease using the Harris Hawks Optimization (HHO) algorithm in combination with an Artificial Neural Network (ANN). The HHO algorithm enhances the ANN's performance in liver disease classification by refining its parameters. Clinical, laboratory, and demographic data are collected from hepatitis patients and individuals without hepatic illness. The dataset is processed to handle missing values, outliers, and normalization. The HHO algorithm optimizes the weights and biases of the ANN, facilitating the identification of relevant features for accurate diagnosis. The trained ANN model is evaluated using various performance metrics, demonstrating its effectiveness in diagnosing liver disease. The HHO algorithm efficiently searches the entire search space, enhancing the ANN's ability to learn complex patterns and make accurate predictions. Evaluation metrics indicate that the optimized ANN model outperforms traditional machine learning methods, showcasing its potential as a reliable diagnostic tool. Interpretability metrics, such as feature importance and saliency maps, provide insights into the key elements of diagnosis. The proposed approach shows high diagnostic accuracy and interpretability, implying the potential for a stable decision-aid system in clinical practice. Early detection and timely intervention enabled by this method can lead to increased patient safety rates and optimized resource allocation.",2026-03-23
yes,UMA,W4399981893,https://doi.org/10.1007/978-3-031-52607-7_17,Last Tendencies in Acquiring Text Competence in the Field of Tourism. The Case of Chatbots and AI,María Dolores Fernández de la Torre Madueño,Universidad de Málaga,2024,1,True,https://link.springer.com/content/pdf/10.1007/978-3-031-52607-7_17.pdf,Springer proceedings in business and economics,en,"Abstract Our aim is to propose the usage of generative Artificial Intelligence, hereafter AI, while lecturing, as a complement to the traditional methodology, to ease technological skills acquisition in the related AI. Widely spread in all aspects of cultural life and professional praxis worldwide, it is of key importance in the training of our professional to be. In Malaga University’s Degree of Tourism, in subjects dealing with English for tourism management, we shall concentrate on chatbots aided by AI, in order to make a literary review to see the state of the question and to reflect on the needed changes to implement these tools. We shall try to outline the characteristics, possibilities, advantages and disadvantages, and the influence on both students and lecturers alike of the usage of AI in chatbots to deal with outcoming texts. Direct interaction with the tools will be highlighted. Of key importance is training lecturers in the productive use of “prompt engineering”. To conclude, handling specialised texts in the field of tourism by means of chatbots might help lecturers’ awareness and responsibility for right use to obtain semi-specialised and specialised texts in the field of tourism in order to understand, extract and evaluate its pertinence.",2026-03-23
yes,UMA,W4414043654,https://doi.org/10.1016/j.jaci.2025.08.022,"Artificial intelligence in allergy and immunology: Recent developments, implementation challenges, and the road toward clinical impact",Merlijn van Breugel; Matt Greenhawt; Ibon Eguíluz‐Gracia; Marı́a José Torres; Aikaterini Anagnostou; Gerard H. Koppelman,Baylor College of Medicine; University of Colorado Denver; Hospital Regional Universitario de Málaga; University Medical Center Groningen; Universidad de Málaga; Instituto de Investigación Biomédica de Málaga; Children's Hospital Colorado,2025,1,True,https://doi.org/10.1016/j.jaci.2025.08.022,Journal of Allergy and Clinical Immunology,en,"Artificial intelligence (AI) is increasingly recognized for its capacity to transform medicine. While publications applying AI in allergy and immunology have increased in number, clinical implementation substantially lags behind other specialties. By mid-2024, over 1,000 US Food and Drug Administration-approved AI-enabled medical devices existed, but none specifically addressed allergy and immunology. This gap partly reflects the field's limited reliance on imaging, which facilitated early AI breakthroughs in radiology and pathology. This narrative review examines recent AI developments, including large language models and AI agents, evaluating their applicability to allergy and immunology practice. We analyze current and potential applications, emphasizing those demonstrating clinical value while identifying implementation barriers amplified by allergic diseases' unique complexities, including data privacy concerns, bias, reliability constraints, and evolving regulatory frameworks. To bridge the persistent research-to-implementation gap, we propose a 6-point road map: (1) prioritize impactful applications, (2) define clinically relevant benchmarks, (3) enforce rigorous governance, (4) transition to operationalization, (5) promote clinical adoption through trustworthy AI, and (6) establish life cycle management. This road map builds on established implementation frameworks while incorporating critical field-specific considerations unique to allergy and immunology. Through this approach, we provide a perspective for advancing AI in allergy and immunology from academic promise to tangible clinical benefit.",2026-03-23
yes,UMA,W3200726814,https://doi.org/10.1101/2021.09.20.21263794,Development and evaluation of a machine learning-based in-hospital COvid-19 Disease Outcome Predictor (CODOP): a multicontinental retrospective study,Riku Klén; Disha Purohit; Ricardo Gómez‐Huelgas; José Manuel Casas‐Rojo; Juan Miguel Antón Santos; Jesús Millán Núñez-Cortés; Carlos Lumbreras; José Manuel Ramos; Pablo Young; Juan Ignacio Ramírez; Estela Edith Titto Omonte; Rosmery Gross Artega; Magdy Teresa Canales Beltrán; Pascual Valdéz; Florencia Pugliese; Rosa Castagna; Nico Funke; Benjamin Leiding; David Gómez‐Varela,University of Turku; Universidad Metropolitana de Honduras; Research Institute Hospital 12 de Octubre; University of Vienna; Hospital General Universitario Gregorio Marañón; Hospital Británico de Buenos Aires; Max Planck Institute of Experimental Medicine; Clausthal University of Technology; Turku PET Centre; Universidad de Málaga; Hospital Universitario Infanta Cristina; Instituto de Investigación Biomédica de Málaga; Universidad Privada de Santa Cruz de la Sierra,2021,1,True,https://www.medrxiv.org/content/medrxiv/early/2021/11/29/2021.09.20.21263794.full.pdf,,en,"Summary Background More contagious SARS-CoV-2 virus variants, breakthrough infections, waning immunity, and sub-optimal rates of COVID-19 vaccination account for a new surge of infections leading to record numbers of hospitalizations and deaths in several European countries. This is a particularly concerning scenario for resource-limited countries, which have a lower vaccination rate and fewer clinical tools to fight against the next pandemic waves. There is an urgent need for clinically valuable, generalizable, and parsimonious triage tools assisting the appropriate allocation of hospital resources. We aimed to develop and extensively validate CODOP, a machine learning-based tool for accurately predicting the clinical outcome of hospitalized COVID-19 patients. Methods CODOP was built using modified stable iterative variable selection and linear regression with lasso regularisation. To avoid generalization problems, CODOP was trained and tested with three time-sliced and geographically distinct cohorts encompassing 40 511 blood-based analyses of COVID-19 patients from more than 110 hospitals in Spain and the USA during 2020-21. We assessed the discriminative ability of the model using the Area Under the Receiving Operative Curve (AUROC) as well as horizon and Kaplan-Meier risk stratification analyses. To reckon the fluctuating pressure levels in hospitals through the pandemic, we offer two online CODOP calculators suited for undertriage or overtriage scenarios. We challenged their generalizability and clinical utility throughout an evaluation on a cohort of patients hospitalized in five hospitals from three Latin American countries. Findings CODOP uses 12 clinical parameters commonly measured at hospital admission and associated with the pathophysiology of COVID-19. CODOP reaches high discriminative ability up to nine days before clinical resolution (AUROC: 0·90-0·96, 95% CI 0·879-0·970), it is well calibrated, and it enables an effective dynamic risk stratification during hospitalization. The two CODOP online calculators demonstrate their potential for triage decisions when challenged with the distinctive Latin American evaluation cohorts (73-100% sensitivity and 84-100% specificity). Interpretation The high predictive performance of CODOP in geographically disperse patient cohorts and the easiness-of-use, strongly suggest its clinical utility as a global triage tool, particularly in resource-limited countries. Funding The Max Planck Society. Research in context Evidence before this study We have searched PubMed for articles about the existence of in-hospital COVID-19 mortality predictive models, using the search terms “coronavirus”, “COVID-19”, “risk”, “death”, “mortality”, and “prediction”, focusing on studies published between March 1, 2020 and 31 August, 2021. The studies we identified generally used small-medium size cohorts of patients that are geographically restricted to small regions of the developed world (many times, to the same city). We haven’t found studies that challenged their models in extended cohorts of patients from very distinct health system populations, particularly from resource-limited countries. Further, most of the previous models are rigid by not acknowledging the fluctuating availability of hospital resources during the pandemic (e.g., beds, oxygen supply). These and other limitations have been pointed out by expert reviews indicating that published in-hospital COVID-19 mortality predictive models are subject to high risk of bias, report an over-optimistic performance, and have limited clinical value in assisting daily triage decisions. A parsimonious, accurate and extensively validated model is yet to be developed. Added value of this study We analysed clinical data from different cohorts totalling 21 607 COVID-19 patients treated in more than 110 hospitals in Spain and the USA during three different pandemic waves extending from February 2020 to April 2021. The new CODOP in-hospital mortality prediction model is based on 11 blood biochemistry parameters (representing main biological pathways involved in the pathogenesis of SARS-CoV-2) plus Age, all of them commonly measured upon hospitalization. CODOP accurately predicted mortality risk up to nine days before clinical resolution (AUROC: 0·90-0·96, 95% CI 0·879-0·970), it is well calibrated, and it enables an effective dynamic risk stratification during hospitalization. We offer two online CODOP calculator subtypes ( https://gomezvarelalab.em.mpg.de/codop/ ) tailored to overtriage and undertriage scenarios. The online calculators were able to reach the desired prediction performance in five independent evaluation cohorts gathered in hospitals of three Latin American countries from March 7th 2020 to June 7th 2021. Implications of all the available evidence We present here a highly accurate, parsimonious and extensively validated COVID-19 in-hospital mortality prediction model, derived from working with the largest number and the most geographically extended representation of patients and health systems to date. The rigorous analytical methods, the generalizability of the model in distinct world regions, and its flexibility to reckon with the changing availability of hospital resources point to CODOP as a clinically useful tool potentially improving the outcome prediction and the management of COVID-19 hospitalized patients.",2026-03-23
yes,UMA,W4293233531,https://doi.org/10.7554/elife.75985.sa2,Author response: Development and evaluation of a machine learning-based in-hospital COVID-19 disease outcome predictor (CODOP): A multicontinental retrospective study,Riku Klén; Disha Purohit; Ricardo Gómez‐Huelgas; José Manuel Casas‐Rojo; Juan Miguel Antón Santos; Jesús Millán Núñez-Cortés; Carlos Lumbreras; José Manuel Ramos; Noelia García Barrio; Miguel Pedrera‐Jiménez; Antonio Lalueza Blanco; María Dolores Martín Escalante; Francisco Rivas‐Ruiz; Maria Ángeles Onieva-García; Pablo Young; Juan Ignacio Ramirez; Estela Edith Titto Omonte; Rosmery Gross Artega; Magdy Teresa Canales Beltrán; Pascual Valdéz; Florencia Pugliese; Rosa Castagna; Iván Huespe; Bruno Boietti; Javier Pollán; Nico Funke; Benjamin Leiding; David Gómez‐Varela,University of Turku; Hospital Italiano de Buenos Aires; Turku University Hospital; Research Institute Hospital 12 de Octubre; Mondelēz International (India); Hospital Británico; Hospital de Santa Cruz; University of Vienna; Hospital General Universitario Gregorio Marañón; Max Planck Institute of Experimental Medicine; Hospital Costa del Sol; Hospital General Universitario de Alicante Doctor Balmis; Turku PET Centre; Hospital San Juan de Dios; Clausthal University of Technology; Universidad de Málaga; Hospital Universitario Infanta Cristina; Instituto de Investigación Biomédica de Málaga,2022,0,True,https://doi.org/10.7554/elife.75985.sa2,,en,"Article Figures and data Abstract Editor's evaluation eLife digest Introduction Materials and methods Results Data availability References Decision letter Author response Article and author information Metrics Abstract New SARS-CoV-2 variants, breakthrough infections, waning immunity, and sub-optimal vaccination rates account for surges of hospitalizations and deaths. There is an urgent need for clinically valuable and generalizable triage tools assisting the allocation of hospital resources, particularly in resource-limited countries. We developed and validate CODOP, a machine learning-based tool for predicting the clinical outcome of hospitalized COVID-19 patients. CODOP was trained, tested and validated with six cohorts encompassing 29223 COVID-19 patients from more than 150 hospitals in Spain, the USA and Latin America during 2020–22. CODOP uses 12 clinical parameters commonly measured at hospital admission for reaching high discriminative ability up to 9 days before clinical resolution (AUROC: 0·90–0·96), it is well calibrated, and it enables an effective dynamic risk stratification during hospitalization. Furthermore, CODOP maintains its predictive ability independently of the virus variant and the vaccination status. To reckon with the fluctuating pressure levels in hospitals during the pandemic, we offer two online CODOP calculators, suited for undertriage or overtriage scenarios, validated with a cohort of patients from 42 hospitals in three Latin American countries (78–100% sensitivity and 89–97% specificity). The performance of CODOP in heterogeneous and geographically disperse patient cohorts and the easiness of use strongly suggest its clinical utility, particularly in resource-limited countries. Editor's evaluation This submission is dealing with the unmet need to generate a machine learning approach for the early and accurate estimation of the outcome of patients admitted to hospital with COVID-19. The presented data generate confidence on the validity since they have been developed based on a vast number of patients and the data are validated in cohorts from different geographical regions. https://doi.org/10.7554/eLife.75985.sa0 Decision letter Reviews on Sciety eLife's review process eLife digest While COVID-19 vaccines have saved millions of lives, new variants, waxing immunity, unequal rollout and relaxation of mitigation strategies mean that the pandemic will keep on sending shockwaves across healthcare systems. In this context, it is crucial to equip clinicians with tools to triage COVID-19 patients and forecast who will experience the worst forms of the disease. Prediction models based on artificial intelligence could help in this effort, but the task is not straightforward. Indeed, the pandemic is defined by ever-changing factors which artificial intelligence needs to cope with. To be useful in the clinic, a prediction model should make accurate prediction regardless of hospital location, viral variants or vaccination and immunity statuses. It should also be able to adapt its output to the level of resources available in a hospital at any given time. Finally, these tools need to seamlessly integrate into clinical workflows to not burden clinicians. In response, Klén et al. built CODOP, a freely available prediction algorithm that calculates the death risk of patients hospitalized with COVID-19 (https://gomezvarelalab.em.mpg.de/codop/). This model was designed based on biochemical data from routine blood analyses of COVID-19 patients. Crucially, the dataset included 30,000 individuals from 150 hospitals in Spain, the United States, Honduras, Bolivia and Argentina, sampled between March 2020 and February 2022 and carrying most of the main COVID-19 variants (from the original Wuhan version to Omicron). CODOP can predict the death or survival of hospitalized patients with high accuracy up to nine days before the clinical outcome occurs. These forecasting abilities are preserved independently of vaccination status or viral variant. The next step is to tailor the model to the current pandemic situation, which features increasing numbers of infected people as well as accumulating immune protection in the overall population. Further development will refine CODOP so that the algorithm can detect who will need hospitalisation in the next 24 hours, and who will need admission in intensive care in the next two days. Equipping primary care settings and hospitals with these tools will help to restore previous standards of health care during the upcoming waves of infections, particularly in countries with limited resources. Introduction Since the first reported case in Wuhan at the end of 2019, COVID-19 has exerted extreme pressure on hospitals throughout the globe. The World Health Organization (WHO) estimated the pandemic as the direct cause of more than six million deaths. Despite the decreased number of hospitalizations and deaths among vaccinated people, warning signs forecast a scenario with health systems under severe strains leading to a bigger number of COVID-19 related deaths. The appearance of viral variants that are more contagious and that carry a higher risk of hospitalization, (Twohig et al., 2022) the waning of the immune protection, the significant amount of infections in vaccinated individuals (breakthrough infections) (Shen, 2022) together with their ability to transmit the virus, and the slow and unequal rollout of vaccines worldwide, support recent models showing that a vaccine-alone exit strategy will likely not be sufficient to contain further outbreaks and their consequences (Moore et al., 2021) At the time of submission of this study, many countries are reaching record-high numbers of infections, hospitalizations and deaths. This new pandemic wave depicts a worrisome prospect for resource-limited countries with similar or lower vaccination rates and with fewer clinical tools. Prediction models that estimate the risk of death in hospitalized COVID-19 patients could be valuable both to clinicians and patients by assisting medical staff to stratify treatment strategies and by planning for the appropriate allocation of limited resources. Thus, numerous models have been developed to assist in triage decisions of hospitalized COVID-19 patients. However, independent evaluations have pointed out their lack of generalizability and their limited clinical use (Wynants et al., 2020; El-Solh et al., 2020) due to causes belonging to the 'dataset shift' problem (Subbaswamy and Saria, 2020). Moreover, the heterogeneity of the host-pathogen interaction (what results in more than 60 disease subtypes of COVID-19 DeMerle et al., 2021) together with the fast evolution of the pandemic makes COVID-19 outcome prediction a challenging endeavour, especially if a profound evaluation using patient cohorts from geographically distinct regions is not performed. Finally, the effectiveness of these predictive models in patients with diverse immune protection (due to natural infection or vaccination) and patients infected by different Variants Of Concern (VOC) is unknown. To address this need, we used the largest and the most geographically extended patient dataset to date for developing and extensively validating a simple yet clinically useful machine learning-based online model for doctors to predict mortality in COVID-19 patients at any time during hospitalization. To assist the real clinical needs during different pandemic scenarios we offer two predictor subtypes suited for undertriage and overtriage situations (https://gomezvarelalab.em.mpg.de/codop/). The collective effort presented here unveils the power of machine learning for helping clinicians and patients in this pandemic. Based on its easiness to use and its generalizability among geographically very distinct patient cohorts, we aim for CODOP to become a useful triage tool, particularly in resource-limited countries. Materials and methods Patient cohorts Request a detailed protocol The training and two test cohorts (Test 1 and Test 2) of this study are based on the SEMI (Sociedad Espanola de Medicina Interna) COVID-19 Registry (Casas-Rojo et al., 2020) It is an ongoing multicentre nationwide cohort of consecutive patients hospitalized for COVID-19 across different Spanish regions (109 hospitals). Eligibility criteria were age ≥18 years, confirmed diagnosis of COVID-19, defined as a positive result on real-time reverse-transcription-polymerase-chain-reaction (RT-PCR) for the presence of SARS-CoV-2 in nasopharyngeal swab specimens or sputum samples, first hospital admission for COVID-19, and hospital discharge or in-hospital death (Casas-Rojo et al., 2020). An additional patient cohort (named Test 4 and composed of 2508 patients hospitalized in the 12 de Octubre and the Costa del Sol Spanish hospitals), was used for testing the influence of vaccination and the Delta and Omicron virus variants on the discriminative ability of CODOP for predicting in-hospital death, the need for mechanical ventilation and admission to the Intensive Care Unit (ICU). Personal data are processed in strict compliance with Spanish Law 14/2007, of July 3, on Biomedical Research, Regulation (EU) 2016/679 of the European Parliament and of the Council of 27 April 2016 on the protection of natural persons with regard to the processing of personal data and on the free movement of such data, repealing Directive95/46/EC (General Data Protection Regulation), and Spanish Organic Law 3/2018, of December 5, on the Protection of Personal Data and the Guarantee of Digital Rights. The SEMI-COVID-19 Registry and the COVID registries of 12 de Octubre and the Costa del Sol hospitals has been approved by the Provincial Research Ethics Committee of Malaga (Spain; C.I.F. number: 0–9150013-B). In accordance with applicable regulations, the Spanish Agency of Medicines and Medical Products (AEMPS, for its initials in Spanish) has ruled that due to its nature, the study only required the approval of the Ethics Committee and not the Autonomous Community, as in other studies. The test cohort from New York (External Test 3) is based on the study from Del Valle et al., 2020 consisting of 2 021 COVID-19 patients hospitalized in the Mount Sinai Health System in New York City. The cohorts used in the online validation of the two online CODOP subtypes were provided by a group of Argentinian hospitals composed by the Argentinian COVID-19 Network (4690 patients from 37 Argentinian hospitals), Hospital Vélez Sarsfield (100 patients, Buenos Aires, Argentina), and Hospital Británico de Buenos Aires (150 patients, Buenos Aires, Argentina), the Honduras Medical Centre (45 patients, Tegucigalpa, Honduras), the Hospital Santa Cruz Caja Petrolera de Salud (30 patients, Santa Cruz de la Sierra, Bolivia), and the Hospital San Juan de Dios (93 patients, Santa Cruz, Bolivia). The Argentinian COVID-19 Network was also used for predicting ICU admission and the need for mechanical ventilation. Process of personal data are in strict compliance with National Laws of personal data and in accordance with the principles of the Declaration of Helsinki. The release of anonymized clinical data used in this study has been reviewed by the institutional ethical review boards for each institution participating in this study (approval numbers: 1575, 5562, and 5606 for the Argentinian datasets, 143-CB-HE for Honduras Medical Centre). For the Hospital Santa Cruz Caja Petrolera de Salud and Hospital San Juan de Dios, please contact corresponding authors for additional details regarding the IRB approval documents. Informed consent to publish their de-identified clinical data for academic purposes was obtained from all the patients. When it was not possible to obtain informed consent in writing due to biosafety concerns or if the patient had already been discharged, informed consent was requested verbally and noted on the medical record. Predictors and outcomes Request a detailed protocol We included patient characteristics and blood test values (see Table 1) that were present in all training and test cohorts, measured at different times during hospitalization, as potential predictors. We limited our potential predictors to variables that had less than 40% missing values. The percentage of missing values is listed in Table 1. Most of the variables have less than 5% of missing values. Missing values were imputed in all datasets using the mean value of original variables in the training cohort. We trained a binary classification model in which the outcome is patient mortality: 1, if the patient was deceased, or 0, if discharged. Table 1 Features used during CODOP development with the training cohort, the values used for imputation, and the percentage of missing values. Numerical variables are reported by median (Md) and interquartile range (IQR). VariableImputed valueMd (IQR)Missing %Age (years)66·67,91168 (56–79)0·0Sex (male, female)none6 775 females and 9 127 males0·0Hemoglobin (g/dL)13·33,20113 (12–15)1·7Platelet Count (x 106 /L)250 097·7223,000 (164 000-311 000)1·8Eosinophils (x 106 /L)63·81,81710 (0–100)3·0Lymphocytes (x 106 /L)1 243·5751,000 (700-1 420)1·9Neutrophils (x 106 /L)5 525·8944 490 (3 090-6 800)2·2Monocytes (x 106 /L)535·8,804470 (300–660)2·7C-Reactive Protein (mg/L)74·48,96441 (12–108)4·6Creatinine (mg/dL)1·156,5741 (1–1)2·0Lactate Dehydrogenase (U/L)363·9,083306 (234–424)13·0Aspartate aminotransferase (U/L)49·27,09835 (24–53)18·4Alanine aminotransferase (U/L)48·99,69932 (20–54)7·4Total bilirrubin (mg/dL)0·64292021 (0–1)26·5Serum Sodium (mmol/L)138·4,268138 (136–141)2·6Serum Potassium (mmol/L)4·178,4414 (4–4)3·7Glucose (mg/dL)124·2,852108 (92–135)5·2Prothrombin time (s)19·99,79813 (12–14)35·8Fibrinogen (mg/dL)608·0043601 (497–713)37·0Dimer (ng/mL)2 122·158672 (370–1 320)21·7 For each cohort, the subjects were divided into two groups based on their survival status. The normality of each numerical variable in the groups was tested with the Shapiro-Wilk normality test. None of the variables was normally distributed. For each variable, statistical difference was tested between the two groups with the Wilcoxon rank-sum test for numerical variables and with the chi-squared test for categorical variables. The obtained p-values were adjusted for multiple testing by Benjamini-Hochberg Procedure. Models for both the need of mechanical ventilation and admission to the ICU were constructed in a similar fashion. CODOP development Request a detailed protocol CODOP was built using modified stable iterative variable selection (SIVS) (Mahmoudian et al., 2021) and linear regression with least absolute shrinkage and selection operator (lasso) regularisation (Friedman et al., 2010). In model building only the training cohort was used and models were built using 10-fold cross-validation. In the feature selection stage of SIVS, 100 models were built and for each model selected variables were recorded. For reducing the number of features to as few as possible (therefore, increasing the easiness of use of CODOP), we tuned the weighting function in SIVS (called variable importance scoring) so that only features occurring in all of the 100 models were selected for the final model building stage. This method has shown to be very efficient, especially when the ratio of positive and negative outcomes is imbalanced (Klén et al., 2019). Lasso models were built in R Development Core Team, 2010 (version 3.6.0) package glmnet (Friedman et al., 2010) (version 4.1–1). All predictions were done blinded to the final clinical outcome. For converting numeric prediction into binary prediction, Youden's J statistic was used (Youden, 2006). For building the two online CODOP subtypes, we used alternative thresholds, which were selected to be the largest threshold value in the training cohort with a sensitivity of 95% for CODOP-Ovt and specificity of 95% for CODOP-Unt. Calibration plots were created with R package caret (Kuhn, 2020) (version 6.0–86). Survival analysis was performed using univariable Cox proportional hazards regression model (Cox, 1972). Survival analysis and Kaplan-Meyer plots were produced with R packages survival (Therneau and Lumley, 2020) (R package version 3.2–11) and survminer (Alboukadel et al., 2018) (R package version 0.4.9). For horizon analyses, the data were considered separately for survival time of one to nine days. The final model can be found in the Klén etal_Supplementary file 1 and it is freely accessible in the following Github addresses: https://github.com/TUC-Circular-Economy-Department/COvid-19-Disease-Outcome-Predictor#uir https://github.com/TUC-Circular-Economy-Department/COvid-19-Disease-Outcome-Predictor#documentation. Benchmarking Request a detailed protocol To evaluate the performance of CODOP, we used three benchmark methods: COPE (van Klaveren et al., 2021), model by Zhang et al., 2020, and a univariable model. COPE model is a linear regression model, which uses variables age, respiratory rate, C-reactive protein, lactic dehydrogenase, albumin, and urea. Zhang et al. model is a logistic regression model, which uses variables age, sex, neutrophil count, lymphocyte, platelet, C-reactive protein, and creatinine. From the different models described in Zhang et al., model DL for prediction of death (Table S2 of Zhang et al.) was used for benchmarking purposes. Univariable analysis was performed in the training dataset for all variables. The best univariable model was selected based on the average ranking of AUROC, accuracy, sensitivity and specificity. Different models were evaluated using four evaluation metrics: area under receiver operating curves (AUROC), accuracy, sensitivity, and specificity. The metrics were calculated using R packages pROC (Robin et al., 2011) (version 1.17.0.1) and caret (Kuhn, 2020 R package version 6.0–86). Online evaluation Request a detailed protocol Forty-two different Latin American hospitals provided the values for the 12 features used by CODOP that were measured in patients at two different time points between March 7th 2020 and October 16th 2021: during the time of hospitalization, and the worst values measured during hospitalization. The former datasets were used for calculating AUROC, calibration curves, and confusion matrices. Both times points were used for performing horizon analysis and risk-stratification. All predictions were done blinded to the final clinical outcome. Role of the funding source Request a detailed protocol The Max Planck Society support the payment of the article processing fees. No other funding supported the study. The funders of the had no role in study design, data collection, data analysis, interpretation of data, writing of the report, or in the decision to submit the paper for publication. Results CODOP development, performance, and benchmark We developed CODOP following a multistep process 1) using a training dataset with of features blood biochemical parameters and Table 1) measured during admission on COVID-19 patients hospitalized in Spanish healthcare during the first COVID-19 wave that in between February and July 2020 Network et al., 2020). 1 the different patient cohorts used in this study and the during the development, and independent evaluation of a first data included of the and of the missing test which is of clinical (Table linear 10-fold and SIVS, we obtained a final CODOP model using blood biochemical parameters file 1 and analysis values of C-reactive protein, dehydrogenase, and and values of and were with in-hospital death, file we the performance of CODOP, using the training the predictor developed by Zhang et al., 2020, the predictor COPE (van Klaveren et al., 2021), and the univariable feature with more predictive file The two models were selected based on the availability of the details and their use of CODOP a discriminative ability in predicting in-hospital mortality under the receiver operating curves or 95% reaching and sensitivity and file In CODOP has calibration for all the different risk groups as by a lower value and file detailed of the calibration curves that the predictor by Zhang et al. the of death for patients and the of death for patients. the other COPE the of death for all risk a 2 with all ability area under the receiver operating curves or and calibration curves for CODOP, Zhang et al., and in the training data 1 Prediction values for CODOP, Zhang in the training of the geographical location, the vaccination status and the of in the discriminative ability of CODOP The of age, and Table 1 of et al., and geographical of the training suggest the generalizability of the predictions by However, the evolution of the pandemic any prediction model that on We the discriminative ability and calibration of CODOP in geographical diverse patient cohorts different vaccination and infected with different the one we used two cohorts with COVID-19 patients hospitalized during consecutive COVID-19 waves that in between July 7th and December 2020 (Test between December 7th 2020 and March (Test These cohorts are composed of patients infected with the original Wuhan and the virus and calibration curves that the performance metrics are preserved in these two cohorts file The generalizability of CODOP was also on a test cohort (External Test consisting of COVID-19 patients hospitalized in the Mount Sinai Health System in New York between March and April 2020 Del Valle et al., 2020; file To the influence of the Delta and Omicron we a dataset in between April and February 2022 (Test 2508 data that the performance of CODOP is preserved when these two of were file detailed analysis that CODOP has the discriminative ability in patients infected by Delta or by Omicron The lack of between the percentage of deaths and the predictive ability of CODOP among the four test cohorts file out an influence due to the of these Finally, CODOP both the predictors and in the test cohorts file To evaluate the discriminative ability of CODOP in the vaccinated we data from hospitalized patients with two or three vaccination belonging to the Test 4 cohort. data that vaccination status has influence on the ability of CODOP for predicting the risk of in-hospital death and file our results the of CODOP during the fluctuating scenario of the COVID-19 pandemic appearance of different the different immune protection among the the use of more clinical that CODOP in the of COVID-19 hospitalized patients. of prediction and dynamic patients of the different cohorts had multiple blood during their hospitalization. This a for the time before clinical at which CODOP can predict the death of hospitalized patients with high For we the performance of CODOP at a time before the clinical resolution using the training cohort. CODOP the outcome of all patients nine days in with an average sensitivity a specificity of and values higher than and file 1, In to the other CODOP a stable sensitivity the nine days horizon time with 1 all analysis and survival analysis in the training In the horizon the number of days at the hospital before clinical the is for the number of is for survival and for and are for sensitivity when the specificity was at in the training cohort is CODOP, the is the is Zhang et al., and the is In the survival analysis, the risk to the provided by data 1 Prediction values for CODOP, Zhang al. for the horizon analysis in the training we that CODOP enables a stratification of patients into a group the of the hospitalization, as patients with a higher risk to the provided by CODOP), who were more likely to time We obtained similar stratification results when using other test cohorts CODOP an early and dynamic warning tool in the clinical status of COVID-19 patients. evaluation of an online CODOP predictor the COVID-19 pandemic, the availability of resources in hospitals the significant following infection Thus, a clinically useful prediction tool needs to reckon with these dynamic scenarios for assisting undertriage and overtriage We developed and validated two subtypes of our CODOP-Ovt (from and (from to the triage of patients at high risk of death to the hospital and their first blood CODOP-Ovt the negative predictive value or the of patients and it is for scenarios overtriage is possible hospital resources are not the main the other the positive predictive value by to the of patients and it be in pandemic when hospital resources are limited and undertriage needs to be the training cohort, CODOP-Ovt of the patients that in hospital nine days before clinical resolution this in sensitivity is with specificity these metrics are the range of and overtriage levels from 5% to and to (van et al., The results were obtained with more than 95% of the patients that were as 1) of the patients that in hospital were not in similar overall performance for both CODOP subtypes in all test cohorts file we constructed and evaluated an that the to between CODOP-Ovt and CODOP-Unt. The a detailed of the CODOP and on to use the prediction The has been tested using different and systems file In all predictions were calculated in less than 2 for datasets up to patients not the Data Protection",2026-03-23
yes,UMA,W4327715313,https://doi.org/10.3389/fpain.2023.1152194,Editorial: Highlights in pediatric pain 2021/22,Tonia C. Onyeka; Rocío de la Vega; Emma Fisher; G. Allen Finley,University of Nigeria; University of Bath; Instituto de Investigación Biomédica de Málaga; Universidad de Málaga; University of Nigeria Teaching Hospital; Dalhousie University,2023,0,True,https://www.frontiersin.org/articles/10.3389/fpain.2023.1152194/pdf,Frontiers in Pain Research,en,"child and family (Murray et al., 2020). Psychological treatments have been found to be effective in reducing pain intensity and disability (Fisher et al., 2018(Fisher et al., , 2019, however, there is considerable variability in treatment response, such that some children and adolescents benefit while others do not and more research has been called for in this area. This editorial highlights the broad diversity of research performed across the Pediatric Pain section, including a summary of pediatric chronic pain management modalities, from bench to bedside, and an intersect of the biopsychosocial aspects of pain. It includes five manuscripts: three original studies, one brief research report and one mini review.The review article by Jotwani et al. highlights the importance of behavioural treatments in pediatric chronic pain, the latter being widespread and of complex nature as a result of the progressive growth of the nervous system (Eccleston et al., 2021). The authors found mixed efficacy of psychological interventions for pain outcomes, proposing interactions between psychosocial factors such as pain catastrophizing and biobehavioral mechanisms like inflammatory biomarkers, and the relevance of such interactions to patient treatment outcomes, the authors posit that in order to further expand this vital research area, conducting mechanistic clinical trials (which are studies involving human participants to have a better understanding of biologic or behavioral mechanisms) (MacAllister & Veighey, 2012) utilizing mixed methods may help explain the mixed results. They suggest that neuroimaging techniques (especially fNIRs imaging) to observe for neurologic pain processes and artificial intelligence to detect pain predictors are new frontiers in mechanistic pediatric pain research. Findings from this study encourage parent-child co-treatment and the necessity of parental catastrophizing treatments for the benefit of children with FAPD.The research by Semkovych and Dmytriiev focuses on an under-researched area: the use of biomarkers to track pain progression in clinical practice (Eldabe et al., 2022). They investigate the role of biomarkers of the innate immune system to address this issue. Their 3-arm randomized controlled trial (RCT) conducted in children who underwent inguinal herniotomy, examined the relationship between postoperative Toll-like receptor 4 (TLR4) levels, a proinflammatory biomarker implicated in the development of neuropathic pain, different perioperative analgesic regimens and their effect on pain chronification. Acute pain was found to be significantly higher in the general anesthesia (GA) group than the Quadratus Lumborum Block (QLB) group and the Transversalis Fascia Plane Block (TFPB) group. Chronic pain was found to be prevalent in the GA group when compared with the QLB and TFPB groups. They conclude by summarizing the benefits of regional anaesthesia for children to include ease of use, adequate perioperative pain relief, reduction in opioid requirements and reduced TLR4 levels, reducing the possibility of pain chronicity.Regarding risk factors for paediatric pain, the brief research report by Borschneck at al. sheds some light on risk factors for anterior knee pain (AKP) in adolescents, a condition considered to be responsible for up to 40% of visits to the physiotherapist (Clark et al., 2000). They elucidate the intrinsic and extrinsic risk factors that have been found to increase the risk of AKP including participation in sports but highlight the observation that there is a lack of information regarding the association between participation in specific sports and increased risk of AKP. They found that previous AKP and previously treated knee injuries seem to be risk factors especially in females. In addition, participation in basketball, baseball, cross-country, riding, and volleyball, are associated with increases the risk of AKP.Finally, Kaczynskyi et al. conducted a peri-pandemic assessment of pain and other psychosocial outcomes among children and adolescents diagnosed with chronic pain disorders and their families. In comparing functioning of participants during two periods and in two situations: outside the home pre-pandemic and inside the home during the COVID-19 pandemic, the authors found significant decreases in pain intensity, pain catastrophizing (including rumination and helplessness) and significant decreases in psychological stress and anxiety during the first few months of the lockdown. The authors surmise that although reduction in pain was experienced when participants were removed from the traditional school setting, teaching children effective coping strategies and self-advocacy skills will help them adapt to any environment they find themselves in.The articles composing this collection provide key insights for pediatric pain assessment and psychological treatment and a path forward to advance the field, focusing on identifying biomarkers, moderators and mediators of treatment efficacy and using mixed methods to better-understand mechanisms of change. They identify the need to take a more directed approach to many aspects of pediatric pain care, and to seek an understanding of specific biological and cognitive mechanisms in the diagnosis, assessment, and management of pain in children. We look forward to other innovative and exciting submissions on pediatric pain research.",2026-03-23
yes,UMA,W4400037412,https://doi.org/10.1145/3652037.3663912,A Smartwatch-based Approach for Oral Health Monitoring using Deep Learning,E. Casilari; Francisco J. González-Cañete,Universidad de Málaga,2024,0,False,,,en,"Monitoring toothbrushing is of great importance to promote the improvement of oral health habits. In this study wearable devices and artificial intelligence methods are combined to identify tooth brushing. The focus is on utilizing convolutional neural networks to recognize brushing gestures based on short samples of accelerometer data collected from wrist-worn devices. As a benchmarking dataset, we train and test the model with a public database containing signals obtained from a wide set of experimental subjects performing a variety of different manual actions. The results show the high effectiveness of the detector, which achieves quality metrics (sensitivity and specificity) higher than 95% when it is employed to discriminate brushing actions from other 23 hand movements. This performance is improved if the architecture is refined through a simple low-pass filtering of the classifier's decisions, aimed at correcting the classification of anomalous and isolated mobility patterns.",2026-03-23
yes,UMA,W4400479122,https://doi.org/10.33588/rn.7902.2024174,XVI Reunión Post-ECTRIMS: revisión de las novedades presentadas en el Congreso ECTRIMS 2023 (II),Óscar Fernández; Xavier Montalbán; Eduardo Agüera; Yolanda Aladro; Ana Luna Alonso; Rosa Arroyo-García; Luís Brieva; Carmen Calles; Lucienne Costa‐Frossard; Sara Eichau; José Manuel García‐Domínguez; M.A. Hernández; Lamberto Landete; Macarena Ríos Llaneza; Sara Llufriú; José Meca-Lallana; Virginia Meca‐Lallana; Esther Moral; José M. Prieto; Lluís Ramió‐Torrentà; N. Téllez; Lucía Romero; Andreu Vilaseca; Alfredo Rodríguez-Antigüedad,Hospital Universitario de La Princesa; Hospital Universitari de Girona Doctor Josep Trueta; Bellvitge University Hospital; Instituto de Investigación Sanitaria de Santiago; Universitat de Girona; Hospital Clínico Universitario de Valladolid; Vall d'Hebron Hospital Universitari; Universidad Católica de Murcia; Hospital Universitario de Getafe; Hospital General Universitario Gregorio Marañón; Instituto de Investigación Biomédica de Málaga; Hospital Universitario Reina Sofía; Hospital Universitari Arnau de Vilanova; Institut d'Investigació Biomèdica de Girona; Hospital Regional Universitario de Málaga; Hospital Universitario Central de Asturias; Hospital Universitario Virgen Macarena; Hospital de Cruces; Universidad de Málaga; Hospital Clínic de Barcelona; Hospital Universitario Virgen de la Arrixaca; Hospital Universitario Nuestra Señora de Candelaria; Hospital Universitario Doctor Peset; Hospital de Sant Joan Despí Moisès Broggi; Hospital Universitario Ramón y Cajal; Hospital Universitario Son Espases; Hospital Universitario Quirónsalud Madrid; Hospital Santa Caterina,2024,0,True,https://storage.imrpress.com/journal/RN/79/2/10.33588/rn.7902.2024174/pdf/5e08dc6c8225397db5fa962ef6f6fb8a.pdf,Revista de Neurología,es,"The XVI Post-ECTRIMS meeting was held in Seville on 20 and 21 October 2023, where expert neurologists in multiple sclerosis (MS) summarised the main new developments presented at the ECTRIMS 2023 congress, which took place in Milan from 11 to 13 October. The aim of this article is to summarise the content presented at the Post-ECTRIMS Meeting, in an article in two parts. This second part covers the health of women and elderly MS patients, new trends in the treatment of cognitive impairment, focusing particularly on meditation, neuroeducation and cognitive rehabilitation, and introduces the concept of fatigability, which has been used to a limited extent in MS. The key role of digitalization and artificial intelligence in the theoretically near future is subject to debate, along with the potential these technologies can offer. The most recent research on the various treatment algorithms and their efficacy and safety in the management of the disease is reviewed. Finally, the most relevant data for cladribine and evobrutinib are presented, as well as future therapeutic strategies currently being investigated.",2026-03-23
yes,UMA,W4402884844,https://doi.org/10.24875/aidsrev.m24000074,Playing catching up: Proceedings of the 1st Spanish conference on genomic medicine,Manuel Corpas; Vincent Soriano; Teresa Perucho; Juan S Rincón-Redondo; Manuel Pérez‐Alonso; Juan A. G. Ranea; Carmen de Mendoza; Federico Morán,Precision for Medicine (United States); Universitat de València; Universidad Complutense de Madrid; Hospital Universitario Puerta de Hierro Majadahonda; Pontificia Universidad Javeriana; Clinica Universidad de Navarra; Universidad de Málaga; University of Westminster; Military University Nueva Granada; Universidad Internacional De La Rioja,2024,0,True,https://aidsreviews.com/wp-content/uploads/2025/09/aids_24_26_3_130-140.pdf,Aids Reviews,en,"On May 23-24, 2024, the 1<sup>st</sup> Spanish Conference on Genomic Medicine convened in Madrid, Spain. An international and multidisciplinary group of experts gathered to discuss the current state and prospects of genomic medicine in the Spanish-speaking world. There were 278 attendees from Latin America, US, UK, Germany, and Spain, and the topics covered included rare diseases, genome medicine in national health systems (NHSs), artificial intelligence, and commercial development ventures. One particular area of attention was our still sketchy understanding of genome variants. This is evidenced by the fact that many diagnoses in rare diseases continue to yield odysseys that take years, with up to 50% of cases that may go undiagnosed. Since a lot of the genome remains to poorly understood, as new technologies such as long read sequencing become more ubiquitous and cheaper, it is expected that current gaps in genome references will improve. However, disparities within the NHSs suggest that advancements do not necessarily rely on resources but the appropriate regulation and pathways for education of professionals being properly implemented. This is where Genomics England can be a clinical genomic implementation example for routine health care. Ethical challenges, including privacy, informed consent, equity, representation, and genetic discrimination, also require the need for robust legal frameworks and culturally sensitive practices. The future of genomics in Spanish-speaking countries depends on addressing all of these issues. By navigating these challenges responsibly, Spanish-speaking countries can harness the power of genomics to improve health outcomes and advance scientific knowledge, ensuring that the benefits of personalized medicine are realized in an inclusive and equitable manner.",2026-03-23
yes,UMA,W4405123149,https://doi.org/10.3389/fcomm.2024.1529021,Editorial: Self-regulation and co-regulation as governance solution,José Sixto García; Bella Palomo; Carmen Peñafiel Sáiz,University of the Basque Country; Universidade de Santiago de Compostela; Universidad de Málaga,2024,0,True,https://www.frontiersin.org/journals/communication/articles/10.3389/fcomm.2024.1529021/pdf,Frontiers in Communication,en,"Editorial: [Self-Regulation and Co-regulation as Governance Solutions]The concept of governance starts from its political meaning in Greece, which goes back to Plato&#39;s definition of how to govern citizens. Nowadays the governance of media infrastructures has always been a particularly complex affair. A notable factor contributing to this complexity is a framework that features a dual-funding model, where public and private media exist side by side. Increasing concerns over the politicization of the media as well as the lack of transparency concerning their ownership have made things even more complex. For example, the European Union&#39;s Media Pluralism Monitor has highlighted the weaknesses of information pluralism in a context where researchers are compelled to study the role that artificial intelligence and automation is playing in both the creation of content and the development of spyware technologies for the surveillance of journalists.How is the coexistence of legal norms and media deontology? What role do audiences play in the context of governance? What are the ethical and deontological conditions for the practice of journalism? How do e-commerce and user trust match? What requirements are required for the influencers on social networks? Why is it so important that journalism and national and supranational institutions continue to search for an antidote to disinformation? These are just some questions that are answered in this special issue.Journalistic deontology is in a second generation. During the 20th century media outlets and journalistic organizations developed their first models of ethics codes. However, in this second generation the field of action of deontology was expanded to other scopes such as suicide, gender violence or disability. 53 Spanish documents are analyzed, and it is pointed to the need to improve the recognition of citizen contributions or co-creation (Aznar, Mercado-S&#225;ez and &#193;lvarez-Villa, 2024). However, it is also confirmed that there is no type of relationship between the most consumed media and those that offer more options for audiences to participate (Sixto-Garc&#237;a, Duarte-Melo and Andrade, 2024).A literature review for examining all the legal documents related to the regulation of the media in Spain published between the Spanish transition 1977 and 2024 is also incorporated in this monograph (Seijas-Costa, Barredo-Ib&#225;&#241;ez and Cea-Esteruelas, 2024). The influence of the European Union and the preservation of the narrative established during the transition to democracy are decisive in this evolution, while finding a balance between protection, flexibility and non-intervention should characterize the new policies of communication.Precisely, the EU&#39;s policy for digital internet intermediaries is the object of study of the research that Seamus Simpson (2024) contributes to this special issue. By comparing the 2022 Digital Services Act with the 2000 Directive on E-Commerce, it is diagnosed that the new EU platform regulation system is closer to the neoliberal model of telecommunications governance than the private interest proposals that emerged at the beginning of this third millennium (Simpson, 2024).In the digital context, one of the figures under the magnifying glass are influencers. Legislation and self-regulation in 24 EU countries are analyzed and the it is diagnosed a lack of unanimous criteria among the different states, in addition to the fact that only France and Spain legislated on these particularly relevant users (Gonz&#225;lez-D&#237;az, Quiles-Soler and Quintas-Froufe, 2024).Disinformation also constitutes a threat to democracies in the sense that it undermines citizens&#39; right to receive truthful information. Another work valuates the incidence of this scourge in Bolivia, Colombia, Ecuador and Peru (Suing, 2024). Regulation, selfregulation and media literacy are necessary to face this great current challenge that worries the EU itself as well as supranational organizations such as UNESCO.The seriousness of disinformation is accentuated if it refers to health issues, such us the disinformation during COVID-19. Through 1,800 surveys, it was discovered that a majority social demand to implement some type of control to guarantee ethical adequacy and quality in the information coverage of health issues. Journalistic co-regulation could solve this (Maci&#225;-Barber, 2024).In short, this special issue offers a global vision of journalistic self-regulation and coregulation as governance systems. With contributions from researchers from three continents (Europe, America and Asia), it provides an international vision of ethics and deontology in the current communication context, as well as the main challenges that the media, legislators and society will have to face in the coming years.In response to these concerns, in the specific case of the European Union, the European Commission has proposed the adoption of a new set of rules, known as the European Regulation on Freedom of the Media, the chief purpose of which is to protect media pluralism and independence within the bloc. These rules came into force on May 7, 2024, and will be fully applicable from August 8, 2025.",2026-03-23
yes,UMA,W4417436257,https://doi.org/10.3926/jotse.3616,Validation of a digital competence in artificial intelligence scale for non-university students based on the DigComp model,María Rubio-Gragera; Antonio Palacios‐Rodríguez; Ernesto Colomo Magaña,Universidad de Sevilla; Universidad de Málaga,2025,0,True,https://www.jotse.org/index.php/jotse/article/download/3616/1007,Journal of Technology and Science Education,en,"In the current educational landscape, artificial intelligence (AI) is profoundly transforming teaching and learning processes, underscoring the necessity for students to develop specific digital competences related to AI in order to address the challenges and opportunities of this technological era. This study examines the increasing relevance of AI in education, with a particular focus on the digital competence of non-university students for its responsible and effective application, aligned with the European DigComp 2.2 framework. The primary aim was to validate the Digital Competence in Artificial Intelligence Questionnaire for Students (CompDigIA). To this end, an instrument was developed based on the five competence areas of DigComp, adapted to the context of AI, and administered to a representative sample of 480 students. The methodological approach involved both exploratory and confirmatory factor analyses using structural equation modeling, yielding satisfactory fit indices and robust internal consistency. The findings confirm the validity and reliability of the questionnaire for assessing digital competence in AI, while also identifying strengths and areas for improvement among students. The discussion highlights the study's contribution to addressing a gap in the literature by providing a comprehensive and specialized assessment tool for the non-university educational stage, and situates the results within the context of prior research on digital competence and AI. The study concludes that the instrument offers a solid foundation for future research and educational practice aimed at fostering AI-related digital competences, with recommendations for expanding its application and addressing ethical and pedagogical considerations associated with educational digitalization.",2026-03-23
yes,UMA,W7117353548,https://doi.org/10.1111/all.70204,East Meets West in Allergic Airway Disease: Insights From the <scp>EAACI</scp> Hong Kong Allergy School 2025,Xiaoling Yin; Juan Meng; SR Durham; Stefano Del Giacco; L S Li; Hae‐Sim Park; M. V. Trianes Torres; Philip H. Li; Mohamed Shamji,Sichuan University; Chinese Academy of Medical Sciences & Peking Union Medical College; University of Hong Kong; University of Cagliari; Peking Union Medical College Hospital; University of Hong Kong - Shenzhen Hospital; Hospital Regional Universitario de Málaga; Universidad de Málaga; Ajou University; Imperial College London; Queen Mary Hospital; West China Hospital of Sichuan University,2025,0,True,https://onlinelibrary.wiley.com/doi/pdfdirect/10.1111/all.70204,Allergy,en,"Allergic airway diseases, including allergic rhinitis and asthma, constitute a significant global health concern, affecting nearly one-third of the world's population and incurring substantial social, economic, and healthcare burdens [1]. These conditions often coexist as a “united airway” disease, underscoring the need for multidisciplinary and integrated management strategies. The inaugural EAACI Hong Kong Allergy School 2025 provided a platform to explore regional differences and potential synergies between Eastern and Western approaches to allergic airway diseases. The theme, “East Meets West,” highlighted both divergent clinical practices and opportunities for global convergence. Regional allergen exposures significantly shape the epidemiology, clinical manifestations, and management strategies of allergic airway diseases. In East Asia, particularly China, house dust mite (HDM) is recognized as the predominant indoor allergen, with pronounced geographic heterogeneity in mite distribution and exposure. In some southern coastal cities, HDM detection in house-dust samples has been reported to approach or exceed 90% in environmental surveys [2]. HDM allergen immunotherapy represents an important disease-modifying option for appropriately selected patients, alongside guideline-based pharmacotherapy for symptom control [2]. Conversely, in much of Europe, sensitization more commonly involves seasonally varying pollens (such as grass, birch, and ragweed), leading to distinct peaks in symptom burden that influence immunotherapy approaches and public health initiatives [3]. These regional differences underscore the importance of tailored treatment strategies and highlight how urbanization and climate change may alter patterns of allergen sensitization globally. While skin prick testing (SPT) and serum specific IgE testing continue to be the primary diagnostic tools globally, there is a swift advancement in molecular diagnostics. In Europe, component-resolved diagnostics (CRD) and microarray technologies are increasingly integrated into clinical practice to detail molecular sensitization patterns and enhance the correlation between IgE reactivity and clinical outcomes. CRD has been shown to have a major impact on practitioner prescribing of allergen immunotherapy and studies are ongoing to assess the impact of the improved diagnosis with the molecular approach on patient outcomes following immunotherapy [4]. In contrast, these technologies are still emerging in Asia, hindered by factors such as cost and limited accessibility, and are not yet routine [2]. Similarly, nasal provocation testing standardized in select European centers remains underused in Asian regions. Importantly, the rapid development of digital tools and artificial intelligence (AI) holds promise to revolutionize allergy diagnostics and management worldwide, providing predictive models for risk assessment and adherence support [5]. However, these innovations require harmonized datasets and validation across diverse populations. Allergen immunotherapy (AIT) remains the only disease-modifying treatment for allergic rhinitis (AR) and allergic asthma. In Europe, both subcutaneous immunotherapy (SCIT) and sublingual immunotherapy (SLIT) are supported by robust long-term trial evidence, especially in pollen-induced disease [6]. In mainland China, AIT is predominantly administered via SCIT, with widespread off-label use of HDM SLIT drops. HDM SLIT tablets are currently in Phase III clinical trials and are expected to expand availability soon. The underlying immunological mechanisms are similar: induction of blocking IgG antibodies and regulatory T cells that restore immune tolerance. However, there are notable challenges. Europe benefits from standardized allergen extracts and structured follow-up protocols, whereas mainland China faces issues related to extract variability, limited long-term randomized controlled trial data, and suboptimal patient adherence. These differences highlight that, although the biology of immune tolerance is universal, the application of AIT is highly dependent on contextual factors. Table 1 contrasts key differences in AIT delivery between East and West. Biologics have transformed the approach to managing severe asthma and associated airway conditions [7]. Therapeutics such as anti-IgE (omalizumab), anti-IL-5/IL-5R (mepolizumab, benralizumab, reslizumab), anti-IL-4Rα (dupilumab), and anti-TSLP (tezepelumab) specifically target type 2 inflammation, reducing flare-ups, enhancing lung function, and improving quality of life. Beyond asthma, agents like dupilumab and mepolizumab have shown efficacy in chronic rhinosinusitis with nasal polyps (CRSwNP), supporting the ‘united airway’ concept [8]. While biologics are now embedded in guideline-based care for severe type 2 airway disease in Europe and North America, uptake across Asia is expanding rapidly, albeit with considerable heterogeneity in access, approved indications, and reimbursement pathways. In mainland China, domestically developed biologics are beginning to emerge as additional options alongside internationally developed agents. Stapokibart (CM310), a China-developed anti-IL-4Rα monoclonal antibody, has shown efficacy in moderate-to-severe seasonal allergic rhinitis and in severe uncontrolled CRSwNP [9, 10]. Preclinical characterization suggests a distinct IL-4Rα epitope and potent inhibition of IL-4/IL-13 signaling, with in vitro blocking activity comparable to or numerically greater than dupilumab [9]. As summarized in Figure 1, an exciting frontier is the potential synergistic use of biologics with AIT. Early evidence, especially with omalizumab, indicates that biologics can reduce AIT-related adverse events, improve adherence, and possibly accelerate immune tolerance [11, 12]. Mechanistically, biologics may downregulate upstream type 2 cytokine signaling (e.g., TSLP, IL-4, IL-5 and IL-13) and IgE-FcεRI-mediated effector cell activation, thereby reducing background inflammatory ‘noise’ and potentially creating a more permissive milieu for AIT-induced regulatory responses (Figure 1). However, most data stem from small or short-term studies, and whether such combinations offer long-lasting, disease-modifying benefits beyond individual treatments remains unclear. Large, prospective trials are crucial to define optimal timing, patient selection, and cost-effectiveness of biologic-AIT combinations, guided by precision endotype and biomarkers. Three key priorities emerged from the recent Hong Kong meeting on allergy and immunology. First, biomarker-driven precision medicine integrating multi-omics and immunological readouts to predict individual responses to AIT and biologics. Second, digital health integration utilizing AI-enabled adherence tracking, mobile health applications, and environmental allergen alerts to potentially transform long-term disease management. Third, global collaboration enhancing East–West partnerships by combining large-scale epidemiological data from Asia with molecular and clinical trial expertise from Europe provides a robust framework for innovation. The EAACI Hong Kong Allergy School 2025 underscored the notion that allergic airway diseases constitute a shared global challenge, yet manifestations and management strategies vary regionally. Differences in allergen exposure, diagnostic practices, and healthcare infrastructure highlight both divergence and opportunity for complementary approaches. As emphasized during the meeting, “East Meets West” signifies convergence leveraging regional strengths to advance allergy medicine collectively. The authors have nothing to report. Prof. Stephen R. Durham has received personal fees for consultations with ALK, Allergopharma, ANGANY INC, Leyden Labs, Revelo, and lecture fees from ALK, Abbott Labs, Allergy Therapeutics, Stallergenes, and Pneumo Update GmbH. Prof. Stefano Del Giacco has received Speaker and Advisory Board fees from: AZ, Celltrion, Chiesi, GSK, Menarini, Novartis, Sanofi, Stallergenes. Data sharing not applicable to this article as no datasets were generated or analysed during the current study.",2026-03-23
yes,UMA,W7120099924,https://doi.org/10.6018/red.676211,Design and validation of an instrument to evaluate transformational and managerial leadership in the responsible use of artificial intelligence in educational centers,Francisco David Guillén Gámez; Ana María Pinto Llorente; Marko Rosić; Amr M. Mohamed,Universidad de Salamanca; Universidad de Málaga,2026,0,True,https://revistas.um.es/red/article/download/676211/393301,Revista de Educación a Distancia (RED),,"As Artificial Intelligence (AI) and Generative AI (GenAI) tools become integral to education, effective school leadership is critical for ensuring their responsible and ethical integration. This study develops and validates a psychometric instrument to assess teachers’ perceptions of their management teams’ leadership in AI-GenAI adoption, grounded in transformational and ethical leadership theories. The instrument measures four key dimensions (Empowering Leaders, Orientation, Caution and Collaboration-Culture). Data from 470 in-service teachers from Spain were analyzed using exploratory and confirmatory factor analyses, revealing a robust four-factor structure with strong reliability (internal consistency) and good model fit. Convergent and discriminant validity further supported the instrument’s psychometric soundness. Practical applications include diagnosing leadership readiness for digital transformation, identifying professional development needs, and guiding policy on AI integration in schools. The study also contributes to theoretical frameworks on educational leadership in AI-enhanced environments, highlighting that successful adoption depends not merely on technological access but on supportive and ethically grounded leadership.",2026-03-23
yes,UMA,W7124756851,https://doi.org/10.1007/s12021-025-09763-0,Deep Learning-Based Classification of Temporal Stages of AT8-Labeled Tau Pathology After Experimental Traumatic Brain Injury,Guilherme José de Antunes e Sousa; Rodrigo Afonso Sá; Marcos António Spínola Monteiro Gomes; George A. Edwards; Inés Moreno‐González; R. Bruno de Sousa,Intelligent Systems Research (United States); University of Aveiro; Baylor College of Medicine; Universidad de Málaga,2026,0,True,https://link.springer.com/content/pdf/10.1007/s12021-025-09763-0.pdf,Neuroinformatics,en,"Tauopathies are characterised by a progressive accumulation of hyperphosphorylated tau. However, early and intermediate stages remain challenging to quantify due to subtle and heterogeneous morphological characteristics. This study evaluates a deep learning framework for classifying multiple temporal stages of tauopathy progression using AT8 (anti-phospho-tau antibody)-stained cortical micrographs in a controlled traumatic brain injury mouse model - an underexplored application. Three convolutional neural network (CNN) architectures were examined: a custom CNN and two transfer-learning models (InceptionV3 and DenseNet). Images were grouped into four post-injury stages: 1 day, 1 week, 1 month and 3 months. Preprocessing included normalisation, augmentation and oversampling to address imbalance. Performance was assessed using stratified k-fold cross-validation with accuracy, macro-F1, per-class F1, and one-vs-rest area under the receiver operating characteristic curve (AUC). DenseNet achieved the best overall performance (accuracy = 70.9%, macro-F1 = 0.68) with strong discrimination for the 1-week stage (F1 = 0.95). All models showed limited separability in the earliest post-injury stage (1 day), while intermediate to late stages (1-3 months) exhibited partial overlap, consistent with the progressive nature of tau accumulation. These results indicate that deep learning, particularly transfer learning, offers a scalable approach for automated temporal staging of tauopathy in preclinical histology. Although the results are based on internal cross-validation without independent animal-level identifiers or external cohorts, the proposed framework provides a reliable foundation for incorporating CNN-based analysis into digital neuropathology workflows. Larger multi-centre datasets and slide-level modelling will be required to assess generalisation and support applications in early detection, longitudinal tracking, and treatment evaluation of tau-related neurodegeneration.",2026-03-23
yes,UMA,W7126051914,https://doi.org/10.3390/socsci15020071,"Cartography of the Use of Artificial Intelligence Against Disinformation in Europe: Trends, Stakeholders, and Emerging Challenges",Mabel Sánchez-Torres; Francisco Javier Paniagua Rojano; Raúl Magallón Rosa,Universidad de Málaga; Universidad Carlos III de Madrid,2026,0,True,https://www.mdpi.com/2076-0760/15/2/71/pdf?version=1769681699,Social Sciences,en,"The article examines the application of artificial intelligence (AI) in the fight against disinformation through a comparative analysis of different European initiatives collected by the SmartVote project. It analyzes their characteristics and contributions to identify common trends in technological development and collaboration models. The methodology combines a systematic documentary analysis of institutional and technical sources—public project records, reports, and official repositories—with a structured questionnaire addressed to the coordinators of the selected initiatives. This mixed approach made it possible to triangulate quantitative and qualitative information on the types of technology employed, areas of impact, stakeholders involved, and levels of funding. The results show a predominance of multimodal AI-based tools aimed at automated content detection and verification. Most of the projects rely on cooperation networks among universities, technology companies, media outlets, and social organizations, structured under the principle of human oversight. The main challenges include algorithmic accuracy, bias prevention, and Europe’s technological dependence. Overall, the initiatives studied are committed to transparency, interdisciplinary collaboration, and the ethical use of AI in defense of informational integrity.",2026-03-23
yes,UMA,W4319265436,https://doi.org/10.1016/j.compbiomed.2023.106613,Ensemble-based genetic algorithm explainer with automized image segmentation: A case study on melanoma detection dataset,Hossein Nematzadeh; José García-Nieto; Ismael Navas‐Delgado; José F. Aldana‐Montes,Software (Spain); Instituto de Investigación Biomédica de Málaga; Universidad de Málaga,2023,28,True,https://ars.els-cdn.com/content/image/1-s2.0-S0010482523000781-ga1_lrg.jpg,Computers in Biology and Medicine,en,"Explainable Artificial Intelligence (XAI) makes AI understandable to the human user particularly when the model is complex and opaque. Local Interpretable Model-agnostic Explanations (LIME) has an image explainer package that is used to explain deep learning models. The image explainer of LIME needs some parameters to be manually tuned by the expert in advance, including the number of top features to be seen and the number of superpixels in the segmented input image. This parameter tuning is a time-consuming task. Hence, with the aim of developing an image explainer that automizes image segmentation, this paper proposes Ensemble-based Genetic Algorithm Explainer (EGAE) for melanoma cancer detection that automatically detects and presents the informative sections of the image to the user. EGAE has three phases. First, the sparsity of chromosomes in GAs is determined heuristically. Then, multiple GAs are executed consecutively. However, the difference between these GAs are in different number of superpixels in the input image that result in different chromosome lengths. Finally, the results of GAs are ensembled using consensus and majority votings. This paper also introduces how Euclidean distance can be used to calculate the distance between the actual explanation (delineated by experts) and the calculated explanation (computed by the explainer) for accuracy measurement. Experimental results on a melanoma dataset show that EGAE automatically detects informative lesions, and it also improves the accuracy of explanation in comparison with LIME efficiently. The python codes for EGAE, the ground truths delineated by clinicians, and the melanoma detection dataset are available at https://github.com/KhaosResearch/EGAE.",2026-03-23
yes,UMA,W3109403242,https://doi.org/10.3390/s20236822,Measuring Smoothness as a Factor for Efficient and Socially Accepted Robot Motion,Silvia Guillén Ruiz; Luis V. Calderita; Alejandro Hidalgo‐Paniagua; Antonio J. Rubio,Universidad de León; Universidad de Málaga,2020,18,True,https://www.mdpi.com/1424-8220/20/23/6822/pdf?version=1606640697,Sensors,en,"Social robots, designed to interact and assist people in social daily life scenarios, require adequate path planning algorithms to navigate autonomously through these environments. These algorithms have not only to find feasible paths but also to consider other requirements, such as optimizing energy consumption or making the robot behave in a socially accepted way. Path planning can be tuned according to a set of factors, being the most common path length, safety, and smoothness. This last factor may have a strong relation with energy consumption and social acceptability of produced motion, but this possible relation has never been deeply studied. The current paper focuses on performing a double analysis through two experiments. One of them analyzes energy consumption in a real robot for trajectories that use different smoothness factors. The other analyzes social acceptance for different smoothness factors by presenting different simulated situations to different people and collecting their impressions. The results of these experiments show that, in general terms, smoother paths decrease energy consumption and increase acceptability, as far as other key factors, such as distance to people, are fulfilled.",2026-03-23
yes,UMA,W4361005442,https://doi.org/10.3390/electronics12071570,Evolution of Socially-Aware Robot Navigation,Silvia Guillén Ruiz; Antonio J. Rubio; Alejandro Hidalgo‐Paniagua; Antonio Bandera,Universidad de Málaga,2023,17,True,https://www.mdpi.com/2079-9292/12/7/1570/pdf?version=1679908019,Electronics,en,"In recent years, commercial and research interest in service robots working in everyday environments has grown. These devices are expected to move autonomously in crowded environments, maximizing not only movement efficiency and safety parameters, but also social acceptability. Extending traditional path planning modules with socially aware criteria, while maintaining fast algorithms capable of reacting to human behavior without causing discomfort, can be a complex challenge. Solving this challenge has involved the development of proactive systems that take into account cooperation (and not only interaction) with the people around them, the determined incorporation of approaches based on Deep Learning, or the recent fusion with skills coming from the field of human–robot interaction (speech, touch). This review analyzes approaches to socially aware navigation and classifies them according to the strategies followed by the robot to manage interaction (or cooperation) with humans.",2026-03-23
yes,UMA,W4304890691,https://doi.org/10.1016/j.jss.2022.111538,Explaining quality attribute tradeoffs in automated planning for self-adaptive systems,Rebekka Wohlrab; Javier Cámara; David Garlan; Bradley Schmerl,Chalmers University of Technology; Carnegie Mellon University; University of Gothenburg; Universidad de Málaga,2022,16,True,https://doi.org/10.1016/j.jss.2022.111538,Journal of Systems and Software,en,"Self-adaptive systems commonly operate in heterogeneous contexts and need to consider multiple quality attributes. Human stakeholders often express their quality preferences by defining utility functions, which are used by self-adaptive systems to automatically generate adaptation plans. However, the adaptation space of realistic systems is large and it is obscure how utility functions impact the generated adaptation behavior, as well as structural, behavioral, and quality constraints. Moreover, human stakeholders are often not aware of the underlying tradeoffs between quality attributes. To address this issue, we present an approach that uses machine learning techniques (dimensionality reduction, clustering, and decision tree learning) to explain the reasoning behind automated planning. Our approach focuses on the tradeoffs between quality attributes and how the choice of weights in utility functions results in different plans being generated. We help humans understand quality attribute tradeoffs, identify key decisions in adaptation behavior, and explore how differences in utility functions result in different adaptation alternatives. We present two systems to demonstrate the approach’s applicability and consider its potential application to 24 exemplar self-adaptive systems. Moreover, we describe our assessment of the tradeoff between the information reduction and the amount of explained variance retained by the results obtained with our approach.",2026-03-23
yes,UMA,W4379229711,https://doi.org/10.1186/s40537-023-00770-z,Scalable approach for high-resolution land cover: a case study in the Mediterranean Basin,A. Burgueño; José F. Aldana-Martín; María Vázquez-Pendón; Cristóbal Barba-González; Yaiza Jiménez Gómez; Virginia García Millán; Ismael Navas‐Delgado,Software (Spain); Universidad de Málaga,2023,16,True,https://journalofbigdata.springeropen.com/counter/pdf/10.1186/s40537-023-00770-z,Journal Of Big Data,en,"Abstract The production of land cover maps is an everyday use of image classification applications on remote sensing. However, managing Earth observation satellite data for a large region of interest is challenging in the task of creating land cover maps. Since satellite imagery is getting more precise and extensive, Big Data techniques are becoming essential to handle the rising quantity of data. Furthermore, given the complexity of managing and analysing the data, defining a methodology that reduces the complexity of the process into different smaller steps is vital to data processing. This paper presents a Big Data methodology for creating land cover maps employing artificial intelligence algorithms. Machine Learning algorithms are contemplated for remote sensing and geodata classification, supported by explainable artificial intelligence. Furthermore, the process considers aspects related to downloading data from different satellites, Copernicus and ASTER, executing the pre-processing and processing of the data in a distributed environment, and depicting the visualisation of the result. The methodology is validated in a test case for er map of the Mediterranean Basin.",2026-03-23
yes,UMA,W4387449730,https://doi.org/10.1007/s11721-023-00227-2,On the automatic design of multi-objective particle swarm optimizers: experimentation and analysis,Antonio J. Nebro; Manuel López‐Ibáñez; José García-Nieto; Carlos A. Coello Coello,Tecnológico de Monterrey; Software (Spain); Universidad de Málaga; University of Manchester; Centro de Investigación y de Estudios Avanzados del Instituto Politécnico Nacional,2023,15,True,https://link.springer.com/content/pdf/10.1007/s11721-023-00227-2.pdf,Swarm Intelligence,en,"Abstract Research in multi-objective particle swarm optimizers (MOPSOs) progresses by proposing one new MOPSO at a time. In spite of the commonalities among different MOPSOs, it is often unclear which algorithmic components are crucial for explaining the performance of a particular MOPSO design. Moreover, it is expected that different designs may perform best on different problem families and identifying a best overall MOPSO is a challenging task. We tackle this challenge here by: (1) proposing AutoMOPSO, a flexible algorithmic template for designing MOPSOs with a design space that can instantiate thousands of potential MOPSOs; and (2) searching for good-performing MOPSO designs given a family of training problems by means of an automatic configuration tool (irace). We apply this automatic design methodology to generate a MOPSO that significantly outperforms two state-of-the-art MOPSOs on four well-known bi-objective problem families. We also identify the key design choices and parameters of the winning MOPSO by means of ablation. AutoMOPSO is publicly available as part of the jMetal framework.",2026-03-23
yes,UMA,W4404561936,https://doi.org/10.1016/j.engappai.2024.109628,Model-agnostic local explanation: Multi-objective genetic algorithm explainer,Hossein Nematzadeh; José García-Nieto; Sandro Hurtado; José F. Aldana‐Montes; Ismael Navas‐Delgado,Software (Spain); Universidad de Málaga,2024,15,True,https://doi.org/10.1016/j.engappai.2024.109628,Engineering Applications of Artificial Intelligence,en,"Late detection of plant diseases leads to irreparable losses for farmers, threatening global food security, economic stability, and environmental sustainability. This research introduces the Multi-Objective Genetic Algorithm Explainer (MOGAE), a novel model-agnostic local explainer for image data aimed at the early detection of citrus diseases. MOGAE enhances eXplainable Artificial Intelligence (XAI) by leveraging the Non-dominated Sorting Genetic Algorithm II (NSGA-II) with an adaptive Bit Flip Mutation (BFM) incorporating densify and sparsify operators to adjust superpixel granularity automatically. This innovative approach simplifies the explanation process by eliminating several critical hyperparameters required by traditional methods like Local Interpretable Model-Agnostic Explanations (LIME). To develop the citrus disease classification model, we preprocess the leaf dataset through stratified data splitting, oversampling, and augmentation techniques, then fine-tuning a pre-trained Residual Network 50 layers (ResNet50) model. MOGAE’s effectiveness is demonstrated through comparative analyses with the Ensemble-based Genetic Algorithm Explainer (EGAE) and LIME, showing superior accuracy and interpretability using criteria such as numeric accuracy of explanation and Number of Function Evaluations (NFE). We assess accuracy both intuitively and numerically by measuring the Euclidean distance between expert-provided explanations and those generated by the explainer. The appendix also includes an extensive evaluation of MOGAE on the melanoma dataset, highlighting its versatility and robustness in other domains. The related implementation code for the fine-tuned ResNet50 and MOGAE is available at https://github.com/KhaosResearch/Plant-disease-explanation . • MOGAE eliminates several critical hyperparameters LIME requires, simplifying the explanation process. • MOGAE delivers more accurate and interpretable explanations than LIME, enhancing the reliability of the model’s decisions. • The integration of adaptive Bit Flip Mutation with densify and sparsify operators in NSGA-II significantly improves the algorithm’s exploration capabilities within MOGAE. • Comprehensive evaluations of MOGAE are conducted using both the citrus leaf diseases dataset and the melanoma dataset, demonstrating its versatility and effectiveness across different domains.",2026-03-23
yes,UMA,W1997122122,https://doi.org/10.3390/s140202644,Driving Interface Based on Tactile Sensors for Electric Wheelchairs or Trolleys,Andrés Trujillo-León; Fernando Vidal‐Verdú,Universidad de Málaga,2014,14,True,https://www.mdpi.com/1424-8220/14/2/2644/pdf?version=1403345165,Sensors,en,"This paper introduces a novel device based on a tactile interface to replace the attendant joystick in electric wheelchairs. It can also be used in other vehicles such as shopping trolleys. Its use allows intuitive driving that requires little or no training, so its usability is high. This is achieved by a tactile sensor located on the handlebar of the chair or trolley and the processing of the information provided by it. When the user interacts with the handle of the chair or trolley, he or she exerts a pressure pattern that depends on the intention to accelerate, brake or turn to the left or right. The electronics within the device then perform the signal conditioning and processing of the information received, identifying the intention of the user on the basis of this pattern using an algorithm, and translating it into control signals for the control module of the wheelchair. These signals are equivalent to those provided by a joystick. This proposal aims to help disabled people and their attendees and prolong the personal autonomy in a context of aging populations.",2026-03-23
yes,UMA,W4320731731,https://doi.org/10.1016/j.compbiomed.2023.106653,GENECI: A novel evolutionary machine learning consensus-based approach for the inference of gene regulatory networks,Adrián Segura-Ortiz; José García-Nieto; José F. Aldana‐Montes; Ismael Navas‐Delgado,Instituto de Investigación Biomédica de Málaga; Universidad de Málaga,2023,13,True,https://doi.org/10.1016/j.compbiomed.2023.106653,Computers in Biology and Medicine,en,"Gene regulatory networks define the interactions between DNA products and other substances in cells. Increasing knowledge of these networks improves the level of detail with which the processes that trigger different diseases are described and fosters the development of new therapeutic targets. These networks are usually represented by graphs, and the primary sources for their correct construction are usually time series from differential expression data. The inference of networks from this data type has been approached differently in the literature. Mostly, computational learning techniques have been implemented, which have finally shown some specialization in specific datasets. For this reason, the need arises to create new and more robust strategies for reaching a consensus based on previous results to gain a particular capacity for generalization. This paper presents GENECI (GEne NEtwork Consensus Inference), an evolutionary machine learning approach that acts as an organizer for constructing ensembles to process the results of the main inference techniques reported in the literature and to optimize the consensus network derived from them, according to their confidence levels and topological characteristics. After its design, the proposal was confronted with datasets collected from academic benchmarks (DREAM challenges and IRMA network) to quantify its accuracy. Subsequently, it was applied to a real-world biological network of melanoma patients whose results could be contrasted with medical research collected in the literature. Finally, it has been proved that its ability to optimize the consensus of several networks leads to outstanding robustness and accuracy, gaining a certain generalization capacity after facing the inference of multiple datasets. The source code is hosted in a public repository at GitHub under MIT license: https://github.com/AdrianSeguraOrtiz/GENECI. Moreover, to facilitate its installation and use, the software associated with this implementation has been encapsulated in a python package available at PyPI: https://pypi.org/project/geneci/.",2026-03-23
yes,UMA,W4392133813,https://doi.org/10.1016/j.future.2024.02.022,A multi-objective approach for communication reduction in federated learning under devices heterogeneity constraints,José Ángel Morell; Zakaria Abdelmoiz Dahi; Francisco Chicano; Gabriel Luque; Enrique Alba,Université de Lille; Software (Spain); Centre de recherche Inria Lille - Nord Europe; Centre de Recherche en Informatique; Universidad de Málaga,2024,9,True,https://doi.org/10.1016/j.future.2024.02.022,Future Generation Computer Systems,en,"Federated learning is a paradigm that proposes protecting data privacy by sharing local models instead of raw data during each iteration of model training. However, these models can be large, with many parameters, provoking a substantial communication cost and having a notable environmental impact. Reducing communication overhead is paramount but conflictual to maintaining the model’s accuracy. Most research has dealt with the different factors influencing communication reduction separately without addressing their correlations. Moreover, most of them do not consider the heterogeneity of clients’ hardware. Finding the optimal configuration to fulfil all these training aspects can become intractable for classical techniques. This work explores the add-in that multi-objective evolutionary algorithms can provide for solving the communication overhead problem while achieving high accuracy. We do this by 1) realistically modelling and formulating this task as a multi-objective problem by considering the devices’ heterogeneity, 2) including all the communication-triggering aspects, and 3) applying a multi-objective evolutionary algorithm with an intensification operator to solve the problem. A simulated client–server architecture of four devices with four different processing speeds is studied. Both fully connected and convolutional neural network models are investigated with 33,400 and 887,530 weights, respectively. The experiments are performed using the MNIST and Fashion-MNIST datasets. A comparison is made between three approaches using an extensive set of metrics. Results prove that our approach obtains solutions with better accuracy than the full-communication setting and other methods while getting reductions in communications by around 1,000 times in most cases and up to 10,000 times in some cases compared to the maximum communication setting.",2026-03-23
yes,UMA,W4361285401,https://doi.org/10.1145/3589517,Uncertainty-aware Simulation of Adaptive Systems,Jean‐Marc Jezéquél; Antonio Vallecillo,Centre National de la Recherche Scientifique; Institut de Recherche en Informatique et Systèmes Aléatoires; Universidad de Málaga; Université de Rennes,2023,9,True,https://inria.hal.science/hal-04064771/document,ACM Transactions on Modeling and Computer Simulation,en,"Adaptive systems manage and regulate the behavior of devices or other systems using control loops to automatically adjust the value of some measured variables to equal the value of a desired set-point. These systems normally interact with physical parts or operate in physical environments, where uncertainty is unavoidable. Traditional approaches to manage that uncertainty use either robust control algorithms that consider bounded variations of the uncertain variables and worst-case scenarios or adaptive control methods that estimate the parameters and change the control laws accordingly. In this article, we propose to include the sources of uncertainty in the system models as first-class entities using random variables to simulate adaptive and control systems more faithfully, including not only the use of random variables to represent and operate with uncertain values but also to represent decisions based on their comparisons. Two exemplar systems are used to illustrate and validate our proposal.",2026-03-23
yes,UMA,W1951556908,https://doi.org/10.3390/s151026170,A New Model Based on Adaptation of the External Loop to Compensate the Hysteresis of Tactile Sensors,José A. Sánchez-Durán; Fernando Vidal‐Verdú; Óscar Oballe-Peinado; Julián Castellanos-Ramos; José A. Hidalgo-López,Instituto de Investigación Biomédica de Málaga; Universidad de Málaga,2015,8,True,https://www.mdpi.com/1424-8220/15/10/26170/pdf?version=1444903761,Sensors,en,"This paper presents a novel method to compensate for hysteresis nonlinearities observed in the response of a tactile sensor. The External Loop Adaptation Method (ELAM) performs a piecewise linear mapping of the experimentally measured external curves of the hysteresis loop to obtain all possible internal cycles. The optimal division of the input interval where the curve is approximated is provided by the error minimization algorithm. This process is carried out off line and provides parameters to compute the split point in real time. A different linear transformation is then performed at the left and right of this point and a more precise fitting is achieved. The models obtained with the ELAM method are compared with those obtained from three other approaches. The results show that the ELAM method achieves a more accurate fitting. Moreover, the involved mathematical operations are simpler and therefore easier to implement in devices such as Field Programmable Gate Array (FPGAs) for real time applications. Furthermore, the method needs to identify fewer parameters and requires no previous selection process of operators or functions. Finally, the method can be applied to other sensors or actuators with complex hysteresis loop shapes.",2026-03-23
yes,UMA,W4412631460,https://doi.org/10.3390/app15158238,Energy Demand Forecasting Scenarios for Buildings Using Six AI Models,Khaled M. Salem; Francisco Javier Rey Martı́nez; Ahmed Omar Elgharib; Javier M. Rey-Hernández,"Universidad de Valladolid; Arab Academy for Science, Technology, and Maritime Transport; Universidad de Málaga",2025,7,True,https://www.mdpi.com/2076-3417/15/15/8238/pdf?version=1753361846,Applied Sciences,en,"Understanding and forecasting energy consumption patterns is crucial for improving energy efficiency and human well-being, especially in diverse infrastructures like Spain. This research addresses a significant gap in energy demand forecasting across three building types by comparing six machine learning algorithms: Artificial Neural Networks, Random Forest, XGBoost, Radial Basis Function Network, Autoencoder, and Decision Trees. The primary aim is to identify the most effective model for predicting energy consumption based on historical data, contributing to the relationship between energy systems and urban well-being. The study emphasizes challenges in energy use and advocates for sustainable management practices. By forecasting energy demand over the next three years using linear regression, it provides actionable insights for energy providers, enhancing resilience in urban environments impacted by climate change. The findings deepen our understanding of energy dynamics across various building types and promote a sustainable energy future. Stakeholders will receive targeted recommendations for aligning energy production with consumption trends while meeting environmental responsibilities. Model performance is rigorously evaluated using metrics like Squared Mean Root Percentage Error (RMSPE) and Coefficient of Determination (R2), ensuring robust analysis. Training times for models in the LUCIA building ranged from 2 to 19 s, with the Decision Tree model showing the shortest times, highlighting the need to balance computational efficiency with model performance.",2026-03-23
yes,UMA,W4388767046,https://doi.org/10.1016/j.neucom.2023.127057,Detection of dangerously approaching vehicles over onboard cameras by speed estimation from apparent size,Iván García‐Aguilar; Jorge García-González; Daniel Medina; Rafael Marcos Luque‐Baena; Enrique Domínguez; Ezequiel López‐Rubio,Universidad de Málaga,2023,7,True,https://doi.org/10.1016/j.neucom.2023.127057,Neurocomputing,en,"Autonomous driving requires information such as the velocity of other vehicles to prevent potential hazards. This work proposes a real-time deep learning-based framework to estimate vehicle speeds from image captures through an onboard camera. Vehicles are detected and tracked by the proposed deep neural networks and a tracking algorithm, which analyzes the trajectories. Finally, a linear regression model estimates the speed of a vehicle based on its position and size in the camera frame. This proposal has been tested with two sequences of the Prevention dataset with satisfactory results. The system can estimate the speed of multiple vehicles simultaneously. It can be integrated easily with onboard computer systems, thus allowing to development of a low-cost solution for speed estimation in an everyday vehicle. The potential applications include vehicle safety systems, driver assistance, and autonomous driving technologies.",2026-03-23
yes,UMA,W3045317802,https://doi.org/10.1371/journal.pone.0236401,A hybrid unsupervised—Deep learning tandem for electrooculography time series analysis,Ruxandra Stoean; Cătălin Stoean; Roberto Becerra-García; Rodolfo García−Bermúdez; Miguel Atencia; Francisco García-Lagos; Luis Velázquez‐Pérez; Gonzalo Joya,Universidad Técnica de Manabí; University of Craiova; Universidad de Málaga,2020,7,True,https://journals.plos.org/plosone/article/file?id=10.1371/journal.pone.0236401&type=printable,PLoS ONE,en,"Medical data are often tricky to get mined for patterns even by the generally demonstrated successful modern methodologies of deep learning. This paper puts forward such a medical classification task, where patient registers of two of the categories are sometimes hard to be distinguished because of samples showing characteristics of both labels in turn in several repetitions of the screening procedure. To this end, the current research appoints a pre-processing clustering step (through self-organizing maps) to group the data based on shape similarity and relabel it accordingly. Subsequently, a deep learning approach (a tandem of convolutional and long short-term memory networks) performs the training classification phase on the 'cleaned' samples. The dual methodology was applied for the computational diagnosis of electrooculography tests within spino-cerebral ataxia of type 2. The accuracy obtained for the discrimination into three classes was of 78.24%. The improvement that this duo brings over the deep learner alone does not stem from significantly higher accuracy results when the performance is considered for all classes. The major finding of this combination is that half of the presymptomatic cases were correctly found, in opposition to the single deep model, where this category was sacrificed by the learner in favor of a good accuracy overall. A high accuracy in general is desirable for any medical task, however the correct identification of cases before the symptoms become evident is more important.",2026-03-23
yes,UMA,W4409162436,https://doi.org/10.62486/latia2025328,Ethical and Privacy Considerations in AI-Driven Language Learning,Muthu Selvam; Rubén González Vallejo,University of North Carolina at Charlotte; Universidad de Málaga,2025,6,True,https://latia.ageditor.uy/index.php/latia/article/download/328/240,LatIA,en,"Artificial intelligence (AI) has revolutionized language learning by enabling personalized and adaptive education; however, these advancements also raise ethical and privacy concerns, including algorithmic bias, data security risks, and a lack of transparency in AI-driven decision-making. This study examines these challenges, focusing on fairness, linguistic diversity, and the balance between automated and human instruction, with the goal of proposing ethical guidelines for the responsible adoption of AI in language education. Through a literature review and comparative analysis, ethical and privacy risks in AI-powered language learning tools were explored, assessing bias detection algorithms, transparency frameworks, and privacy-preserving techniques to identify best practices. The findings indicate that AI-driven language tools tend to exhibit biases that disadvantage underrepresented linguistic groups, raising concerns about fairness while also exposing privacy risks due to inadequate security measures. Implementing ethical AI frameworks that incorporate fairness-aware algorithms, explainable AI models, and robust data protection mechanisms enhances user trust and security. Therefore, addressing these issues is essential for ensuring the ethical integration of AI in language education, where a hybrid approach combining AI with human instruction emerges as the most responsible solution. Lastly, future research should focus on regulatory compliance and adaptive learning models to strengthen AI ethics in education.",2026-03-23
yes,UMA,W3158235473,https://doi.org/10.3390/app11094151,Using Formal Grammars as Musical Genome,David Daniel Albarracín-Molina; Alfredo Raglio; Francisco Rivas‐Ruiz; Francisco J. Vico,Hospital Costa del Sol; Agencia Sanitaria Costa del Sol; Istituti Clinici Scientifici Maugeri; Universidad de Málaga,2021,6,True,https://doi.org/10.3390/app11094151,Applied Sciences,en,"In this paper, we explore a generative music method that can compose atonal and tonal music in different styles. One of the main differences between regular engineering problems and artistic expressions is that goals and constraints are usually ill-defined in the latter case; in fact the rules here could or should be transgressed more regularly. For this reason, our approach does not use a pre-existing dataset to imitate or extract rules from. Instead, it uses formal grammars as a representation method than can retain just the basic features, common to any form of music (e.g., the appearance of rhythmic patterns, the evolution of tone or dynamics during the composition, etc.). Exploring different musical spaces is the responsibility of a program interface that translates musical specifications into the fitness function of a genetic algorithm. This function guides the evolution of those basic features enabling the emergence of novel content. In this study, we then assess the outcome of a particular music specification (guitar ballad) in a controlled real-world setup. As a result, the generated music can be considered similar to human-composed music from a perceptual perspective. This endorses our approach to tackle arts algorithmically, as it is able to produce novel content that complies with human expectations.",2026-03-23
yes,UMA,W4406906895,https://doi.org/10.21272/mmi.2024.4-04,AI in Marketing Management: Executive Perspectives from Companies,Luis-Alfonso Maldonado-Canca; Juan-Pedro Cabrera-Sánchez; Eva María González Robles; Ana María Casado Molina,Universidad de Málaga,2024,4,True,https://mmi.sumdu.edu.ua/wp-content/uploads/2025/01/04_A829-2024_Maldonado-Canca-et-al.pdf,Marketing and Management of Innovations,en,"The integration of artificial intelligence (AI) in marketing and business communication is transforming corporate strategies, offering significant opportunities while presenting notable challenges. This study examines the factors influencing AI adoption by companies, focusing on the perspectives of CEOs. Using a survey of 409 senior executives from Spanish firms, this research develops an advanced framework based on the unified theory of acceptance and use of technology (UTAUT), enriched with additional constructs.The findings reveal that effort expectancy and facilitating conditions are critical drivers of AI adoption. AI aversion, reflecting concerns about distrust, complexity, and ethical risks, emerges as a significant barrier, particularly for CEOs of smaller firms, where its impact is notably stronger. Relative advantage and perceived value also influence adoption intentions, albeit to a lesser degree, indicating the perceived benefits and tangible outcomes of AI in improving processes such as segmentation, automation, and predictive analytics. Key differences arise between companies of varying revenue sizes: smaller firms exhibit greater aversion to AI, whereas larger organisations focus on maximizing their strategic benefits to drive innovation. These insights highlight the importance of tailored approaches, such as financial incentives, pilot programs, and targeted training, to reduce aversion and encourage adoption across diverse organizational contexts. This study contributes to the academic discourse by extending the UTAUT framework to address emerging challenges in AI adoption. Practically, it provides actionable strategies for business leaders to address human-centric and technological barriers, fostering a more efficient and data-driven marketing process. By offering a comprehensive understanding of the enablers and barriers to AI adoption, this research equips companies to harness AI’s full potential, enhancing their competitive advantage in an increasingly digital landscape.",2026-03-23
yes,UMA,W4240719099,https://doi.org/10.1155/2006/612940,A Multi-Agent Control Architecture for a Robotic Wheelchair,Cipriano Galindo; Ana Cruz‐Martín; Jose‐Luis Blanco; J. A. Fernńndez-Madrigal; José M. González,Universidad de Málaga,2006,4,True,https://downloads.hindawi.com/journals/abb/2006/612940.pdf,Applied Bionics and Biomechanics,en,"Assistant robots like robotic wheelchairs can perform an effective and valuable work in our daily lives. However, they eventually may need external help from humans in the robot environment (particularly, the driver in the case of a wheelchair) to accomplish safely and efficiently some tricky tasks for the current technology, i.e. opening a locked door, traversing a crowded area, etc. This article proposes a control architecture for assistant robots designed under a multi-agent perspective that facilitates the participation of humans into the robotic system and improves the overall performance of the robot as well as its dependability. Within our design, agents have their own intentions and beliefs, have different abilities (that include algorithmic behaviours and human skills) and also learn autonomously the most convenient method to carry out their actions through reinforcement learning. The proposed architecture is illustrated with a real assistant robot: a robotic wheelchair that provides mobility to impaired or elderly people.",2026-03-23
yes,UMA,W1500910543,https://doi.org/10.5772/4959,Image Matching based on Curvilinear Regions,José Gámez‐Pérez; R. Vázquez; Rebeca Marfil; Antonio Bandera; F. Sandoval,Universidad Tecnológica de Panamá; Universidad de Málaga,2007,3,True,https://www.intechopen.com/citation-pdf-url/323,,en,"This chapter presents a method for image matching which is based on the detection and characterisation of curvilinear regions. In a curvilinear region, the ratio between its average width and its total length should be less than a predefined threshold. Besides, left and right borders should be locally parallel, it should exist a geometric similarity around the region axis and the colour along this axis should be homogeneous. That is, they constitute particular image structures and, therefore, the method is restricted to scenes where these particular items are presented. On the contrary, curvilinear regions automatically deform with changing viewpoint as to keep on covering identical physical parts of a scene. For this reason, they can be used as distinguished regions. The shape contour of these curvilinear regions is characterised using the adaptive curvature function. Experimental results show that this shape descriptor is invariant to rotation and translation, and partially invariant to noise and skewing. Scaling invariance is achieved by employing an extra normalisation stage. Thus, this descriptor, plus the region colour and position, can be used to match curvilinear regions detected on the input image with those previously stored in a database. This is the basis of the correspondence algorithm described in this paper: the similarity index between two images is determined by the presence of the same set of curvilinear regions localised in similar positions. There are many directions for further research. One of this is the integration of several types of distinguished regions. As we commented above, the obligatory presence of these regions in the images is the main disadvantage of the proposed system. Besides, further work must be accomplished in the correspondence algorithm to employ the most similar region correspondences as ground control points. These points could be used to generate a fundamental matrix describing the geometric constraints between the two images. Thus, matches that did not agree with the majority solution could be removed.",2026-03-23
yes,UMA,W4399533968,https://doi.org/10.3389/fcomm.2024.1424096,Evolutionary regulatory dynamics in a pluralist and polarized journalism landscape: a case study of the normative framework in Spanish media,Raquel Seijas Costa; Daniel Barredo Ibáñez; Nereida Cea Esteruelas,Fudan University; Universidad de Málaga,2024,3,True,https://public-pages-files-2025.frontiersin.org/journals/communication/articles/10.3389/fcomm.2024.1424096/pdf,Frontiers in Communication,en,"Within the European Union, the pluralist polarized journalistic model suggests the presence of journalistic cultures rooted in the connections between political parties and media organizations. In this classical framework, the state exerts significant intervention to influence a media system characterized by lower levels of professionalization. In this regard, Spain serves as a well-examined example of a pluralist polarized Western democracy. Our study entails a systematic review based on two distinct dimensions. Firstly, we scrutinized all legal documents pertaining to media regulation in Spain published between the Spanish transition and the present 1977–2024. From this perspective, we propose a chronological evolution to categorize this extensive collection of norms. Secondly, we complement our primary source assessment with an examination of secondary sources to validate the proposed evolution. Our findings indicate that the Spanish media regulation is evolving due to two pivotal factors: the influence of the European Union and the preservation of the narrative established during the transition to democracy. While contemporary communication grapples with issues such as the rise of artificial intelligence, journalistic instability, algorithmic communication, and fragmented user consumption, these areas are only addressed peripherally within the Spanish media normative context.",2026-03-23
yes,UMA,W4391542026,https://doi.org/10.3390/ijgi13020046,EventGeoScout: Fostering Citizen Empowerment and Augmenting Data Quality through Collaborative Geographic Information Governance and Optimization,José Antonio Montenegro; Antonio Muñoz,Universidad de Málaga,2024,1,True,https://www.mdpi.com/2220-9964/13/2/46/pdf?version=1706887137,ISPRS International Journal of Geo-Information,en,"In this manuscript, we present EventGeoScout, an innovative framework for collaborative geographic information management, tailored to meet the needs of the dynamically changing landscape of geographic data integration and quality enhancement. EventGeoScout enables the seamless fusion of open data from different sources and provides users with the tools to refine and improve data quality. A distinctive feature of our framework is its commitment to platform-agnostic data management, ensuring that processed datasets are accessible via standard Geographic Information System (GIS) tools, reducing the maintenance burden on organizations while ensuring the continued relevance of the data. Our approach goes beyond the boundaries of traditional data integration, enabling users to fully harness the power of geospatial information by simplifying the data creation process and providing a versatile solution to the complex challenges posed by layered geospatial data. To demonstrate the versatility and robustness of EventGeoScout as an optimization tool, we present a case study centered on the Uncapacitated Facility Location Problem (UFLP), where a genetic algorithm was used to achieve outstanding performance on both traditional computing platforms and smartphone devices. As a concrete case study, we applied our solution in the context of the Málaga City Marathon, using the latest data from the last edition of the marathon.",2026-03-23
yes,UMA,W4413206531,https://doi.org/10.3390/electronics14163178,Building a Self-Explanatory Social Robot on the Basis of an Explanation-Oriented Runtime Knowledge Model,José Galeas; Alberto Tudela; Óscar Pons; Suna Bensch; Thomas Hellström; Antonio Bandera,Umeå University; Universidad de Málaga,2025,1,True,https://www.mdpi.com/2079-9292/14/16/3178/pdf?version=1754832225,Electronics,en,"In recent years, there has been growing interest in developing robots capable of explaining their behavior, thereby improving their acceptance by humans with whom they share their environment. Proposed software designs are typically based on the advances being made in conversational systems built on deep learning techniques. However, apart from the ability to formulate explanations, the robot also needs an internal episodic memory, where it stores information from the continuous stream of experiences. Most previous proposals are designed to deal with short streams of episodic data (several minutes long). With the aim of managing larger experiences, we propose in this work a high-level episodic memory, where relevant events are abstracted to natural language concepts. The proposed framework is intimately linked to a software architecture in which the explanations, whether externalized or not, are shaped internally in a collaborative process involving the task-oriented software agents that make up the architecture. The core of this process is a runtime knowledge model, employed as working memory whose evolution allows for capturing the causal events stored in the episodic memory. We present several use cases that illustrate how the suggested framework allows an autonomous robot to generate correct and relevant explanations of its actions and behavior.",2026-03-23
yes,UMA,W4414923573,https://doi.org/10.3389/frobt.2025.1637574,Personalized causal explanations of a robot’s behavior,José Galeas; Suna Bensch; Thomas Hellström; Antonio Bandera,Umeå University; Universidad de Málaga,2025,1,True,https://www.frontiersin.org/journals/robotics-and-ai/articles/10.3389/frobt.2025.1637574/pdf,Frontiers in Robotics and AI,en,"The deployment of robots in environments shared with humans implies that they must be able to justify or explain their behavior to nonexpert users when the user, or the situation itself, requires it. We propose a framework for robots to generate personalized explanations of their behavior by integrating cause-and-effect structures, social roles, and natural language queries. Robot events are stored as cause-effect pairs in a causal log. Given a human natural language query, the system uses machine learning to identify the matching cause-and-effect entry in the causal log and determine the social role of the inquirer. An initial explanation is generated and is then further refined by a large language model (LLM) to produce linguistically diverse responses tailored to the social role and the query. This approach maintains causal and factual accuracy while providing language variation in the generated explanations. Qualitative and quantitative experiments show that combining the causal information with the social role and the query when generating the explanations yields the most appreciated explanations.",2026-03-23
yes,UMA,W4281257697,https://doi.org/10.3390/s22103899,Smart Sensorization Using Propositional Dynamic Logic,Salvador Merino Córdoba; Alfredo Burrieza; Francisco Guzmán; J. Martínez,Universidad de Málaga,2022,1,True,https://www.mdpi.com/1424-8220/22/10/3899/pdf?version=1653295097,Sensors,en,"The current high energy prices pose a serious challenge, especially in the domestic economy. In this respect, one of the main problems is obtaining domestic hot water. For this reason, this article develops a heating system applied to a conventional water tank in such a way as to minimize the necessary energy supply by converting it, under certain circumstances, into atmospheric. For this purpose, the domotic system has been equipped with sensors that automate the pressurization of the compartment and solenoid valves that regulate the external water supply. This design, to which different level sensors are applied, sends the information in real time to an artificial intelligence system, by means of deductive control, which recognizes the states of the system. This work shows the introduction of an extension of propositional dynamic logic in the field of energy efficiency. Thanks to this formalism, a qualitative control of the program variables is achieved by incorporating qualitative reasoning tools. On the other hand, it solves preventive maintenance systems through the early detection of faults in the installation. This research has led to the patenting of an intelligent domestic hot water system that considerably reduces energy consumption by setting disjointed heating intervals that, powered by renewable or non-renewable sources, are controlled by a propositional dynamic logic.",2026-03-23
yes,UMA,W3190445232,https://doi.org/10.21203/rs.3.rs-725766/v1,"Big Optimization with Genetic Algorithms: Hadoop, Spark and MPI",Carolina Salto; Gabriela F. Minetti; Enrique Alba; Gabriel Luque,Universidad Nacional de La Pampa; Universidad de Málaga,2021,0,True,https://www.researchsquare.com/article/rs-725766/latest.pdf,,en,"<title>Abstract</title> Solving problems of high dimensionality (and complexity) usually needs the intense use of technologies, like parallelism, advanced computers and new types of algorithms. MapReduce (MR) is a computing paradigm long time existing in computer science that has been proposed in the last years for dealing with big data applications, though it could also be used for many other tasks. In this article we address big optimization: the solution to large instances of combinatorial optimization problems by using MR as the paradigm to design solvers that allow transparent runs on a varied number of computers that collaborate to find the problem solution. We first investigate the influence of the used MR technology, then including Hadoop, Spark and MPI as the middleware plataforms to express genetic algorithms (GAs), arising the MRGA solvers, in a style different from the usual imperative transformational programming. Our objective is to confirm the expected benefits of these systems, namely file, memory and communication management, over the resulting algorithms. We analyze our MRGA solvers from relevant points of view like scalability, speedup, and communication vs. computation time in big optimization. The results for high dimensional datasets show that the MRGA over Hadoop outperforms the implementations in Spark and MPI frameworks. For the smallest datasets, the execution of MRGA on MPI is always faster than the executions of the remaining MRGAs. Finally, the MRGA over Spark presents the lowest communication times. Numerical and time insights are given in our work, so as to ease future comparisons of new algorithms over these three popular technologies.",2026-03-23
yes,UMA,W4353032331,https://doi.org/10.2196/preprints.47346,Use of Artificial Intelligence in the Identification and Diagnosis of Frailty Syndrome in Older Adults: Scoping Review (Preprint),Daniel Velázquez‐Díaz; Juan E. Arco; Andrés Ortíz; Verónica Pérez‐Cabezas; David Lucena-Antón; José A. Moral-Muñoz; Alejandro Galán-Mercant,Universidad de Cádiz; Biomedical Research and Innovation Institute of Cadiz; Instituto Andaluz de Ciencias de la Tierra; Universidad de Granada; Universidad de Málaga,2023,0,True,http://dx.doi.org/10.2196/preprints.47346,,en,"<sec> <title>BACKGROUND</title> Frailty syndrome (FS) is one of the most common noncommunicable diseases, which is associated with lower physical and mental capacities in older adults. FS diagnosis is mostly focused on biological variables; however, it is likely that this diagnosis could fail owing to the high biological variability in this syndrome. Therefore, artificial intelligence (AI) could be a potential strategy to identify and diagnose this complex and multifactorial geriatric syndrome. </sec> <sec> <title>OBJECTIVE</title> The objective of this scoping review was to analyze the existing scientific evidence on the use of AI for the identification and diagnosis of FS in older adults, as well as to identify which model provides enhanced accuracy, sensitivity, specificity, and area under the curve (AUC). </sec> <sec> <title>METHODS</title> A search was conducted using PRISMA-ScR (Preferred Reporting Items for Systematic Reviews and Meta-Analyses extension for Scoping Reviews) guidelines on various databases: PubMed, Web of Science, Scopus, and Google Scholar. The search strategy followed Population/Problem, Intervention, Comparison, and Outcome (PICO) criteria with the population being older adults; intervention being AI; comparison being compared or not to other diagnostic methods; and outcome being FS with reported sensitivity, specificity, accuracy, or AUC values. The results were synthesized through information extraction and are presented in tables. </sec> <sec> <title>RESULTS</title> We identified 26 studies that met the inclusion criteria, 6 of which had a data set over 2000 and 3 with data sets below 100. Machine learning was the most widely used type of AI, employed in 18 studies. Moreover, of the 26 included studies, 9 used clinical data, with clinical histories being the most frequently used data type in this category. The remaining 17 studies used nonclinical data, most frequently involving activity monitoring using an inertial sensor in clinical and nonclinical contexts. Regarding the performance of each AI model, 10 studies achieved a value of precision, sensitivity, specificity, or AUC ≥90. </sec> <sec> <title>CONCLUSIONS</title> The findings of this scoping review clarify the overall status of recent studies using AI to identify and diagnose FS. Moreover, the findings show that the combined use of AI using clinical data along with nonclinical information such as the kinematics of inertial sensors that monitor activities in a nonclinical context could be an appropriate tool for the identification and diagnosis of FS. Nevertheless, some possible limitations of the evidence included in the review could be small sample sizes, heterogeneity of study designs, and lack of standardization in the AI models and diagnostic criteria used across studies. Future research is needed to validate AI systems with diverse data sources for diagnosing FS. AI should be used as a decision support tool for identifying FS, with data quality and privacy addressed, and the tool should be regularly monitored for performance after being integrated in clinical practice. </sec>",2026-03-23
yes,UMA,W4392767207,https://doi.org/10.20944/preprints202403.0008.v1,Instruments Detection and Descriptive Gesture Segmentation on a Robotic Surgical Maneuvers Dataset,Irene Rivas-Blanco; Carmen López-Casado; Juan María Herrera-López; José Cabrera-Villa; Carlos J. Pérez-del-Pulgar,Institution of Mechanical Engineers; Universidad de Málaga,2024,0,True,https://www.preprints.org/manuscript/202403.0008/v1/download,Preprints.org,en,"Large datasets play a crucial role in the progression of surgical robotics, facilitating advancements in the fields of surgical task recognition and automation. Moreover, public datasets enable the comparative analysis of various algorithms and methodologies, thereby assessing their effectiveness and performance. The ROSMA (Robotics Surgical Maneuvers) dataset provides 206 trials of common surgical training tasks performed with the da Vinci Research Kit (dVRK). In this work, we extend ROSMA dataset with two annotated subsets: ROSMAT24, which contains bounding box annotations for instrument detection, and ROSMAG40, which contains high and low level gesture annotations. We propose an annotation method that provides independent labels for the right-handed tool and the left-handed tool. For instrument identification, we validate our proposal with a YOLOv4 model in two experimental scenarios. We demonstrate the generalization capabilities of the network to detect instruments in unseen scenarios. For gesture segmentation, we propose two label categories: high-level annotations that describe gestures at a maneuvers level, and low-level annotations that describe gestures at a fine-grain level. To validate this proposal, we have designed a recurrent neural network based on a bidirectional long-short term memory layer. We present results for four cross-validation experimental setups, reaching up to a 77.35% mAP.",2026-03-23
yes,UMA,W4393071966,https://doi.org/10.3390/electronics13071169,Causal-Based Approaches to Explain and Learn from Self-Extension—A Review,Rebeca Marfil; Pablo Bustos; Antonio Bandera,Universidad de Extremadura; Universidad de Málaga,2024,0,True,https://www.mdpi.com/2079-9292/13/7/1169/pdf?version=1711094309,Electronics,en,"The last decades have seen a revolution in autonomous robotics. Deep learning approaches and their hardware implementations have made it possible to endow robots with extraordinary perceptual capabilities. In addition, they can benefit from advances in Automated Planning, allowing them to autonomously solve complex tasks. However, on many occasions, the robot still acts without internalising and understanding the reasons behind a perception or an action, beyond an immediate response to a current state of the context. This gap results in limitations that affect its performance, reliability, and trustworthiness. Deep learning alone cannot bridge this gap because the reasons behind behaviour, when it emanates from a model in which the world is a black-box, are not accessible. What is really needed is an underlying architecture based on deeper reasoning. Among other issues, this architecture should enable the robot to generate explanations, allowing people to know why the robot is performing, or has performed, a certain action, or the reasons that may have caused a certain plan failure or perceptual anomaly. Furthermore, when these explanations arise from a cognitive process and are shared, and thus validated, with people, the robot should be able to incorporate these explanations into its knowledge base, and thus use this understanding to improve future behaviour. Our article looks at recent advances in the development of self-aware, self-evolving robots. These robots are designed to provide the necessary explanations to their human counterparts, thereby enhancing their functional capabilities in the quest to gain their trust.",2026-03-23
yes,UMA,W4395665380,https://doi.org/10.3390/app14093701,Instrument Detection and Descriptive Gesture Segmentation on a Robotic Surgical Maneuvers Dataset,Irene Rivas-Blanco; Carmen López-Casado; Juan María Herrera-López; José Cabrera-Villa; Carlos J. Pérez-del-Pulgar,Universidad de Málaga,2024,0,True,https://www.mdpi.com/2076-3417/14/9/3701/pdf?version=1714135820,Applied Sciences,en,"Large datasets play a crucial role in the progression of surgical robotics, facilitating advancements in the fields of surgical task recognition and automation. Moreover, public datasets enable the comparative analysis of various algorithms and methodologies, thereby assessing their effectiveness and performance. The ROSMA (Robotics Surgical Maneuvers) dataset provides 206 trials of common surgical training tasks performed with the da Vinci Research Kit (dVRK). In this work, we extend the ROSMA dataset with two annotated subsets: ROSMAT24, which contains bounding box annotations for instrument detection, and ROSMAG40, which contains high and low-level gesture annotations. We propose an annotation method that provides independent labels for the right-handed tools and the left-handed tools. For instrument identification, we validate our proposal with a YOLOv4 model in two experimental scenarios. We demonstrate the generalization capabilities of the network to detect instruments in unseen scenarios. On the other hand, for gesture segmentation, we propose two label categories: high-level annotations that describe gestures at a maneuvers level, and low-level annotations that describe gestures at a fine-grain level. To validate this proposal, we have designed a recurrent neural network based on a bidirectional long-short term memory layer. We present results for four cross-validation experimental setups, reaching up to a 77.35% mAP.",2026-03-23
yes,UMA,W4413191734,https://doi.org/10.56294/ai2025413,Human-in-the-Loop Models for Ethical AI Grading: Combining AI Speed with Human Ethical Oversight,Muthu Selvam; Rubén González Vallejo,University of North Carolina at Charlotte; Universidad de Málaga,2025,0,True,https://ai.ageditor.ar/index.php/ai/article/download/413/166,EthAIca,en,"The adoption of AI-powered grading systems in academic institutions promised improved efficiency, consistency, and scalability. However, these benefits introduced ethical challenges, including algorithmic bias, contextual insensitivity, and reduced transparency, particularly in high-stakes assessments. To address these concerns, the chapter presented a Human-in-the-Loop (HITL) grading framework that integrated AI-generated recommendations with human oversight. The model consisted of four layers: (i) pre-grading configuration with customizable rubrics and model calibration; (ii) preliminary scoring using transformer-based language models; (iii) human validation and contextual adjustment of AI outputs; and (iv) transparent feedback supported by dual-logged audit trails. A case study was conducted at a mid-sized university, where the framework was applied to 800 undergraduate essays. As a result of this implementation, the faculty validated 87 % of the AI-generated scores with only minor adjustments, while 13 % required overrides due to misinterpretations involving creative expression, linguistic nuance, or cultural context. The grading time was reduced by 40 %, and student satisfaction improved due to transparent assessment and educator involvement. These findings demonstrate that the HITL model has the potential to balance automation with ethical oversight, promoting fairer evaluations and preserving academic integrity. It enhanced faculty agency, ensured equity across diverse student populations, and built trust through explainable AI tools such as SHAP and LIME. The chapter concluded by proposing policy guidelines, technical integrations, and communication strategies, while advocating for future applications in multimodal grading and open-source ethical assessment platforms.",2026-03-23
yes,UMA,W7125681158,https://doi.org/10.3390/socsci15020063,Strategic Use of Disinformation Terminology in Political Communication: Media Narratives of Delegitimisation,María Jesús Fernández Torres; Nereida Cea; Francisco Marcos Martín-Martín,Universidad de Málaga,2026,0,True,https://www.mdpi.com/2076-0760/15/2/63/pdf?version=1769435445,Social Sciences,en,"Disinformation has become established as a strategic tool in political communication, with the capacity to erode public trust and undermine democratic quality. In an information environment increasingly mediated by artificial intelligence, it is essential to understand how the media articulates disinformation discursively. This study analyses, using a mixed design of quantitative and qualitative content analysis, 178 articles published in the five main Spanish digital newspapers (El País, El Mundo, La Vanguardia, El Español and Eldiario.es), comparing the treatment of two cases of alleged political corruption. The results show significant differences in volume, journalistic genre, tone, framing, and use of disinformation terminology, confirming that the media do not act as neutral transmitters but rather as discursive actors that use disinformation lexicon for the purposes of attack, defence, or ideological legitimisation. There is also a predominance of emotional tones and rhetorical strategies that favour polarisation.",2026-03-23
yes,UMA,W7128909101,https://doi.org/10.58763/rc2026531,Assessing the Role of AI Integration in Competence-Based Curriculum Development and Effective Implementation Strategies in Junior Secondary Schools in Kilifi County,Linety Juma; Petros Chavula; Fredrick Kayusi; Rubén González Vallejo,Haramaya University; Maasai Mara University; Pwani University; Universidad de Málaga,2026,0,True,https://rc.cienciasas.org/index.php/rc/article/download/531/610,Región Científica,,"Introduction: This study examines the integration of Artificial Intelligence (AI) in Competence-Based Curriculum (CBC) development and its effective implementation in Junior Secondary Schools (JSSs) in Kilifi County, Kenya. As AI continues to reshape education globally, Kenya’s recent adoption of CBC presents an opportunity to enhance learning through AI-driven technologies. Methodology: Using a mixed-methods approach, the study explores current curriculum practices, the perceptions of educators and policymakers on AI integration, and the challenges faced by key institutions in implementing AI-enhanced curricula. Results: Findings indicate that AI has the potential to improve curriculum development by enabling personalized learning, predictive analytics, and real-time feedback. However, several challenges hinder AI adoption, including weak digital infrastructure, limited teacher training, and resistance to change. Additionally, governance and policy gaps further constrain the successful integration of AI in education. This study proposes strategies for AI-driven curriculum enhancement, including capacity-building initiatives for educators, policy recommendations for structured AI adoption, and frameworks for collaborative AI implementation. Conclusions: The research contributes to evidence-based decision-making in curriculum development and offers insights for educational policymakers, the Kenya Institute of Curriculum Development (KICD), and other stakeholders seeking to modernize education through AI. By addressing implementation barriers, AI can play a transformative role in fostering competency-based learning, equipping students with the skills necessary for the evolving digital economy.",2026-03-23
yes,UMA,W7133136978,https://doi.org/10.58763/rc2026552,"Reading and writing in university teacher training: strategies for comprehension, written expression and the responsible use of technology",MARIA LUZ BORT CABALLERO,Universidad de Málaga,2026,0,True,https://rc.cienciasas.org/index.php/rc/article/download/552/635,Región Científica,,"Introduction: Spain’s current university education context has experienced a worrying decline in deep reading and writing practices, displaced by digital consumption habits and characterized by immediacy, superficiality, and intensive use of artificial intelligence tools. Methodology: This paper analyzes this phenomenon from a qualitative and reflective pedagogical perspective and proposes a didactic intervention aimed at the initial training of early childhood and primary school teachers. Results: It also presents a work proposal structured in three integrated phases under the Project-Based Learning (PBL) approach and the use of digital storytelling. First, an individual process of reading comprehension and written expression is developed based on the analysis of texts related to the life and work of a woman author. Second, students collaborate in teams to create digital narratives focused on her biography and adapt one of her works for children readers, thus strengthening creativity, cooperation, and communication skills. Finally, an adaptation phase is incorporated to address diversity, integrating the responsible use of artificial intelligence tools for educational and accessibility purposes. This project promotes the development of reading, writing, and critical skills, while consciously integrating the potential of educational technology. Conclusions: Grounded in practice- informed pedagogical inquiry, it proposes a methodological alternative to strengthen the link between reading, writing, inclusion, and technology, preparing future teachers to address the challenges of teaching in the digital age with responsibility and creativity.",2026-03-23
yes,UMA,W4409776645,https://doi.org/10.1007/s11547-025-02004-z,Advanced radiomic prediction of osteoporosis in primary hyperparathyroidism: a machine learning-based analysis of CT images,A. Adarve Castro; Virginia Soria-Utrilla; José Miguel Castro-García; Dolores Domínguez-Pinos; Francisco Sendra‐Portero; Miguel J. Ruiz-Gómez; José Algarra-García,Hospital Clínico Universitario Virgen de la Victoria; Hospital General Universitario de Alicante Doctor Balmis; Hospital Regional Universitario de Málaga; Universidad de Málaga,2025,5,True,https://link.springer.com/content/pdf/10.1007/s11547-025-02004-z.pdf,La radiologia medica,en,"This study aims to assess the proficiency of supervised machine learning techniques in discriminating between normal and abnormal bone mineral density (BMD) by leveraging clinical features and texture analysis of spinal bone tissue in patients diagnosed with primary hyperparathyroidism (PHP). From a total of 219 patients diagnosed with PHP, the 58 who had undergone both DXA and abdominal CT scan were included in this study. BMD was assessed by quantifying the Hounsfield units (HU) and performing texture analysis on every CT scan. The first lumbar vertebral body texture features were extracted by using LifeX 7.3.0 software. Initial classification into normal or abnormal BMD was performed with different machine learning techniques by training a model with the variables obtained from the texture analysis. Differentiating osteopenia from osteoporosis was evaluated by creating two models, one including the variables obtained from the texture analysis and HU and another one which only included the HU. Their performance was evaluated in the validation and test groups by calculating the accuracy, precision, recall, F1 score, and AUC. Bayes demonstrated higher performance for discerning individuals with normal and abnormal BMD, with an AUC of 0.916. The results from the second analysis showed a better performance for the model including the variables obtained from the texture analysis compared to the model that was solely trained with the HU (AUC in the training group of 0.77 vs. 0.65 in the test groups, respectively). In conclusion, analysis of BMD obtained from abdominal CT scans including texture analysis provide a better classification of normal density, osteopenia and osteoporosis in patients with PHP.",2026-03-23
yes,UMA,W3032297297,https://doi.org/10.3390/s20113032,Automated Detection of Presymptomatic Conditions in Spinocerebellar Ataxia Type 2 Using Monte Carlo Dropout and Deep Neural Network Techniques with Electrooculogram Signals,Cătălin Stoean; Ruxandra Stoean; Miguel Atencia; Moloud Abdar; Luis Velázquez‐Pérez; Abbas Khosravi; Saeid Nahavandi; U. Rajendra Acharya; Gonzalo Joya,Ngee Ann Polytechnic; Kumamoto University; Deakin University; Asia University; Universidad de Málaga; Romanian Institute of Science and Technology,2020,30,True,https://www.mdpi.com/1424-8220/20/11/3032/pdf?version=1591089681,Sensors,en,"Application of deep learning (DL) to the field of healthcare is aiding clinicians to make an accurate diagnosis. DL provides reliable results for image processing and sensor interpretation problems most of the time. However, model uncertainty should also be thoroughly quantified. This paper therefore addresses the employment of Monte Carlo dropout within the DL structure to automatically discriminate presymptomatic signs of spinocerebellar ataxia type 2 in saccadic samples obtained from electrooculograms. The current work goes beyond the common incorporation of this special type of dropout into deep neural networks and uses the uncertainty derived from the validation samples to construct a decision tree at the register level of the patients. The decision tree built from the uncertainty estimates obtained a classification accuracy of 81.18% in automatically discriminating control, presymptomatic and sick classes. This paper proposes a novel method to address both uncertainty quantification and explainability to develop reliable healthcare support systems.",2026-03-23
yes,UMA,W3094030634,https://doi.org/10.1109/access.2020.3032322,Integrating Blockchain in Safety-Critical Systems: An Application to the Nuclear Industry,Manuel Díáz; Enrique Soler; Luis Llopis; Joaquín Trillo,Software (Spain); Universidad de Málaga,2020,18,True,https://ieeexplore.ieee.org/ielx7/6287639/8948470/09229377.pdf,IEEE Access,en,"Safety-Critical Systems (SCSs) often manage sensible data that must be trustworthy, especially in many cases in which different actors participate whose interests may not coincide. Blockchain is a disruptive technology that has emerged to ensure the trustfulness of data. The nuclear industry incorporates many SCSs where blockchain can be applied. This paper focuses on the use of blockchain for the inspection of steam generators of a nuclear power plant. This is a critical process where different actors participate: plant property, external companies in charge of the inspection itself and different administrations. It typically consists of a number of processes that explore the state of different components of the plant in order to find any kind of failure or defect and it generates a great amount of data that must be verifiable and trustworthy. A distributed blockchain-based system is presented where all the nodes share the information and it cannot be altered. As a novelty, automatic inspection algorithms are stored in the blockchain itself by means of smart contracts. The benefits of blockchain are studied for the nuclear industry in general and for the inspection process in particular. In order to explore the possible drawbacks of a blockchain-based system for data management, a simulator has been implemented to recreate the scenario of an inspection. The results obtained show that blockchain architectures are a good alternative to traditional information repositories for nuclear power plant inspections.",2026-03-23
yes,UMA,W4362578248,https://doi.org/10.3390/s23073665,Constrained IoT-Based Machine Learning for Accurate Glycemia Forecasting in Type 1 Diabetes Patients,Ignacio Rodríguez‐Rodríguez; María Campo-Valera; José‐Víctor Rodríguez; Alberto Frisa-Rubio,Universidad Politécnica de Cartagena; CIRCE - Centro Tecnológico; Universidad de Málaga,2023,15,True,https://www.mdpi.com/1424-8220/23/7/3665/pdf?version=1680482366,Sensors,en,"Individuals with diabetes mellitus type 1 (DM1) tend to check their blood sugar levels multiple times daily and utilize this information to predict their future glycemic levels. Based on these predictions, patients decide on the best approach to regulate their glucose levels with considerations such as insulin dosage and other related factors. Nevertheless, modern developments in Internet of Things (IoT) technology and innovative biomedical sensors have enabled the constant gathering of glucose level data using continuous glucose monitoring (CGM) in addition to other biomedical signals. With the use of machine learning (ML) algorithms, glycemic level patterns can be modeled, enabling accurate forecasting of this variable. Constrained devices have limited computational power, making it challenging to run complex machine learning algorithms directly on these devices. However, by leveraging edge computing, using lightweight machine learning algorithms, and performing preprocessing and feature extraction, it is possible to run machine learning algorithms on constrained devices despite these limitations. In this paper we test the burdens of some constrained IoT devices, probing that it is feasible to locally predict glycemia using a smartphone, up to 45 min in advance and with acceptable accuracy using random forest.",2026-03-23
yes,UMA,W2983926413,https://doi.org/10.3389/fpsyg.2019.02675,Data Mining in the Mixed Methods: Application to the Study of the Psychological Profiles of Athletes,José L. Pastrana; Rafael E. Reigal; Verónica Morales‐Sánchez; Juan P. Morillo-Baro; Rocío Juárez-Ruiz de Mier; José Matías Alves; António Hernández-Mendo,Instituto Politécnico da Guarda; Universidad de Málaga,2019,15,True,https://www.frontiersin.org/articles/10.3389/fpsyg.2019.02675/pdf,Frontiers in Psychology,en,"Data mining is seen as a set of techniques and technologies allowing to extract, automatically or semi-automatically, a lot of useful information, models, and tendencies from a big set of data. Techniques like ""clustering,"" ""classification,"" ""association,"" and ""regression""; statistics and Bayesian calculations; or intelligent artificial algorithms like neural networks will be used to extract patterns from data, and the main goal to achieve those patterns will be to explain and to predict their behavior. So, data are the source that becomes relevant information. Research data are gathered as numbers (quantitative data) as well as symbolic values (qualitative data). Useful knowledge is extracted (mined) from a huge amount of data. Such kind of knowledge will allow setting relationships among attributes or data sets, clustering similar data, classifying attribute relationships, and showing information that could be hidden or lost in a vast quantity of data when data mining is not used. Combination of quantitative and qualitative data is the essence of mixed methods: on one hand, a coherent integration of result data interpretation starting from separate analysis, and on the other hand, making data transformation from qualitative to quantitative and 1 vice versa. A study developed shows how data mining techniques can be a very interesting complement to mixed methods, because such techniques can work with qualitative and quantitative data together, obtaining numeric analysis from qualitative data based on Bayesian probability calculation or transforming quantitative into qualitative data using discretization techniques. As a study case, the Psychological Inventory of Sports Performance (IPED) has been mined and decision trees have been developed in order to check any relationships among the ""Self-confidence"" (AC), ""Negative Coping Control"" (CAN), ""Attention Control"" (CAT), ""Visuoimaginative Control"" (CVI), ""Motivational Level"" (NM), ""Positive Coping Control"" (CAP), and ""Attitudinal Control"" (CACT) factors against gender and age of athletes. These decision trees can also be used for future data predictions or assumptions.",2026-03-23
yes,UMA,W3195445035,https://doi.org/10.3390/bios11080284,A Study of One-Class Classification Algorithms for Wearable Fall Sensors,Jose A.Santoyo-Ramón; E. Casilari; José Manuel Bermúdez Cano,Universidad de Málaga,2021,13,True,https://www.mdpi.com/2079-6374/11/8/284/pdf,Biosensors,en,"In recent years, the popularity of wearable devices has fostered the investigation of automatic fall detection systems based on the analysis of the signals captured by transportable inertial sensors. Due to the complexity and variety of human movements, the detection algorithms that offer the best performance when discriminating falls from conventional Activities of Daily Living (ADLs) are those built on machine learning and deep learning mechanisms. In this regard, supervised machine learning binary classification methods have been massively employed by the related literature. However, the learning phase of these algorithms requires mobility patterns caused by falls, which are very difficult to obtain in realistic application scenarios. An interesting alternative is offered by One-Class Classifiers (OCCs), which can be exclusively trained and configured with movement traces of a single type (ADLs). In this paper, a systematic study of the performance of various typical OCCs (for diverse sets of input features and hyperparameters) is performed when applied to nine public repositories of falls and ADLs. The results show the potentials of these classifiers, which are capable of achieving performance metrics very similar to those of supervised algorithms (with values for the specificity and the sensitivity higher than 95%). However, the study warns of the need to have a wide variety of types of ADLs when training OCCs, since activities with a high degree of mobility can significantly increase the frequency of false alarms (ADLs identified as falls) if not considered in the data subsets used for training.",2026-03-23
yes,UMA,W4294253312,https://doi.org/10.3390/s22176585,A Low Cost IoT Cyber-Physical System for Vehicle and Pedestrian Tracking in a Smart Campus,Jamal Toutouh; Enrique Alba,Universidad de Málaga,2022,9,True,https://www.mdpi.com/1424-8220/22/17/6585/pdf?version=1662355817,Sensors,en,"Human tracking and traffic monitoring systems are required to build advanced intelligent, innovative mobility services. In this study, we introduce an IoT system based on low-cost hardware that has been installed on the campus of the University of Malaga, in Spain. The sensors gather smart wireless devices (Bluetooth and Wi-Fi) anonymous information and environmental noise level around them. This research studies the spatio-temporal behavior of people and noise pollution in the campus as a short-scale Smart City, i.e., a Smart Campus. Applying specific machine learning algorithms, we have analyzed two months of captured data (61 days). The main findings from the analysis show that most university community members move through the campus at similar hours, generating congestion problems. In addition, the campus suffers from acoustic pollution according to regulations; therefore, we conclude that the proposed system is useful for gathering helpful information for the university community members and managers. Thanks to its low cost, it can be easily extended and even used in other similar environments, allowing democratic access to Smart City services as an excellent added value.",2026-03-23
yes,UMA,W4403213953,https://doi.org/10.1111/ecog.07684,Disease ecology and pathogeography: Changing the focus to better interpret and anticipate complex environment–host–pathogen interactions,Jean‐François Guégan; Timothée Poisot; Barbara A. Han; Jesús Olivero,"Université Claude Bernard Lyon 1; Institut National de Recherche pour l'Agriculture, l'Alimentation et l'Environnement; Université Clermont Auvergne; Institut de Recherche pour le Développement; VetAgro Sup; Cary Institute of Ecosystem Studies; Universidad de Málaga; Université de Montréal; Centre National de la Recherche Scientifique; Maladies Infectieuses et Vecteurs: Écologie, Génétique, Évolution et Contrôle",2024,7,True,https://onlinelibrary.wiley.com/doi/pdfdirect/10.1111/ecog.07684,Ecography,en,"Over the past 15 years, disease ecology has become a discipline in its own right. It is fundamentally based on training in ecology and evolution, with solid theoretical foundations and skills in computational biology and statistics, and it differs from a medical approach to the interpretation of disease. It is concerned with how species interactions, including host–pathogen relationships and environmental conditions (e.g. temperature and rainfall), affect patterns and processes of disease presence and spread, how pathogens impact host individuals, populations, communities, and ultimately ecosystem function (Ostfeld et al. 2008). Initially rooted in parasite ecology, particularly among researchers working on transmission cycles and host–disease population dynamics, disease ecology mainly focuses on parasitic and infectious diseases but is not exclusive to them (Ostfeld 2018). A booming subfield currently concerns research linking different areas such as infectious transmission, agriculture development, and development aid policies, notably in the world's poorest countries (Ngonghala et al. 2014). Unlike ecologists, disease ecologists focus on understanding the causes and consequences of the maintenance and transmission of pathogens in animal species, including humans, plants, and communities of species. It has become much more widespread in studies among wild animal species, also in their contacts with domestic species, e.g. livestock, and their interactions with human populations, and much less so in plant diseases and their transmission, which in some respects are the focus of more plant-pathology molecular-orientated research (Guégan et al. 2023a). We cannot say that the development of disease ecology has involved the gradual integration of several distinct lines of inquiry because it is the heir of ecology. It has an ecosystem-based approach and takes into account natural complexity (Johnson et al. 2015, Hassell et al. 2021, Petrone et al. 2023); it develops experimental methods in the laboratory or mesocosms and has an essential background in statistical and mathematical analysis. The spatial scales of disease ecology study are experimental or local and, depending on the questions posed, can extend to the most global scales (Guernier et al. 2004, Jones et al. 2008, Allen et al. 2017, Carlson et al. 2022). In the temporal domain, these can be daily or weekly studies or multi-decadal investigations, such as in disease population dynamics (Keeling and Rohani 2007). By definition, disease ecology is concerned with understanding patterns and processes on large spatial and temporal scales. It integrates different levels of life organization, i.e. from genes to the global ecosystem, which is not the case, or only to a limited extent, of medical and veterinary approaches (Ezenwa et al. 2015). Over the years, however, disease ecology has gained the confidence of other disciplines, particularly the medical and veterinary ones, and is now published in top-leading generalist journals (Mahon et al. 2024, Pfenning-Butterworth et al. 2024, Chevillon et al. 2024). Today, disease ecology is also challenging established dogmas in human and veterinary medicine, reconsidering several aspects of infectious transmission in-depth, raising the question of possible larger host species spectra, and questioning the origin and nature of pathogen virulence (Chevillon et al. 2024). We are happy to present this special issue on disease ecology in the journal Ecography. At least two other contributions recently published in Ecography could have contributed to this special issue in disease ecology. Both constitute remarkable illustrations of macro-scale studies on host–parasite interactions. They are: Latitudinal distributions of the species richness, phylogenetic diversity and functional diversity of fleas and their small mammalian hosts in four geographic quadrants by Krasnov and colleagues (Krasnov et al. 2023); and Continental-scale climatic gradients of pathogenic microbial taxa in birds and bats by Xu and coauthors (Xu et al. 2023). As illustrated in the different sections of this special issue, disease ecology is a highly interdisciplinary field, drawing on molecular biology and population genetics, immunology, epidemiology, time-series and spatial biostatistics, and ecological and epidemiological modeling. It takes an interdisciplinary approach, often questioning disease distribution, transmission, and intensity from another angle, and this with the wish to propose methods of surveillance, control, and research that are innovative sometimes breakthrough, and more in line with the complexity of the observations made. In summary, the papers we present in this issue illustrate diverse scientific work and confirm the significant growth of disease ecology in the international research landscape. Climate change is accepted as an important driver of infectious disease emergence and spread for humans, wildlife, and domestic animals (Mora et al. 2022). However, there is considerable controversy as to whether climate change operates directly on the ecology of host–pathogen interactions (Franklinos et al. 2019, Casadevall 2020) or whether it intervenes more indirectly by exacerbating prevailing environmental, socioeconomic, or political conditions (Guégan et al. 2023b). In a disease–biogeography study based on field observations, entitled Climate change linked to vampire bat expansion and rabies virus spillover, Van de Vuurst and collaborators (Van de Vuurst et al. 2023) report the impacts of global warming on the distributional range and expansion of the common vampire bat, Desmodus rotundus, across the Americas over the last century. Through a cogent correlation-based statistical analysis, the authors document the gradual expansion of vampire-borne rabies virus outbreaks in cattle herds in the last 50 years of the multi-decadal study period. The results presented here confirm the numerous observations of vampire-borne rabies cases in livestock on the continent while situating it in a macroecological dimension and pathogeography research perspective (Murray et al. 2018). Then, Garcia-Carrasco and coauthors in an article, Present and future situation of West Nile virus in the Afro-Palaearctic pathogeographic system (Garcia-Carrasco et al. 2024), analyze the impacts of climate change on West Nile virus transmission and spread, a disease system that is highly sensitive to weather conditions and change. This virus is transmitted by insect vectors, genus Culex, and is also hosted by a wide range of bird species, making this zoonotic disease highly sensitive to climatic conditions. Using an innovative machine learning and fuzzy logic approach to model the effects of climate change scenarios for 2040 and 2070, this study evaluates the risk of West Nile virus outbreaks in two biogeographic regions, the Afrotropical and the Western Paleartic. They report that the Afro-Paleartic land masses could experience significant upsurges of epizootic and epidemic West Nile virus, with central and northern European regions at notable risk of disease expansion beyond the current distribution range. This study also confirms a broader comparative study on spillover risk in the context of climate change and wild species range shifts (Carlson et al. 2022). Next, Aliaga Samanez and colleagues, in their article Climate change is aggravating dengue and yellow fever transmission risk (Aliaga-Samanez et al. 2024), model dengue and yellow fever diseases, two severe human infectious diseases, considering for the first time urban and sylvatic vectors, and non-primate hosts, to identify areas where climatic favourability for the two viral agents could change with global warming. Both viruses spilled over into human transmission and were translocated in many regions, opening a path for spillback onto sylvatic cycles mainly for yellow fever (Santos de Abreu et al. 2022, Tuells et al. 2022) and DENV-2 serotype (Hanley et al. 2024). Using the same methodological framework as for previous studies, they obtain projections of future transmission risk for dengue and yellow fever and show that global favourability could increase by 10% for dengue and 7% for yellow fever, providing details of regions and subregions at particular risk for each disease. Furthermore, pathogeographical patterns of viral transmission are discussed in light of both vector and non-human primates' geographical distribution and potential range shifts. Projections of disease spread scenarios within the current context of climate change become particularly relevant since these changes disrupt ecological equilibria among vectors, host reservoirs, and human populations. These three examples illustrate the application of disease ecology and biogeography tools to assess the risk of infectious diseases and anticipate their future spread. Human activities modify, either directly or indirectly, the environments in which host–pathogen interactions take place (Lindahl and Grace 2015), leading to more encounters with reservoirs (Rhyan and Spraker 2010) or changes in the natural dynamics of complex multi-species systems (Hassell et al. 2017). In this section, contributors to the Special Issue investigate how habitat alterations and loss can reshape the risk of disease transmission or emergence. Among the drivers that disease emergence and biodiversity loss share, land use features prominently. In their contribution, García-Peña and Rubio (2024) investigate how reservoirs of pathogenic and non-pathogenic New World Hantaviruses (NWH) respond to disturbances alongside a continent-wide gradient going from primary forest to agriculture. Through multivariate analysis, their results suggest that the prevalence of hosts is increased in rangelands and agricultural landscapes, corroborating global comparative studies exploring drivers of spillover transmission from rodent hosts (Ecke et al. 2022). Increased chances of encountering NWH reservoirs in agricultural lands suggest that ongoing widespread reconversion of the forest into cropland, such as the Brazilian Amazon (Morton et al. 2006), may increase the burden of infectious disease. Remarkably, this analysis also highlights a potential hotspot for reservoirs of NWH in northern Canada, a prediction that is well-supported in, for example, the case records of infections of humans by Sin Nombre virus since 1993 (Warner et al. 2020). The question of how much habitat degradation will reshape the global risk of zoonotic diseases is, likewise, the core of the contribution by (Heckley et al. 2023). Through a meta-analysis of neotropical bat prevalence and seroprevalence, they examine the consequences of various classes of habitat degradation (including forest loss) on infection dynamics. Although sampling biases led to an over-representation of data on D. rotundus and rabies virus (see also Van de Vuurst et al. 2023 in this issue), they report that the highest prevalences (above 50%) were only observed in regions with the greatest extents of forest loss in the year before sampling. Identifying these potential causal mechanisms linking habitat degradation to zoonotic disease spillover is critical for more accurate prediction (Plowright et al. 2017, Mahon et al. 2024). The strength of the study by Heckley et al. (2023) is to show how diffuse these effects can be, even within relatively well-described systems (bats in the Neotropics). One possible explanation is that seasonal dynamics (Kessler et al. 2018) can profoundly change the landscape hosts experience, and these intra-annual variations can only be captured with a significantly larger amount of data. In their contribution, Teitelbaum et al. (2024) look at how wild waterfowl interact with domestic poultry farms and how variations in these interactions shape the risk of transmission of avian influenza. The data used in this study (GPS data at the individual scale for over 400 individuals of ten species) offer a high-resolution view of space, time, and taxonomy; this allows for developing an appreciation of the risk of avian influenza transmission at a very fine scale. Different species of wild waterfowl used the habitats provided by domestic poultry farms at different rates, both across day/night and seasonal changes. Coupled with changes in abundance and influenza prevalence, the (multiplicative) interactions between these factors led to substantial changes in transmission risk, even within the relatively homogeneous study environment of California's Central Valley. These studies highlight the challenges of understanding how habitat alteration will reshape the risk associated with disease. Because the ecological processes linking species (and species interactions) to their habitats play out over heterogeneous space and time, the amount of data required to draw general conclusions remains the main obstacle. Advances in Earth Observation through, e.g. remote sensing or the increased availability of high-resolution data with GPS collars are likely to provide good data to generalize our understanding of these questions in the coming years. In this section, the authors illustrate the inherent complexity in host–pathogen or host–symbiont interactions. Indeed, a microbe cannot cause disease on its own without a host (Casadevall and Pirofski 2014). Still, this host–pathogen interaction is also mediated by the relationships it may maintain with other host and non-host species and with abiotic and biotic environmental conditions. Disease is one of several possible outcomes of an interaction between a host and a microbe, and this section also proposes research on host–symbiont relationships. A first contribution by Clark and contributors entitled Aggregation of symbionts on hosts depends on interaction type and host traits analyzes aggregation patterns in both barnacle–limpet and gill helminth–poecilid fish associations (Clark et al. 2023). The aggregation of symbionts and parasites among hosts is a near-universal pattern, and it also has important consequences for the stability of host–parasite associations and disease impacts (Morrill et al. 2022). Identifying which potential drivers are contributing to levels of observed aggregation in these systems has always been a pillar of parasitological ecology, the precursor of what would become disease ecology. This research has also contributed to developing high-performance biostatistical methods, another feature of disease ecology (McVinish and Lester 2020, Lester and Blomberg 2021). Using null models to analyze aggregation patterns in the two Clark et al. (2023) show that aggregation of on with observed across depending on across fish were less by with aggregation with host fish The authors that processes can account for the aggregation of symbionts on their hosts but not the levels of aggregation observed in host–parasite interactions for which host traits may to aggregation In a macroecological and colleagues a gradient for a of parasite that not to the of accepted interactions the et al. 2023). Using bird species communities within different on a gradient of to across they show that while of interactions, i.e. i.e. including of host–parasite interactions and host phylogenetic on the this study the the that each a more range of bird species, infections are more among bird species in In to providing a critical ecological species this work also zoonotic viral infections in et al. 2024). It also to a in disease ecology of comparative studies of non-human systems to human host–pathogen interactions. In ecology is understanding complex systems and their dynamics, and disease ecology integrates host–pathogen interactions to their and in host–pathogen equilibria and infectious transmission including to and contribution to this issue the origin of virus in an ecosystem-based approach et al. 2024). of virus linked to to be the hosts, this study the that factors from species, their spatial habitat and play in virus disease Using path and different path it that the factors most associated with previous virus outbreaks are spatial habitat for and the diversity of in the Furthermore, species including and several other bat species richness, are good of local virus but not zoonotic studies et al. have the of understanding the of various species and the disturbances natural and their biodiversity This beyond what is as the current research In a and colleagues propose a research work entitled of outbreaks in an population et al. 2024). and infections are factors the population dynamics of wild animals et al. et al. The is and species a spatial distribution and from and disease et al. (2024) show that by is for outbreaks in the and by a effects are severe and affect and This case study also that of can be but only in the for complex systems with species et al. for another In the last of this section, and colleagues propose a study entitled and temporal in patterns of wild and for disease et al. 2024), in which they analyze animal patterns based on wild individuals to identify disease transmission and potential on wild animal and their situation is et al. 2024), and this work to the Using an of with individuals by a diseases, this work that the an increase in range and geographic between and between and These conditions transmission of the and to transmission livestock are One of the of this study is to propose systems of to assess disease risk in the most regions and in the research (Guégan 2024). The section of this special issue with interactions in are a global to plant biodiversity and and can have effects on a range of ecosystem et al. As plant is a core in 2010) and human more these highlight how relevant interactions are to the disease In their contribution spatial and the presence of hosts the population of the pathogen and the of et al. (2024) investigate how changes the effects of climate habitat and host species species from the the pathogen is transmitted a the This causes an for the distribution of the as the range of required abiotic factors is particularly and biotic distribution of the This situation is not to and systems the where the risk of transmission is by climatic and the et al. 2015). et al. (2024) much of the same in their entitled host and pathogen forest disease distribution at a but how different pathogen species and interact with their host and the Although both diseases cause effects they report of in by which pathogen the impact on in more in and and in In to their different environmental these two pathogens are likely to in the they use within the host at the and The of these factors in a in the drivers of forest within the study the host–pathogen interaction by local even both pathogens were This is an as it highlights the to how may be mediated (and its by environmental conditions. In the of this special issue, effects of and land use on and pathogen prevalence in et al. (2023) study the effects between and land use on the biotic interactions between and in the context of the emergence of a insect can be transmitted et al. 2023) and may to infections by the genus et al. 2024). In the the authors report that the prevalence of the pathogen is not of its spread but within the Although communities with more diverse interactions and more to show a prevalence, this only this is an that to future of how the of interactions within communities can shape the potential for A from this article is that several causal relationships may only become temporal is this the for temporal data that would several to these complex temporal interactions. The interdisciplinary field of disease ecology has significantly over the past 15 years, as a distinct discipline within ecology and This special issue of Ecography the of understanding the ecological and dynamics of diseases, the interactions between hosts, and their The studies presented the diverse and of research that disease ecology, such as climate habitat and the complex of ecological and disease The from this special issue suggest several areas research in disease ecology climate models with data on ecological interactions to disease dynamics environmental conditions. studies are likely to from studies disease patterns over time, which are essential for and interdisciplinary research that molecular genetics, epidemiology, and ecological will our understanding of disease an approach will innovative for disease and and for environmental for by our understanding of in disease to research on the ecology, and will be critical for spillover transmission to humans as human activities impact natural and, a biogeography and pathogeography of infectious have a significant loss of over the last years in human and veterinary It is very common in the medical to of ecological studies to the of which in are not with the of analysis At the of this the of changes in spatial and temporal and which are concerns for in have been to relevant spatial and temporal scales at which environmental conditions impact ecological patterns and processes in ecology 2024), but this is less common in disease ecology et al. but et al. 2020, et al. 2022). spatial scales of are in host–disease interactions, but they in both theoretical and The the is of relationships relationships depending on different disease transmission land or spatial scales. spatial in scales of can on at scales of making that host–pathogen interactions and changes can be by changes in human development at local scale because these are and and by climatic and climate change at at which these can be i.e. the et al. for an on human in This also an important issue data since biotic and human and data at scales and at scales abiotic e.g. We disease ecologists this research in to host–pathogen and also interactions at scales of and their ecological and This will disease ecology to be in veterinary and and by that are either or and to play a in the of animal and Disease ecology is for growth and impact in a where change is at scale. The in our field will be by the to and take to the complex challenges of infectious This special issue highlights the current of across numerous systems and and the for future research to the of interactions that disease ecology. This work by the and of Disease to and to also from an by de is by de de et de and is by to from the including and and by a for and from the The authors are not of or that be as the of this The authors The of the article is the of with by",2026-03-23
yes,UMA,W4406795585,https://doi.org/10.3390/f16020228,Assessment of Pine Tree Crown Delineation Algorithms on UAV Data: From K-Means Clustering to CNN Segmentation,Ali Hosingholizade; Yousef Erfanifard; Seyed Kazem Alavipanah; Virginia García Millán; Miłosz Mielcarek; Saied Pirasteh; Krzysztof Stereńczak,Shaoxing University; Universidad de Málaga; University of Tehran; Saveetha University; Instytut Badawczy Leśnictwa,2025,6,True,https://www.mdpi.com/1999-4907/16/2/228/pdf?version=1737737091,Forests,en,"The crown area is a critical metric for evaluating tree growth and supporting various ecological and forestry analyses. This study compares three approaches, i.e., unsupervised clustering, region-based, and deep learning, to estimate the crown area of Pinus eldarica Medw. using UAV-acquired RGB imagery (2 cm ground sampling distance) and high-density point clouds (1.27 points/cm3). The first approach applied unsupervised clustering techniques, such as Mean-shift and K-means, to directly estimate crown areas, bypassing tree top detection. The second employed a region-based approach, using Template Matching and Local Maxima (LM) for tree top identification, followed by Marker-Controlled Watershed (MCW) and Seeded Region Growing for crown delineation. The third approach utilized a Convolutional Neural Network (CNN) that integrated Digital Surface Model layers with the Visible Atmospheric Resistance Index for enhanced segmentation. The results were compared against field measurements and manual digitization. The findings reveal that CNN and MCW with LM were the most effective, particularly for small and large trees, though performance decreased for medium-sized crowns. CNN provided the most accurate results overall, with a relative root mean square error (RRMSE) of 8.85%, a Nash–Sutcliffe Efficiency (NSE) of 0.97, and a bias score (BS) of 1.00. The CNN crown area estimates showed strong correlations (R2 = 0.83, 0.62, and 0.94 for small, medium, and large trees, respectively) with manually digitized references. This study underscores the value of advanced CNN techniques for precise crown area and shape estimation, highlighting the need for future research to refine algorithms for improved handling of crown size variability.",2026-03-23
yes,UMA,W4394623252,https://doi.org/10.1080/21622965.2024.2336019,Prediction of attention deficit hyperactivity disorder based on explainable artificial intelligence,Ignasi Navarro Sória; Juan Ramón Rico-Juan; Rocío Juárez-Ruiz de Mier; Rocío Lavigne-Cerván,Software (Spain); University of Alicante; Universidad de Málaga,2024,5,True,http://rua.ua.es/dspace/bitstream/10045/142338/5/Navarro-Soria_etal_2024_ApplNeuropsycholChild_preprint.pdf,Applied Neuropsychology Child,en,"Accurate assessment of Attention Deficit Hyperactivity Disorder (ADHD) is crucial for the effective treatment of affected individuals. Traditionally, psychometric tests such as the WISC-IV have been utilized to gather evidence and identify patterns or factors contributing to ADHD diagnosis. However, in recent years, the use of machine learning (ML) models in conjunction with post-hoc eXplainable Artificial Intelligence (XAI) techniques has improved our ability to make precise predictions and provide transparent explanations. The objective of this study is twofold: firstly, to predict the likelihood of an individual receiving an ADHD diagnosis using ML algorithms, and secondly, to offer interpretable insights into the decision-making process of the ML model. The dataset under scrutiny comprises 694 cases collected over the past decade in Spain, including information on age, gender, and WISC-IV test scores. The outcome variable is the professional diagnosis. Diverse ML algorithms representing various learning styles were rigorously evaluated through a stratified 10-fold cross-validation, with performance assessed using key metrics, including accuracy, area under the receiver operating characteristic curve, sensitivity, and specificity. Models were compared using both the full set of initial features and a well-suited wrapper-type feature selection algorithm (Boruta). Following the identification of the most suitable model, Shapley additive values were computed to assign weights to each predictor based on their additive contribution to the outcome and to elucidate the predictions. Strikingly, a reduced set of 8 out of the initial 20 variables produced results comparable to using the full feature set. Among the ML models tested, the Random Forest algorithm outperformed others on most metrics (ACC = 0.90, AUC = 0.94, Sensitivity = 0.91, Specificity = 0.92). Notably, the principal predictors, ranked by importance, included GAI - CPI, WMI, CPI, PSI, VCI, WMI - PSI, PRI, and LN. Individual case examples exhibit variations in predictions depending on unique characteristics, including instances of false positives and negatives. Our ML model adeptly predicted ADHD diagnoses in 90% of cases, with potential for further enhancement by expanding our database. Furthermore, the use of XAI techniques enables the elucidation of salient factors in individual cases, thereby aiding inexperienced professionals in the diagnostic process and facilitating comparison with expert assessments. It is important to note that this tool is designed to support the ADHD diagnostic process, where the medical professional always has the final say in decision-making.",2026-03-23
yes,UMA,W4388733597,https://doi.org/10.1002/eco.2604,"Combining UAV thermography, point cloud analysis and machine learning for assessing small‐scale evapotranspiration patterns in a tropical rainforest",Álvaro Cortés‐Molino; Alejandra Valdés‐Uribe; Florian Ellsäßer; Medha Bulusu; Joyson Ahongshangbam; Hendrayanto Hendrayanto; Dirk Hölscher; Alexander Röll,University of Twente; IPB University; University of Helsinki; Universidad de Málaga; University of Göttingen,2023,3,True,https://onlinelibrary.wiley.com/doi/pdfdirect/10.1002/eco.2604,Ecohydrology,en,"Abstract Microclimate and vegetation structure control evapotranspiration (ET) from land surfaces at stand and landscape scales. Tropical rainforests are among the most diverse and complex terrestrial ecosystems, harbouring vast plant and animal species throughout their dense multistory canopy. They contribute substantially to global precipitation through their high ET. However, there is little information about ET influences at very small spatial scales under given climatic conditions. In a tropical rainforest on Sumatra, we studied the relationship between pixel‐level ET as derived from high‐resolution (~10 cm), near‐surface thermography from an unmanned aerial vehicle (UAV) and canopy structure as derived from red–green–blue (RGB) image and three‐dimensional (3D) point cloud analyses. The 16 derived potential predictors encompassed vegetation height, height variability, vegetation density and reflectance variables. Using regression models, several of the studied variables had a significant linear relationship with ET, but the explained variance was only marginal. However, applying a random forest algorithm including forward feature selection and target oriented cross validation explained substantial parts of the pixel‐level variance in ET ( R 2 = 0.56–0.65), thus indicating multiple non‐linear relationships with interactions among predictor variables. Therein, green leaf index, leaf area density and vegetation height were often the most important variables for the prediction outcome, but their sequence varied among the four study plots. Overall, combining canopy structure variables derived from RGB photogrammetry explained relatively large parts of spatial ET variations. Our study thus indicates the large potential of combining UAV‐based thermography and photogrammetry techniques with machine learning approaches to better understand ET but also suggests that more work remains to be done in explaining ET patterns at very small spatial scales.",2026-03-23
yes,UMA,W4392699515,https://doi.org/10.21203/rs.3.rs-3992393/v1,Prediction of attention deficit hyperactivity disorder based on explainable artificial intelligence,Ignasi Navarro Sória; Juan Ramón Rico-Juan; Rocío Juárez-Ruiz de Mier; Rocío Lavigne-Cerván,University of Alicante; Universidad de Málaga,2024,3,True,https://www.researchsquare.com/article/rs-3992393/latest.pdf,Research Square (Research Square),en,"<title>Abstract</title> The aim of this study is to predict the probability being diagnosed with ADHD using ML algorithms and to explain the behavior of the model to support decision making. The dataset studied included 694 cases. Information was obtained on age, sex and WISC-IV scores. Algorithms belonging to different ML learning styles were tested. A stratified 10-fold-cross-validation was applied to evaluate the models. The metrics were used: accuracy, area under the receiver operating characteristic, sensitivity and specificity. We compared models using all initial features and a suitable wrapper-type feature selection algorithm. After, we calculated Shapley additive values to assign weights to each predictor based on its additive contribution to the outcome and explain the predictions. The Random Forest algorithm performed best on most metrics. The main predictors included, GAI-CPI, WMI, CPI, PSI, VCI, WMI - PSI, PRI and LN. The ML model adequately predicted ADHD diagnosis in 90% of cases.",2026-03-23
yes,UMA,W4413406176,https://doi.org/10.1016/j.indic.2025.100864,Propagating uncertainty in urban tree trait measurements to estimate socioeconomic inequities in ecosystem service accessibility: A machine learning and simulation framework,Jaime Pereña Ortiz; Ángel Enrique Salvo Tierra; Pablo Cozano‐Pérez; Ángel Ruiz‐Valero,Universidad de Málaga,2025,2,True,https://doi.org/10.1016/j.indic.2025.100864,Environmental and Sustainability Indicators,en,"Achieving Sustainable Development Goal 11 requires addressing inequities in access to ecosystem services provided by urban trees to ensure a fair distribution of environmental benefits across socioeconomic groups. Ecosystem services estimates based on urban forest inventories often face challenges related to missing data or traits recorded in numerical ranges. Measurement-level uncertainty, if unaccounted for, can lead to overly optimistic estimates and limit their utility for urban planning. This study presents a methodological framework for propagating uncertainty in ecosystem services estimation with i-Tree. The approach integrates machine learning models to impute missing data and employs copulas and Monte Carlo simulations to assess the impact of trait uncertainty on provision. These simulations are further incorporated into Bayesian Hierarchical Models to evaluate how trait uncertainty influences estimates of inequities in ecosystem services accessibility across socioeconomic groups at the census tract level. Results indicate substantial uncertainty in tree-level estimates, which decreases with increasing spatial scale due to the central limit theorem. Model findings reveal inequities in benefits accessibility across social groups, even after accounting for census tract tree density, unobserved covariates and spatial autocorrelation via random effects, and tree trait uncertainty. Higher-income areas with greater income inequality and lower proportions of minority ethnic populations tend to have greater access to ecosystem services. This study provides a replicable methodology applicable to urban tree inventories with similar data limitations and offers urban planners an analytical tool for designing targeted tree-planting strategies that promote equitable ecosystem services provision distribution and foster healthier, more resilient urban communities. • A framework for propagating uncertainty in missing data and tree trait ranges is proposed. • High uncertainty in ES provision is observed at tree and grid scales. • Uncertainty decreases at the census tract scale due to the central limit theorem. • Bayesian Hierarchical Model estimate inequities in accessibility to ES • Socioeconomic disparities limit ES access, affecting marginalized groups.",2026-03-23
yes,UMA,W4409199860,https://doi.org/10.1016/j.pnpbp.2025.111350,Exploratory study on plasma Acylglycerol and Acylethanolamide dysregulation in substance use and attention-deficit/hyperactivity disorder: Implications for novel biomarkers in dual diagnosis,María Flores-López; Jesús Herrera-Imbroda; Nerea Requena-Ocaña; Nuria García‐Marchena; Pedro Araos; Julia Verheul-Campos; Juan Jesús Ruiz; Antoni Pastor; Rafael de la Torre; Antonio Bordallo; Francisco Javier Pavón; Fernando Rodrı́guez de Fonseca; Antonia Serrano,Hospital Regional Universitario de Málaga; Universidad de Málaga,2025,1,True,https://doi.org/10.1016/j.pnpbp.2025.111350,Progress in Neuro-Psychopharmacology and Biological Psychiatry,en,"Substance use disorder (SUD) is a major global public health challenge, frequently co-occurring with psychiatric conditions such as attention-deficit/hyperactivity disorder (ADHD). Endocannabinoid system (ECS) dysregulation has been implicated in both SUD and ADHD, but the interplay between these conditions remains poorly understood. This study investigates plasma concentrations of endocannabinoid-congeners in individuals with SUD, with and without comorbid ADHD, to identify potential biomarkers. This exploratory study included 469 participants divided into three groups: (1) healthy controls (n = 136), (2) patients with SUD without ADHD (n = 267), and (3) patients with SUD and comorbid ADHD (n = 66). Plasma concentrations of 12 endocannabinoid-related molecules, including acylglycerols (2-AG, 2-LG, 2-OG) and acylethanolamides (AEA, DEA, DHEA, DGLEA, LEA, OEA, PEA, POEA, and SEA), were quantified using high-performance liquid chromatography-mass spectrometry (HPLC-MS/MS). A multinomial Elastic Net regression model was applied to assess their biomarker potential. Patients with SUD exhibited significantly lower plasma concentrations of 2-AG and 2-LG compared to controls, while most acylethanolamides were elevated, except for POEA and SEA. ADHD comorbidity was associated with lower concentrations of 2-AG, 2-LG, AEA, DGLEA, DHEA, and SEA, while PEA was elevated. Machine learning analysis identified AEA, OEA, PEA, and SEA as key biomarkers, achieving an accuracy of 72.1 % and an ROC-AUC of 0.77. This study suggests distinct ECS alterations in SUD and comorbid ADHD, highlighting endocannabinoid-congeners as potential biomarkers. Future research should validate these findings in larger cohorts and explore ECS-targeted therapeutic interventions for dual-diagnosis populations.",2026-03-23
yes,UMA,W7122775556,https://doi.org/10.1038/s41591-025-04126-3,Interpretable inflammation landscape of circulating immune cells,Laura Jiménez-Gracia; Davide Maspero; Sergio Aguilar-Fernández; Francesco Craighero; Maria Boulougouri; Max Ruiz; Domenica Marchese; Gin Caratù; José Liñares-Blanco; Miren Berasategi; Ricardo O. Ramirez Flores; Ángela Sanzo-Machuca; Hoang Anh Tran; Hoang A. Tran; Rachelly Normand; Jacquelyn Nestor; Yourae Hong; Tessa Kole; Petra van der Velde; Flaminia Pedretti; Adrià Aterido; Adrià Aterido; Martin Banchero; Eva Román; Eva Román; M. Van den Berge; Azucena Salas; JM Carrascosa; Antonio Fernández. Nebro; Eugeni Domènech; Juan D. Cañete; J.D. Tornero; Javier P. Gisbert; Ernest Choy; G. Girolomoni; Britta Siegmund; Antonio Julià; Violeta Serra; James Emery; Sabine Tejpar; Silvia M. Vidal; M Nawijn; Davide Piscia; Julio Saez-Rodriguez; Sara Marsal; Alexandra-Chloé Villani; Juan C. Nieto; Holger Heyn,Hospital Universitario de La Princesa; Centro Nacional de Análisis Genómico; Hospital Universitario de Guadalajara; KU Leuven; Charité - Universitätsmedizin Berlin; Cardiff University; Universidad Autónoma de Madrid; University of Groningen; University Medical Center Groningen; University of Verona; Hospital Universitari Germans Trias i Pujol; Instituto de Salud Carlos III; European Bioinformatics Institute; Universidad de Granada; Humboldt-Universität zu Berlin; Rafael Advanced Defense Systems (Israel); Instituto de Investigación Biomédica de Málaga; Universitat de Barcelona; Sociedad Española de Trombosis y Hemostasia; École Polytechnique Fédérale de Lausanne; Consorci Institut D'Investigacions Biomediques August Pi I Sunyer; Massachusetts General Hospital; Hospital Regional Universitario de Málaga; Universitat de Vic - Universitat Central de Catalunya; Vall d'Hebron Institut de Recerca; Universidad de Málaga; Harvard University; Broad Institute; University Hospital Heidelberg; Centro de Investigación en Red en Enfermedades Cardiovasculares; Centro de Investigación Biomédica en Red de Enfermedades Hepáticas y Digestivas; Heidelberg University; Hospital de Sant Pau; Vall d'Hebron Institute of Oncology; Fundació Clínic per a la Recerca Biomèdica,2026,1,True,https://doi.org/10.1038/s41591-025-04126-3,Nature Medicine,en,"Inflammation is a biological phenomenon beneficial for homeostasis, but it is unfavorable if dysregulated. Although major progress has been made in characterizing inflammation in specific diseases, a global, holistic understanding is still elusive. This is particularly intriguing, considering its function for human health and the potential for modern medicine if fully deciphered. In this study, we leveraged advances in single-cell transcriptomics to delineate inflammatory processes of circulating immune cells during infection, immune-mediated inflammatory diseases and cancer. Our single-cell atlas of more than 6.5 million peripheral blood mononuclear cells from 1,047 patients (56% female, 43% male) and 19 diseases allowed us to learn a comprehensive model of inflammation in circulating immune cells. The atlas expands current knowledge of the biology of inflammation of immune-mediated diseases, acute and chronic inflammatory diseases, infections and solid tumors and lays the foundation to develop a disease classification framework using unsupervised as well as explainable machine learning. Beyond a disease-centered analysis, we charted altered activity of inflammatory molecules in peripheral blood cells, depicting discriminative inflammation-related genes to further understand mechanisms of inflammation. We present a rich resource for the community and lay the groundwork for learning a classifier for inflammatory diseases, presenting cells in circulation as living biomarkers.",2026-03-23
yes,UMA,W2944673559,https://doi.org/10.1111/1751-7915.13424,Microbiomes as the new keystone for life sciences development,Zulema Udaondo; Carlos Molina‐Santiago,"University of Arkansas for Medical Sciences; Consejo Superior de Investigaciones Científicas; Instituto de Hortofruticultura Subtropical y Mediterránea ""La Mayora""; Universidad de Málaga",2019,0,True,https://sfamjournals.onlinelibrary.wiley.com/doi/pdfdirect/10.1111/1751-7915.13424,Microbial Biotechnology,en,"It has not been long since we abandoned the dogma asserting that all internal organs are sterile. In fact, all eukaryotic organisms are considered now as holobionts representing complex collaborations between the entire microbiome of each eukaryote and its innate cells. These dwellers are mainly found in specific ‘hot spots’ habitats that contain larger microbe concentrations such as the gut, mouth, skin, vagina and lung airways. All of these body sites possess fairly stable bacterial communities with their own distinctive taxonomic composition (Gilbert et al., 2018). Recent advances in the state of the art of DNA sequencing, the development of -omic technologies and the improvement of data analysis tools have enabled the microbiome research to become one of the most dynamic areas of research of our time (Schmidt et al., 2018) even changing our concept of eukaryotic organisms as ‘superorganisms’ (Segre and Salafsky, 2016; Kutschera, 2018). Although there is a widespread agreement about the important role that our microbial symbionts play in many aspects of our health and their link in many complicated syndromes as obesity (Turnbaugh and Gordon, 2009), Crohn's disease (Eckburg and Relman, 2007), Parkinson's disease, autism, depression (Knight et al., 2017), several metabolic disorders (Spencer et al., 2011) and even in our behaviour (Johnson and Foster, 2018), there is still a lack of knowledge on the definition of ‘normality’ or stable state of the microbial composition in each of its ecosystems (Costello et al., 2009). This is due to important features of the microbiomes in their colonization niches, as their taxonomic profiles and the relative abundances of each of the species, which differ across individuals and can even change over time (Califf et al., 2014). Besides humans, microbiome studies are also becoming popular in other species and different ecological niches, such as non-human mammals, fishes and marine environments. The methodology employed in all these studies, however, remains largely the same regardless of the host. Interesting examples of non-human microbial population studies are the works recently published in Microbial Biotechnology highlighting the implication of the imbalance of microbial flora from different anatomic sites with lesions and diseases (Huang et al., 2018), or the relatedness between changes in diet with changes in the microbiome in different species (Simons et al., 2018; Walburn et al., 2019). As stated above, linking changes in microbial communities with human diseases is a hot spot in microbial population studies. In this sense, the work done by Huang and colleagues (Huang et al., 2018) shows the importance of the lung microbial flora in mammals, and more specifically its relationship with lung's chronic lesions in swines. In this paper, authors firstly establish the bacterial communities found in healthy swine lungs, mainly dominated by Proteobacteria (47.3%), Firmicutes (23.8%) and Bacteroidetes (18.7%) phyla. Comparison with injured swine's lungs suggests a significant reduction of the microbial diversity and the implication of enriched bacterial species found in severe-lesion lungs, such as Mycoplasma hyopneaumoniae and Mycoplasma flocculare, in the development of lesions in this organ (Huang et al., 2018). As authors assert in this work, reduction of the microbial diversity has been associated with other human diseases such as cystic fibrosis, chronic obstructive pulmonary disease, Crohn's disease and irritable bowel syndrome. In addition to the remarkable advances emphasizing the importance of microbiomes in human and animal diseases, microbiomes are also attracting interest from economical and biotechnological points of view. Modulation of human and animal microbiomes by food and dietary supplements has been commonly observed in our society for many years claiming to ‘promote intestinal health’. Furthermore, efforts have been done in the aquaculture industry in an attempt to better understand economically valuable fish species and to improve fish growth and development. Examples of that are the investigations done by Simons et al. (2018) and Walburn et al. (2019) demonstrating the effect of diet in the microbial gut composition of oysters and measuring the changes in the microbial community of the intestine of Yellowtail Kingfish (Seriola lalandi) at different stages of development respectively. The work by Simons et al. (2018) addresses important questions such as the impact of the living microorganisms, present in the algal culture used as feedstock for feeding the Pacific oyster (Crassostrea gigas), in shaping the digestive bacterial community of the oyster, or in other words, what is more influential, prebiotics or probiotics? In this study, authors show that the dominant taxa in the oyster's faecal microbiome are distinct from the corresponding algal microbiomes used to feed the oyster, suggesting that the nutritional profile of the algal culture used as feedstock plays a more important role on the gut microbiome composition than the associated bacterial communities present in the algal culture. However, as expected, changes in diet show differences in oyster's faecal microbial populations, suggesting a direct relationship with the algal feed used in each diet. The study also suggests a role of the external environment in shaping the internal bacterial community, being likewise significantly different from that present on the algal feed used (Simons et al., 2018). However, studies performed by Walburn et al. (2019) focused in Yellowtail Kingfish gut microbiome, highlight the importance of microbes from diet as well as those present in the rearing water, during the first stages of the fish larvae development and growth, showing a direct involvement of both the feed-associated and environmental bacteria in the gut microbiome. Moreover, this study let to identify a core microbial community, mainly composed of Streptococcus, Enterococcus and Lactobacillus species, representing the 56% of the whole community, which seems to be stable at all developmental stages and, as stated in other studies, is related with healthy fish gut microbiome. On the other hand, stage-specific communities identified are related with changes in diet, from live feeds during the larvae stage to formulated pellets, thus suggesting that the composition of the gut microbiome of aquaculture animals may be influenced as well by the introduction of formulated feedstock, regardless of their age. Further analyses of gene function associated with the gut microbiome at the different stages of the fish larval development show changes in the levels of representation of different metabolic pathways which seems to be also related to changes in the nutritional profile associated to the different diets. An interesting note is, for example, the high representation of secondary metabolite pathways during the early larval stage of the Yellowtail Kingfish that would suggest a role of gut-associated microbes on the production of antibiotics that could protect the host against pathogenic invaders. The past decades can be considered as the golden era for microbiome research, and great progress has been done so far. The application of microbial population analyses has demonstrated promising prospects with therapeutic, agriculture and aquaculture applications to improve health and increase productivity in agriculture. Furthermore, new technologies and developments in the area of machine learning are being developed to provide a deeper insight into the chemistry of microbiomes and its link with dysbiosis diseases. Although it is not clear yet the direction of this correlation, there is no doubt nowadays that the microbiome research and its applications will change the way we live and will serve to improve our lives. We would like to thank Mike Robeson for their instructive and inspirational talks about microbiomes at UAMS. Zulema Udaondo is funded by the College of Medicine and the Department of Biomedical Informatics at UAMS, the Helen Adams & Arkansas Research Alliance Endowment. Carlos Molina-Santiago is contracted by the ERC Starting Grant (BacBio 637971). None declared.",2026-03-23
yes,UMA,W4387260246,https://doi.org/10.1002/uog.26324,OC01.04: Similarity network fusion to identify phenotypes of small‐for‐gestational‐age fetuses,Jezid Miranda; Cristina Paulés; Guillaume Noell; L. Youssef; Ángel Paternina‐Caicedo; F. Crovetto; N. Cañuellas; Maria Luisa García‐Martín; Núria Amigó; E. Eixarch; Rosa Faner; F. Figueras; Rui V. Simões; F. Crispi; E. Gratacós,"i3S - Instituto de Investigação e Inovação em Saúde, Universidade do Porto; University of Cartagena; Hospital Clínico Universitario Lozano Blesa; Consorci Institut D'Investigacions Biomediques August Pi I Sunyer; Universitat Rovira i Virgili; Centre for Biomedical Network Research on Rare Diseases; Institut de Recerca Biomèdica Catalunya Sud; Andalusian Centre for Nanomedicine and Biotechnology; Junta de Andalucía; Universidad de Málaga; Tulane University; Institute for Research in Biomedicine; Universitat de Barcelona; Institut d'Investigacions Biomèdiques de Barcelona",2023,0,True,https://onlinelibrary.wiley.com/doi/pdfdirect/10.1002/uog.26324,Ultrasound in Obstetrics and Gynecology,en,"To characterise the phenotypic variability of fetal smallness based on a combination of clinical characteristics, ultrasound and biomarkers using machine learning and to determine the predictive performance for adverse outcomes compared to the current clinical classification. Prospective cohort study. An unsupervised machine learning method was used to analyse 546 pregnancies with a confirmed birthweight < 10th centile by integrating clinical characteristics, angiogenic factors, ultrasound, and 1H-NMR based metabolomics. Data integration, cluster determination, and biological groups were performed. Finally, ROC curves were used to compare the diagnostic accuracy of SNF with the current clinical classification. Two molecular subtypes of small fetuses were identified: a high-risk cluster (A: 37,6%) and a low-risk group (B: 62,4%). Compared to cluster B, fetuses in cluster A debuted earlier, had a shorter gestational length and a specific metabolic signature, and presented higher rates of pre-eclampsia (55,1 vs. 8,9%, p < 0.001), perinatal deaths (6,94 vs. 0%, p < 0.001), and suboptimal neurodevelopment. Clusters generated by SNF significantly outperformed the current clinical classification in the prediction of adverse outcomes. Our approach can be leveraged to develop classification systems for FGR based on molecular and clinical signatures using machine learning rather than expert consensus. Please note: The publisher is not responsible for the content or functionality of any supporting information supplied by the authors. Any queries (other than missing content) should be directed to the corresponding author for the article.",2026-03-23
yes,UMA,W4394836292,https://doi.org/10.3390/s24082550,Flextory: Flexible Software Factory of IoT Data Consumers,Rafael López-Gómez; Laura Panizo; María del Mar Gallardo,Software (Spain); Universidad de Málaga,2024,0,True,https://www.mdpi.com/1424-8220/24/8/2550/pdf?version=1713264153,Sensors,en,"The success of the Internet of Things (IoT) has driven the development, among others, of many different software architectures for producing, processing, and analyzing heterogeneous data. In many cases, IoT applications share common features, such as the use of a platform or middleware, also known as message broker, that collects and manages data traffic between endpoints. However, in general, data processing is very dependent on the case study (sensors that send temperature data, drones that send images, etc.). Thus, the applications responsible for receiving and processing data, which we call consumers, have to be built ad hoc, since some of their elements have to be specially configured to solve specific needs of the case study. This paper presents Flextory, a software factory tool to make it easier for IoT developers to automatically construct configurable consumer applications, which we call FLEX-consumers. Flextory guides developers through the process of generating Java consumers by selecting some desired features such as, for instance, the particular communication protocol to be used. This way, the developer only has to concentrate on designing the algorithm to process the data. In short, the use of Flextory will result in consumer applications with configurable behavior, namely FLEX-consumers, that can connect to a messaging server (for example RabbitMQ) and process the received messages.",2026-03-23
yes,UMA,W7123357449,https://doi.org/10.3390/s26020525,Bioinformatics-Inspired IMU Stride Sequence Modeling for Fatigue Detection Using Spectral–Entropy Features and Hybrid AI in Performance Sports,Attila Biró; Levente Kovács; László Szilágyi,"Sapientia Hungarian University of Transylvania; Universitatea de Medicină, Farmacie, Științe și Tehnologie „George Emil Palade” din Târgu Mureș; Universidad de Málaga; Obuda University",2026,0,True,https://www.mdpi.com/1424-8220/26/2/525/pdf,Sensors,en,"Wearable inertial measurement units (IMUs) provide an accessible means of monitoring fatigue-related changes in running biomechanics, yet most existing methods rely on limited feature sets, lack personalization, or fail to generalize across individuals. This study introduces a bioinformatics-inspired stride sequence modeling framework that integrates spectral-entropy features, sample entropy, frequency-domain descriptors, and mixed-effects statistical modeling to detect fatigue using a single lumbar-mounted IMU. Nineteen recreational runners completed non-fatigued and fatigued 400 m runs, from which we extracted stride-level features and evaluated (1) population-level fatigue classification via global leave-one-participant-out (LOPO) models and (2) individualized fatigue detection through supervised participant-specific models and non-fatigued-only anomaly detection. Mixed-effects models revealed robust and multidimensional fatigue effects across key biomechanical features, with large standardized effect sizes (Cohen's d up to 1.35) and substantial variance uniquely explained by fatigue (partial R<sup>2</sup> up to 0.31). Global LOPO machine learning models achieved modest accuracy (55%), highlighting strong inter-individual variability. In contrast, personalized supervised Random Forest classifiers achieved near-perfect performance (mean accuracy 97.7%; mean AUC 0.997), and NF-only One-Class SVMs detected fatigue as a deviation from individual baseline patterns (mean AUC 0.967). Entropy and stride-to-stride variability metrics further demonstrated consistent fatigue-linked increases in movement irregularity and reduced neuromuscular control. These findings show that IMU stride sequences contain highly informative, fatigue-sensitive biomechanical signatures, and that combining bioinformatics-inspired sequence analysis with hybrid statistical and personalized AI models enables both robust population-level insights and highly reliable individualized fatigue monitoring. The proposed framework supports future integration into sports analytics platforms, digital coaching systems, and real-time wearable fatigue detection technologies. This highlights the necessity of personalized fatigue-monitoring strategies in wearable systems.",2026-03-23
yes,UMA,W7124843487,https://doi.org/10.21203/rs.3.rs-8455214/v1,Prospective Germline Exome and Machine Learning-Based Risk Score Identify Predictive and PrognosticBiomarkers of Immunotherapy Outcomes in Advanced Non-Small Cell Lung Cancer,Andrea González-Hernández; Alberto Ríos; Juan Luis Onieva; Alexandra Cantero; Marina Rivero-Aguilar; Guillermo Paz-López; Antonio Rueda-Dominguez; María Garrido-Barros; Beatriz Martínez-Gálvez; Juan Manuel López Zafra; L.C. Figueroa-Ortiz; Elísabeth Pérez-Ruiz; José Carlos Benítez; Isabel Barragán; Javier Oliver,Hospital Clínico Universitario Virgen de la Victoria; Instituto de Estudios Avanzados; Hospital Regional Universitario de Málaga; Universidad de Málaga; Instituto de Investigación Biomédica de Málaga,2026,0,True,https://www.researchsquare.com/article/rs-8455214/latest.pdf,,,"<title>Abstract</title> <bold>Background:</bold> Immune checkpoint inhibitors (ICIs) have transformed the treatment landscape of advanced non-small cell lung cancer (NSCLC). However, a substantial proportion of patients do not experience durable clinical benefits, and established tumour biomarkers, such as PD-L1 expression and tumour mutational burden, often show limited predictive value. The potential of inherited germline variants to predict immunotherapy outcomes in NSCLC remains a critical and underexplored area. <bold>Methods:</bold> We prospectively enrolled 117 patients with advanced NSCLC treated with ICI-based regimens at two centres in Spain. Germline whole-exome sequencing (WES) was performed on pretreatment blood samples. Exonic and intronic variants were annotated and integrated with comprehensive clinical data. We applied XGBoost and LASSO machine learning models to identify predictive germline variants and clinical features, and subsequently trained them to predict treatment response and progression-free survival (PFS). This approach produced a novel clinical–germline risk score, generating both a global model and a specific model for the lung adenocarcinoma (LUAD) histological subtype. <bold>Results:</bold> XGBoost significantly outperformed penalised regression (LASSO), achieving a robust cross-validated area under the curve (AUC) of 0.845 for predicting treatment response in the validation cohort. Our models identified several novel germline loci that were significantly associated with immunotherapy outcomes. Variants in <italic>SLC6A16</italic> , <italic>SIGLEC11</italic> , <italic>PDE4E</italic> , and <italic>OR10H5</italic> were associated with reduced PFS, whereas variants in <italic>CCZ1B</italic> and <italic>PHLDB1</italic> were associated with extended PFS. Lymph node metastasis was confirmed as the sole independent clinical predictor of poor response (OR 2.07, P=0.008). A predictive algorithm that included these individual variables generated a clinical–germline risk score that successfully stratified patients into high- and low-risk groups with markedly different median PFS (low-risk: 18 months vs. high-risk: 7 months, log-rank P &lt; 0.001), retaining discriminatory power across histological subgroups. <bold>Conclusions:</bold> The integration of specific germline variants as the output of advanced machine learning analysis of the exome with key clinical features provides accurate and novel predictive information for immunotherapy in NSCLC. This approach not only uncovers new genetic biomarkers but also supports the clinical adoption of composite risk scores for personalised precision immunotherapy, paving the way for improved patient selection and stratification.",2026-03-23
yes,UMA,W3177677649,https://doi.org/10.3390/s21144695,Impact of Visual Design Elements and Principles in Human Electroencephalogram Brain Activity Assessed with Spectral Methods and Convolutional Neural Networks,Francisco E. Cabrera; Pablo Sánchez-Núñez; Gustavo Vaccaro; José Ignacio Peláez; Javier Escudero,Instituto de Investigación Biomédica de Málaga; University of Edinburgh; Universidad de Málaga,2021,6,True,https://doi.org/10.3390/s21144695,Sensors,en,"The visual design elements and principles (VDEPs) can trigger behavioural changes and emotions in the viewer, but their effects on brain activity are not clearly understood. In this paper, we explore the relationships between brain activity and colour (cold/warm), light (dark/bright), movement (fast/slow), and balance (symmetrical/asymmetrical) VDEPs. We used the public DEAP dataset with the electroencephalogram signals of 32 participants recorded while watching music videos. The characteristic VDEPs for each second of the videos were manually tagged for by a team of two visual communication experts. Results show that variations in the light/value, rhythm/movement, and balance in the music video sequences produce a statistically significant effect over the mean absolute power of the Delta, Theta, Alpha, Beta, and Gamma EEG bands (<i>p</i> < 0.05). Furthermore, we trained a Convolutional Neural Network that successfully predicts the VDEP of a video fragment solely by the EEG signal of the viewer with an accuracy ranging from 0.7447 for Colour VDEP to 0.9685 for Movement VDEP. Our work shows evidence that VDEPs affect brain activity in a variety of distinguishable ways and that a deep learning classifier can infer visual VDEP properties of the videos from EEG activity.",2026-03-23
yes,UMA,W3016966174,https://doi.org/10.3390/sym12040649,A Study of the Use of Gyroscope Measurements in Wearable Fall Detection Systems,E. Casilari; Moisés Álvarez-Marco; Francisco García-Lagos,Universidad de Málaga,2020,62,True,https://www.mdpi.com/2073-8994/12/4/649/pdf?version=1587376411,Symmetry,en,"Due to the serious impact of falls on the quality of life of the elderly and on the economical sustainability of health systems, the study of new monitoring systems capable of automatically alerting about falls has gained much research interest during the last decade. In the field of Human Activity Recognition, Fall Detection Systems (FDSs) can be contemplated as pattern recognition architectures able to discriminate falls from ordinary Activities of Daily Living (ADLs). In this regard, the combined application of cellular communications and wearable devices that integrate inertial sensors offers a cost-efficient solution to track the user mobility almost ubiquitously. Inertial Measurement Units (IMUs) typically utilized for these architectures, embed an accelerometer and a gyroscope. This paper investigates if the use of the angular velocity (captured by the gyroscope) as an input feature of the movement classifier introduces any benefit with respect to the most common case in which the classification decision is uniquely based on the accelerometry signals. For this purpose, the work assesses the performance of a deep learning architecture (a convolutional neural network) which is optimized to differentiate falls from ADLs as a function of the raw data measured by the two inertial sensors (gyroscope and accelerometer). The system is evaluated against on a well-known public dataset with a high number of mobility traces (falls and ADL) measured from the movements of a wide group of experimental users.",2026-03-23
yes,UMA,W4388260481,https://doi.org/10.1016/j.engappai.2023.107365,"MachNet, a general Deep Learning architecture for Predictive Maintenance within the industry 4.0 paradigm",Jesús Alberto; José-Raúl Ruiz-Sarmiento; Javier González-Jiménez,Universidad de Málaga,2023,23,True,https://doi.org/10.1016/j.engappai.2023.107365,Engineering Applications of Artificial Intelligence,en,"In the Industry 4.0 era, a myriad of sensors of diverse nature (temperature, pressure, etc.) is spreading throughout the entire value chain of industries, being potentially exploitable for multiple purposes, such as Predictive Maintenance (PdM): the just-in-time maintenance of industrial assets, which results in reduced operating costs, increased operator safety, etc. Nowadays, industrial processes require to be highly configurable, in order to proactively adapt their operation to diverse factors such as user needs, product updates or supply chain uncertainties. This limits current Industry 4.0-PdM solutions, typically consisting of ad-hoc developments intended for specific scenarios, i.e. they are designed to operate under certain conditions (configurations, employed sensors, etc.), being unable to manage changes in their setup. This paper presents a general Deep Learning (DL) architecture, MachNet, which deals with such heterogeneity and is able to address PdM problems of a diverse nature. The modularity of the proposed architecture enables it to deal with an arbitrary number of sensors of different types, also allowing the integration of prior information (age of assets, material type, etc.), which clearly affects performance and is often neglected. In practice, our architecture effortlessly adapts to the assets’ specifications and to different PdM problems. That is, MachNet becomes an architectural template that can be instantiated for a given scenario. We tested our proposal in two different PdM-related problems: Health State (HS) and Remaining-useful-Life (RuL) estimation, achieving in both cases comparable or superior performance to other state-of-the-art approaches, with the additional advantage of the generality that MachNet offers.",2026-03-23
yes,UMA,W2810290220,https://doi.org/10.24310/ijne1.1.2018.4469,Propuesta de un marco educativo para una sociedad sostenible,Juan Antonio Segura Checa,Universidad de Málaga,2018,1,True,http://www.revistas.uma.es/index.php/NEIJ/article/download/4469/4683,International Journal of New Education,es,"Society has long been tracing a path that it is incompatible with the preservation of healthy natural ecosystems. This behavior is characterized by an anthropocentric view of our place in the biosphere, that it is implicit in the very definition of the sustainability concept. In addition, a consumerist social paradigm deepens in our unsustainable behavior. In order to take the sustainability path it would be necessary to act upon both attributes of our society, favoring an ecocentric view of our place in the biosphere and taking over the consumerist paradigm shift. In this article it is proposed that those changes are only possible through education, and its aim is to endorse people with the skills, attitudes and values necessary to identify the societal problems as self problems and undertake the necessary transformations. To achieve this, it is proposed an educational framework, constituted by axioms that are implemented under an epistemological and ethical umbrella, that promotes the design of the necessary educational actions. The axioms have been designed with the intention of awakening students' environmental awareness, their social participation, gender cooperation and the rational use of technology. In this process it is proposed the functional logic of complex systems as the basis of an epistemology that will contribute to knowledge acquisition. This will lead to a deep learning, in opposition to a surface learning characteristic of today’s education, and to a correct interpretation of the designed educational experiences. Finally, it would be necessary to accept a non-discriminating humanitarianism ethic that will assign intrinsic values to the natural environment. This axiomatic, epistemological and ethical system will generate educational experiences leading to a transforming deep learning, and compatible with a sustainable view of society.",2026-03-23
yes,UMA,W4414033595,https://doi.org/10.1177/14673584251376631,Unravelling consumer sentiments towards communicated health-safety and sustainability practices in hotels,Javier Pérez-Aranda; Denis Tolkach; Euijoon Ahn; Fang-Wei Chen,James Cook University; University of Algarve; Universidad de Málaga,2025,0,True,https://journals.sagepub.com/doi/pdf/10.1177/14673584251376631,Tourism and Hospitality Research,en,"COVID-19 pandemic has greatly impacted travel and hospitality industry. As hotels began to reopen after the initial lockdowns, many implemented new standards to reduce health risks. At the same time, travel recommender sites and accommodation booking websites introduced sustainability labelling and health and safety badges to help travellers book safe and sustainable accommodation options. This study investigates a 2,655 online hotel reviews from Costa del Sol region of Spain, collected between February 2020 and March 2021 to capture the full impact of the pandemic’s first year on tourism sector. Using a deep learning-based sentiment analysis combined with ANOVA, the study examines gest perceptions of hotels’ health and sustainability standards and explores their relationship with overall review scores. Additionally, the content of the reviews is analysed to identify emerging themes and associated sentiments. The findings indicate that although guests rarely mentioned health measures explicitly, these practices had a measurable impact on review scores. While the analysis of sustainability-related sentiments remains exploratory, preliminary results suggest that higher-category hotels (i.e., 4- or 5-star) are more likely to communicate a broader range of implemented sustainability, health, and safety practices. More research is needed to understand the evolving sentiment towards health and sustainability issues amongst hotel guests across various segments of travel and hospitality industry as wells as across cultures.",2026-03-23
yes,UMA,W7124877155,https://doi.org/10.1109/icaaic64647.2025.11331180,Next-Generation AI Systems: From Cognitive Models to Real-World Impact,Ragavamsi Davuluri; M Nagabhushana Rao; Gogineni Saikiran,Guizhou University; Universidad de Málaga,2025,0,False,,,,"AI Systems have become an important tool to solve complex problems in various areas such as healthcare, smart city's and autonomous systems. In this study we developed a Cognitive-AI Framework that is a method to increase the accuracy, the reliability and the ethical compliance in all these fields by integrating Deep learning (DL), Generative Modelling (GM), Neuro-Symbolic reasoning (NSR) and Reinforcement learning (RL) in one single Architecture to accomplish robust pattern recognition, synthetic data creation, logical decisions making, and adaptation of the optimal policies. All the data used was taken from references secondary data exclusively, therefore the methodology consists of data preparation, cognitive modeling of domain knowledge, generative scenarios simulations, neuro-symbolic fusion for the explainability of the results, and RL under safety constraints. Mechanisms of ethical oversight were included to guarantee the fairness and the responsibility during the whole process. Therefore, the framework was evaluated and showed that it is able to provide scalable, interpretable and trustworthy AI solutions for real-world applications with critical missions, thus contributing to the ethically responsible development of AI.",2026-03-23
yes,UMA,W4384024297,https://doi.org/10.1145/3583131.3590426,Semi-Supervised Learning with Coevolutionary Generative Adversarial Networks,Jamal Toutouh; Subhash Nalluru; Erik Hemberg; Una-May O’Reilly,Massachusetts Institute of Technology; Universidad de Málaga,2023,3,True,https://dl.acm.org/doi/pdf/10.1145/3583131.3590426,Proceedings of the Genetic and Evolutionary Computation Conference,en,"It can be expensive to label images for classification. Good classifiers or high-quality images can be trained on unlabeled data with Generative Adversarial Network (GAN) methods. We use coevolutionary algorithms with Semi-Supervised GANs (SSL-GANs) that work with a few labeled and some more unlabeled images to train both a good classifier and a high-quality image generator. A spatial coevolutionary algorithm introduces diversity into the GAN training. We use a two-dimensional grid of GANs to gain discriminator loss diversity with a distributed cell-level coevolutionary algorithm. The GAN components are exchanged between neighboring cells based on performance and population-based hyperparameter tuning. The approach is demonstrated on two separate benchmark datasets, and with only a few labels, we simultaneously achieve good classification accuracy and high generated image quality score. In addition, the generated image quality and classification accuracy are competitive to state-of-the-art methods.",2026-03-23
yes,UMA,W4412106293,https://doi.org/10.22541/au.175199254.45194201/v1,"SAFERNet: Channel, Positional, and Global Attention Fusion for Efficient RGB-T Segmentation in Disaster Robotics",Andrés Salas-Espinales; Ricardo Vázquez-Martín; Anthony Mandow,Universidad Técnica de Manabí; Universidad de Málaga,2025,1,True,https://www.authorea.com/doi/pdf/10.22541/au.175199254.45194201,,en,"Real-time RGB and thermal (RGB-T) fusion is vital for disaster robotics, where robots must navigate unstructured, hazardous environments under tight resource constraints. The main challenge is achieving precise scene understanding, especially at object boundaries, while ensuring computational efficiency for embedded deployment. This work proposes a novel Channel, Positional, and Global Attention (CPGA) fusion block for convolutional neural networks (CNNs) that enhances RGB-T fusion by integrating three complementary attention mechanisms: (i) channel attention for enhancing boundary-focused features, (ii) positional attention for capturing long-range spatial dependencies, and (iii) global attention for reducing redundant computation. Furthermore, we introduce SAFERNet (Spectral-Attentive Fusion for Emergency Response Network), a new RGB-T semantic segmentation architecture built on CPGA blocks. SAFERNet fuses RGB and thermal data across five hierarchical levels of dual ResNet backbones in an encoder-decoder configuration optimized for emergency scenarios. The model is benchmarked against state-of-the-art RGB-T segmentation networks using two publicly available urban scene datasets. Efficiency is assessed through real-time performance metrics—FLOPs (floating-point operations), FPS (frames per second), and PARAMS (parameter count)—in relation to segmentation fidelity. To emphasize applicability in disaster response, we further evaluate SAFERNet on a newly annotated subset of 135 images from the UMA-SAR disaster response dataset, featuring eleven semantic classes tailored for search-and-rescue (SAR) missions. An extensive ablation study evaluates the effects of backbone choices, attention modules, decoder setups, and hyperparameters. SAFERNet consistently balances accuracy and efficiency, making it well-suited for real-time deployment on autonomous robots in disaster scenarios. Code and annotated data are available at https://github.com/amsalase/CPGFANet.",2026-03-23
yes,UMA,W4413215088,https://doi.org/10.1145/3712255.3734362,Multi-population GAN Training: Analyzing Co-Evolutionary Algorithms,Walter P. Casas; Jamal Toutouh,Massachusetts Institute of Technology; Universidad de Málaga,2025,0,True,https://dl.acm.org/doi/pdf/10.1145/3712255.3734362?download=true,Proceedings of the Genetic and Evolutionary Computation Conference Companion,en,"Generative adversarial networks (GANs) are powerful generative models but remain challenging to train due to pathologies such as mode collapse and instability. Recent research has explored co-evolutionary approaches, in which populations of generators and discriminators are evolved, as a promising solution. This paper presents an empirical analysis of different coevolutionary GAN training strategies, focusing on the impact of selection and replacement mechanisms. We compare (μ, λ), (μ+λ) with elitism, and (μ+λ) with tournament selection coevolutionary schemes, along with a non-evolutionary population based multi-generator multi-discriminator GAN baseline, across both synthetic low-dimensional datasets (blob and gaussian mixtures) and an image-based benchmark (MNIST). Results show that full generational replacement, i.e., (μ, λ), consistently outperforms in terms of both sample quality and diversity, particularly when combined with larger offspring sizes. In contrast, elitist approaches tend to converge prematurely and suffer from reduced diversity. These findings highlight the importance of balancing exploration and exploitation dynamics in coevolutionary GAN training and provide guidance for designing more effective population-based generative models.",2026-03-23
yes,UMA,W4392122468,https://doi.org/10.1038/s41435-024-00260-z,Cytokine profiling and transcriptomics in mononuclear cells define immune variants in Meniere Disease,Marisa Flook; Elena Rojano; Alvaro Gallego‐Martinez; Alba Escalera‐Balsera; Patricia Perez‐Carpena; M Del Carmen Moleon; Rocío González‐Aguado; Victoria Rivero de Jesús; Emilio Domínguez‐Durán; Lidia Frejo; Juan A. G. Ranea; José A. López‐Escámez,Hospital Universitario Virgen de las Nieves; The University of Sydney; Instituto Nacional de Técnica Aeroespacial; Marqués de Valdecilla University Hospital; Instituto de Investigación Biosanitaria de Granada; Universidad de Granada; Centre for Biomedical Network Research on Rare Diseases; Hospital Clínic de Barcelona; UK Dementia Research Institute; Hospital Universitario Virgen Macarena; Instituto de Investigación de Enfermedades Raras; Universidad de Málaga; Centro de Investigación Biomédica en Red; University College London; Instituto de Investigación Biomédica de Málaga,2024,19,True,https://www.nature.com/articles/s41435-024-00260-z.pdf,Genes and Immunity,en,"Meniere Disease (MD) is a chronic inner ear disorder characterized by vertigo attacks, sensorineural hearing loss, tinnitus, and aural fullness. Extensive evidence supporting the inflammatory etiology of MD has been found, therefore, by using transcriptome analysis, we aim to describe the inflammatory variants of MD. We performed Bulk RNAseq on 45 patients with definite MD and 15 healthy controls. MD patients were classified according to their basal levels of IL-1β into 2 groups: high and low. Differentially expression analysis was performed using the ExpHunter Suite, and cell type proportion was evaluated using the estimation algorithms xCell, ABIS, and CIBERSORTx. MD patients showed 15 differentially expressed genes (DEG) compared to controls. The top DEGs include IGHG1 (p = 1.64 <mml:math xmlns:mml=""http://www.w3.org/1998/Math/MathML""><mml:mo>×</mml:mo></mml:math> 10<sup>-6</sup>) and IGLV3-21 (p = 6.28 <mml:math xmlns:mml=""http://www.w3.org/1998/Math/MathML""><mml:mo>×</mml:mo></mml:math> 10<sup>-3</sup>), supporting a role in the adaptative immune response. Cytokine profiling defines a subgroup of patients with high levels of IL-1β with up-regulation of IL6 (p = 7.65 <mml:math xmlns:mml=""http://www.w3.org/1998/Math/MathML""><mml:mo>×</mml:mo></mml:math> 10<sup>-8</sup>) and INHBA (p = 3.39 <mml:math xmlns:mml=""http://www.w3.org/1998/Math/MathML""><mml:mo>×</mml:mo></mml:math> 10<sup>-7</sup>) genes. Transcriptomic data from peripheral blood mononuclear cells support a proinflammatory subgroup of MD patients with high levels of IL6 and an increase in naïve B-cells, and memory CD8<sup>+</sup> T cells.",2026-03-23
yes,UMA,W7133185216,https://doi.org/10.64898/2026.02.27.708593,Explainable AI for end-to-end pathogen target discovery and molecular design,Álvaro Polonio; Alejandro Pérez-GarcÍa; Dolores Fernández-Ortuño; Lucia Jimenez-Castro,"Instituto de Hortofruticultura Subtropical y Mediterránea ""La Mayora""; Universidad de Málaga",2026,0,True,https://doi.org/10.64898/2026.02.27.708593,,,"Abstract Drug discovery is often constrained by target identification, a bottleneck especially acute in antimicrobial development and the fight against emerging fungicide resistance. We present APEX (Attention-based Protein EXplainer), an explainable AI framework for cross-species, proteome-scale target discovery and pocket-guided molecular design. APEX combines ESM-2 evolutionary embeddings, graph attention networks, and a multilayer perceptron to train pathogen-specific essentiality and virulence predictors (APEX-Tar) alonsgside a universal druggability model (APEX-Drug). Attention maps and GNNExplainer-derived subgraphs highlight residues and pockets driving predictions, enabling direct conditioning of structure-based diffusion models for inhibitor generation. APEX-Tar recovers known fungal targets (endopolygalacturonase 1, Hog1 MAPK) and proposes new candidates, including fungal GmrSD and bacterial YadV. APEX-Drug recapitulates established fungicide sites (β-tubulin, cytochrome b), guides putative inhibitor design for GmrSD, and identifies in YadV a previously undescribed pocket distinct from known pilicide sites. Together, APEX offers a kingdom-agnostic pipeline for explainable target prioritization and guided molecular design.",2026-03-23
yes,UMA,W4415587240,https://doi.org/10.21203/rs.3.rs-7270436/v1,AI-Driven Virtual Patient Simulations for Communication Training in Medical Students: A Pilot Study,Beatriz Zambrano-Serrano; Raquel Cueto-Galán; Alejandro Escamilla; Maria del Rocio Ramirez-Rodríguez; Nuria Sanchez-Corrales; Andrés Fontalba-Navas,Universidad de Málaga; MetaMetrics (United States),2025,0,True,https://www.researchsquare.com/article/rs-7270436/latest.pdf,,,"<title>Abstract</title> <bold>Background</bold> Effective communication is essential in medical practice, yet traditional training methods face limitations, including resource constraints, variability in instructional quality, and inconsistent feedback. Artificial Intelligence (AI)-driven tools provide scalable and interactive solutions for developing communication skills in a structured manner. This pilot study evaluated the feasibility and effectiveness of an AI-based virtual patient simulation tool for enhancing communication skills in medical students. Specifically, the study examined whether the tool would demonstrate high usability among participants and whether the AI-generated feedback would be perceived as clear, well-structured, and useful for the development of communication competencies. <bold>Methods</bold> A total of 102 medical students from the University of Málaga participated in a GPT-4-powered virtual patients’ interactions across two standardized clinical cases. Usability, satisfaction, and feedback quality were assessed via post-session surveys, Likert-scale ratings, and qualitative feedback. Statistical analyses included a binary logistic regression analysis that was conducted to examine whether gender influenced the perceived need for prior training before using the tool. <bold>Results</bold> Binary logistic regression revealed that gender was a significant predictor of perceived need for prior training. Women were significantly less likely than men to consider such training necessary (β = − 1.24, OR = 0.29, SE = 0.47, z = − 2.63, p = 0.008), indicating a 71% reduction in odds. Most participants (60.8%) reported no need for prior training, and 86% found the tool easy or too easy indicating high intuitive usability <bold>Conclusions</bold> Findings confirm the feasibility, high usability, and effectiveness of AI-driven virtual patient simulations, with significant differences in perceived feedback quality across dimensions. Further research should explore longitudinal skill retention, hybrid models integrating human-led debriefing, and AI-enhanced nonverbal communication analysis to refine AI-driven communication training, while addressing ethical concerns such as bias, misinformation, and the limitations of AI in providing emotionally contextualized feedback",2026-03-23
yes,UMA,W4328090755,https://doi.org/10.3233/ica-230706,Automated detection of vehicles with anomalous trajectories in traffic surveillance videos,José David Fernández-Rodríguez; Jorge García-González; Rafaela Benítez-Rochel; Miguel A. Molina‐Cabello; Gonzalo Ramos-Jiménez; Ezequiel López‐Rubio,Andalusian Centre for Nanomedicine and Biotechnology; Instituto de Investigación Biomédica de Málaga; Universidad de Málaga,2023,13,True,https://riuma.uma.es/xmlui/bitstream/10630/30222/3/ICAE_Automated_detection_preprint.pdf,Integrated Computer-Aided Engineering,en,"Video feeds from traffic cameras can be useful for many purposes, the most critical of which are related to monitoring road safety. Vehicle trajectory is a key element in dangerous behavior and traffic accidents. In this respect, it is crucial to detect those anomalous vehicle trajectories, that is, trajectories that depart from usual paths. In this work, a model is proposed to automatically address that by using video sequences from traffic cameras. The proposal detects vehicles frame by frame, tracks their trajectories across frames, estimates velocity vectors, and compares them to velocity vectors from other spatially adjacent trajectories. From the comparison of velocity vectors, trajectories that are very different (anomalous) from neighboring trajectories can be detected. In practical terms, this strategy can detect vehicles in wrong-way trajectories. Some components of the model are off-the-shelf, such as the detection provided by recent deep learning approaches; however, several different options are considered and analyzed for vehicle tracking. The performance of the system has been tested with a wide range of real and synthetic traffic videos.",2026-03-23
yes,UMA,W4309003552,https://doi.org/10.3390/s22228752,Dataset with Tactile and Kinesthetic Information from a Human Forearm and Its Application to Deep Learning,Francisco Pastor; Da‐hui Lin‐Yang; Jesús M. Gómez-de-Gabriel; Alfonso García-Cerezo,Universidad de Málaga,2022,6,True,https://www.mdpi.com/1424-8220/22/22/8752/pdf?version=1668576396,Sensors,en,"There are physical Human-Robot Interaction (pHRI) applications where the robot has to grab the human body, such as rescue or assistive robotics. Being able to precisely estimate the grasping location when grabbing a human limb is crucial to perform a safe manipulation of the human. Computer vision methods provide pre-grasp information with strong constraints imposed by the field environments. Force-based compliant control, after grasping, limits the amount of applied strength. On the other hand, valuable tactile and proprioceptive information can be obtained from the pHRI gripper, which can be used to better know the features of the human and the contact state between the human and the robot. This paper presents a novel dataset of tactile and kinesthetic data obtained from a robot gripper that grabs a human forearm. The dataset is collected with a three-fingered gripper with two underactuated fingers and a fixed finger with a high-resolution tactile sensor. A palpation procedure is performed to record the shape of the forearm and to recognize the bones and muscles in different sections. Moreover, an application for the use of the database is included. In particular, a fusion approach is used to estimate the actual grasped forearm section using both kinesthetic and tactile information on a regression deep-learning neural network. First, tactile and kinesthetic data are trained separately with Long Short-Term Memory (LSTM) neural networks, considering the data are sequential. Then, the outputs are fed to a Fusion neural network to enhance the estimation. The experiments conducted show good results in training both sources separately, with superior performance when the fusion approach is considered.",2026-03-23
yes,UMA,W4407092685,https://doi.org/10.3390/journalmedia6010019,Unmasking AI’s Role in the Age of Disinformation: Friend or Foe?,Livia García Faroldi; Laura Teruel Rodríguez; Sonia Blanco,Universidad de Málaga,2025,3,True,https://doi.org/10.3390/journalmedia6010019,Journalism and Media,en,"This study addresses public perception of the relationship between artificial intelligence (AI) and disinformation. The level of general awareness of AI is considered, and based on this, an analysis is carried out of whether it may favor the creation and distribution of false content or, conversely, the public perceive its potential to counteract information disorders. A survey has been conducted on a representative sample of the Andalusian population aged 15 and over (1550 people). The results show that over 90% of the population have heard of AI, although it is less well known among the eldest age group (78%). There is a consensus that AI helps to produce (86%) and distribute (84%) fake news. Descriptive analyses show no major differences by sex, age, social class, ideology, type of activity or size of municipality, although those less educated tend to mention these negative effects to a lesser extent. However, 54% of the population consider that it may help in combating hoaxes, with women, the lower class and the left wing having positive views. Logistic regressions broadly confirm these results, showing that education, ideology and social class are the most relevant factors when explaining opinions about the role of AI in disinformation.",2026-03-23
yes,UMA,W2144261413,https://doi.org/10.1016/s0895-7061(01)01952-5,RAS polymorphisms and angiotensin peptides plasma levels,Luis Morcillo,Wake Forest University; Hospital Doctor José Molina Orosa; Universidad de Málaga,2001,0,True,https://academic.oup.com/ajh/article-pdf/14/S1/149A/5646856/14_S1_149Ab.pdf,American Journal of Hypertension,en,"The aim of this study has been to analyse the influence of three polymorphisms of the Renin Angiotensin System (RAS), I/D from ACE, M235T from angiotensinogen and a1166c from AT1 receptor, on peptides plasma levels of Angiotensin I, II and 1-7 (AI, AII, A1-7). It was selected a homogeneous age population (m=20,67, SD=2,75) of 93 healthy subjects (43 men and 50 women). Peptides were separated by HPLC and quantified by RIA.Genotypes were determined by PCR and restriction enzyme analysis. No differences on peptides plasma levels were found between the nine genotypes in the whole population. However when the subjects were distributed by sex it was observed a significant (p<0.01) higher level of A1-7 in men than women (37.76 vs 26.04 pgr/mL) these differences were maintained in the ratios A1-7/AI and A1-7/AII . Between genotypes those men with T allele had significantly higher A1-7 levels than those with M allele of the angiotensinogen polymorphism. Women with DD genotype showed a non significant increase of AI and AII. Linear correlation between peptides shows significant values between AI/AII and AII/A1-7, but no correlation between AI/A1-7. There is a sexual dimorphism of A1-7 plasma levels. When the population is distributed by gender it can be noted that genotypes exert influences on angiotensin peptides plasma levels The AII it is showed as a more preferential substrate than AI for A1-7 synthesis. These differences suggest that sex hormones affect the regulation of the RAS, perhaps renin via, being more clearly noted on M235T polymorphism in men and I/D polymorphism in women.",2026-03-23
yes,UMA,W2948738466,https://doi.org/10.36315/2019inpact064,FAMILY FUNCTIONING CHARACTERISTICS INVOLVED IN ADOLESCENT DEPRESSIVE SYMPTOMS,Antonio Caño; C Rodríguez-Naranjo,Universidad de Málaga,2019,0,True,https://doi.org/10.36315/2019inpact064,Psychological Applications and Trends 2019,en,"Research has shown that family functioning contributes to depressive symptoms in adolescents, with a wide range of family functioning characteristics associated to adolescent depressive symptoms. However, these family attributes have been studied through different studies, methodologies and theoretical frameworks, and do not allow envisaging a single whole picture of the family attributes associated to adolescent depressive symptoms. The objective of this study was to overcome this deficit. We followed a systematic approach and used the Family Assessment Device (FAD), which comprehensively identify six family variables in which healthy and unhealthy families differ: Problem Solving (PS), Communication (CM), Roles (RL), Affective Responsiveness (AR), Affective Involvement (AI) and Behaviour Control (BC). Independent regression analyses conducted for each variable showed that all the FAD variables significantly predicted BDI scores. However, when the six variables were introduced simultaneously in the same equation to control for the shared explained variance, only AR and AI showed significant effects, with BC approaching significance. These results were confirmed through Pratt's measure, which showed that the non-overlapping effects of AR, AI and BC accounted for virtually the whole variance explained by the FAD dimensions. Conclusions at both methodological and applied levels emerge from these results. At a methodological level, these results prove the need for controlling the shared variance between family variables before deriving any conclusion about their role. At an applied level, they showed that the family affective aspects are the most important regarding adolescent depression, with only behaviour control playing a role within the non-affective variables.",2026-03-23
yes,UMA,W4415427771,https://doi.org/10.1002/leap.2029,Creating Onomastic Social Network Maps of Books Using Their Indexes. Case Study: ‘Papyrus: The Invention of Books in the Ancient World’,Rafael Repiso; Erik Miguel Ortiz-Díaz; Humberto Martínez‐Camacho; Jorge Alejandro Peña Landeros,Universidad Panamericana; Universidad de Málaga,2025,0,True,https://onlinelibrary.wiley.com/doi/pdfdirect/10.1002/leap.2029,Learned Publishing,en,"Sociometric techniques deployed in documents have mainly focused on the analysis and study of scientific articles. The emergence of tools such as VosViewer (Van Eck and Waltman 2011) or Scimat (Cobo Martín 2012) has facilitated the creation of networks of terms and authors, but these have been limited to terms that appear in identification fields: title, abstract, keywords, and references (Lima and Carlos Filho 2019). This has led to an explosion of such articles, often published in journals outside the traditional sociometric and bibliometric fields, as these tools have become widely accessible. Meanwhile, books as objects of study have been sidelined due to their perceived difficulty in processing information. Books are often not digitised, academic databases such as Web of Science or Scopus are only beginning to include books, and books are typically studied in fields with a more qualitative tradition, which have usually been distant from methodologies such as social network analysis. The ease of obtaining information from Scopus and Web of Science, as well as the existence of software that automates the creation of networks and their analysis, has facilitated their creation to such an extent that there has been a boom in network analysis applied to articles. Nevertheless, books have specific fields, such as author indexes, term indexes, and so forth, that can be used to create social network maps from their contents with relative ease. It is uncommon for books to be employed as a means of creating social network maps based on the text in its entirety. The utilisation of indices (e.g., onomastic index) constitutes a valuable resource for the structured analysis of full texts, obviating the necessity for the time-consuming process of scanning the entire content. This would facilitate the acquisition of information that has not yet been subjected to analysis, which is beneficial for addressing a range of conceptual, instrumental, and applied issues. Gorziza et al. (2021) highlight that the application of these techniques to the study of books has been less frequent, partly due to the inherent difficulties in processing their information, which has traditionally not been digitised, and their focus is often more qualitative, in addition to copyright issues. Nevertheless, books remain the primary vehicle for scientific communication in the humanities (Thompson 2005) and one of the conventional means of disseminating knowledge, as well as the traditional medium for academic essays, both specialised and those intended for the general public. Despite the absence of keywords or abstracts in books (although their catalogue records do include these), they possess highly informative indexing fields, such as indices, which could facilitate the automated or semi-automated creation of social networks. The objective of this article is to present a methodological approach for utilising book onomastic indexes to construct social networks. This approach enables the application of sociometry to the content analysis of monographic works. The teleological purpose of the work is that this technique can be incorporated and used by other researchers in the analysis of textual corpora. In the context of the humanities and social sciences, social network analysis (SNA) represents a structuralist response to reductionist paradigms. Luis Sanz observes that “social network analysis is a comprehensive intellectual approach to identifying social structures resulting from the diversity of forms of relationships, but it is also a set of methods and techniques” (Sanz Menéndez 2003). The application of SNA in the humanities has been less prevalent than in other fields. It is typically employed to elucidate and examine the fundamental structures embedded in works, including character analysis, lexical analysis, and the identification of patterns within cultural, social, or historical orders. Perhaps the most intriguing aspect is that SNA in the humanities enables researchers to address substantial quantities of intricate information from a structural vantage point, offering a novel perspective through which to elucidate the interconnections between the elements under examination and to discern the existence of groups and forms that may not have been entirely apparent in a natural manner through these relationships. In this regard, there are authors who have employed social network analysis (SNA) to examine the structure of literary narratives. One of the pioneers in this field has been Franco Moretti, whose approach, known as ‘distant reading’, involves the analysis of large sets of textual data with a view to identifying patterns and relationships between words and concepts. In his article, ‘Network Theory, Plot Analysis’, Moretti (2011) demonstrates how SNA can facilitate the discovery of novel insights into narrative structure. Matthew Jockers is a prominent figure in the field of digital literature, where he has employed social network analysis (SNA) to examine the structure and interconnections of words and themes within extensive textual datasets. His book, entitled Macroanalysis, Digital Methods and Literary History (Jockers 2013), is regarded as a foundational text in this field (Jänicke et al. 2017). Another prominent researcher in this domain is Ted Underwood, who has employed machine learning methods and social network analysis to examine extensive literary corpora. His research encompasses the examination of the evolution of words and themes in literature over time, offering a longitudinal perspective on literary trends. His work, Distant Horizons: Digital Evidence and Literary Change (Underwood 2019), provides a comprehensive synthesis of his contributions to the field and his vision of the potential of SNA for the evolutionary study of literature and book sciences. Previous proposals for performing networks in books involve identifying the units to be analysed in the text, using natural language processing tools that analyse and identify terms in the text of the document (Dekker et al. 2019; Calleja Ibañez and Giménez-Toledo 2024). The issue here is trying to insert techniques prepared to be used for data and science researchers into the work of humanities and social science researchers, requiring collaboration with computational researchers. Current proposals for analysis are based on the complexity of analysing the whole text and require complex techniques for obtaining and analysing it, which are alien to the humanities, with significant exceptions such as the area of digital humanities. The basic element of the proposed methodology is the utilisation of onomastic indexes to construct the network. The utilisation of indexes offers a number of advantages. Firstly, indexes constitute a descriptive field of the document and are standardised and regulated by international standards (ISO 999: 1996). As a standardised field, it facilitates the identification of all mentions, regardless of the gender and number of the term, while also disambiguating its meaning (a primary challenge for AI used in these tasks). In addition to onomastic indexes, other types of indexes may be found, such as thematica or geographical indexes in travel books or citation indexes in theological works. The diversity of types of indexes allows for the implementation of a wide range of different studies. The initial and most pivotal phase of this methodology entails the extraction of data from the index into a tabular format comprising two columns: the first indicating the highlighted term and the second specifying the page where the term or name is documented. It is of particular importance to note that each row corresponds to a single occurrence of a term. To illustrate, if a term or name is listed in the index across pages 390–393, four rows must be generated for that concept, with each row associating the term with a single page without repetition. As these are index terms, no further normalisation is required, given that they are already standardised (ISO 999: 1996). Nevertheless, in the event that this technique is employed to generate an aggregated network by combining multiple indexes, it would be advisable to ascertain the consistency across them and, if necessary, perform normalisation on the entire set. The relationships between the index terms are determined by their co-presence or co-occurrence on the same pages. It is acknowledged that the co-occurrence of two words or two authors on the same page indicates a relationship between them. It is evident that this relationship is reinforced when both terms co-occur on multiple pages. The data are processed to obtain indirect 1-mode networks. An Excel version of the index to be processed in Bibexcel can be downloaded from the following link to enable the reader to replicate the procedure (attached to the upload). If the article is approved, (this file will be uploaded to the Zenodo repository). In order to ensure that the size of the network nodes is proportional to the frequency of occurrence, a vector is generated that reflects the number of pages on which each term appears. This is achieved by a straightforward process of counting the number of occurrences of authors in the initial table and then adjusting it to the VEC format in accordance with the author coding in the NET file. Finally, if necessary—typically due to excessive network size—the network can be reduced by eliminating relationships, nodes, or both. The method of modifying the initial comprehensive network for pruning and enhancing its visibility is contingent upon the desired outcome, which may entail the elimination of elements or relationships deemed less pertinent. Network reduction is frequently employed to accentuate the most highly connected elements or the most pivotal connections, as is automatically executed by the Pathfinder algorithm (Schvaneveldt et al. 1988). In the generation of extensive undirected networks, the utilisation of force-based algorithms, in particular the Kamada-Kawai algorithm (Kamada and Kawai 1989), is advised. This algorithm was specifically designed for the visualisation of such networks. BibExcel: This tool converts the table format into .net format. The table containing the terms or persons and the pages where they appear is inputted (one row for each occurrence, with the page number in the first column and the term or name in the second, Figure 2A). A document is generated that calculates the frequency of occurrence per author (Generate Frequencies/Whole String/Short Descending, Figure 2B). Co-occurrence frequencies in networks are calculated (Analyse/Co-occurrences/Make pairs via listbox, Figure 2C). The file is generated in .net format (Mapping and Create NET files…). It should be noted that these processes can also be automated using R, Python, or ChatGPT. A .net version of the network can be downloaded from the following link to enable the reader to replicate the procedure attached to the upload. If the article is approved, this file will be uploaded to the Zenodo repository. “Papyrus: The Invention of Books in the Ancient World” is an essay on the history of the book, written by Irene Vallejo and published in 2019 in Spanish. The text was awarded the 2020 National Essay Prize (Spain) and is currently available in 32 different languages. In his assessment, Nuccio Ordine characterises the work as “a priceless testament to an affinity for the classics, books, libraries, and reading.” Furthermore, a graphic adaptation has been published in other languages. Given its references to figures with universal resonance, this work is particularly suited to exemplifying the proposed technique. The co-presence network within the pages comprises 274 actors connected through 2411 relationships (co-presences within the pages), of which 125 have values greater than 1 (5%). The resulting network exhibits a density of 2.1%, with an average degree of 10.17 (Figure 2). The strongest relationships are those between Euripides and Plato (8), Plato and Aristotle (7), and Aristotle and Alexander the Great (7). Additionally, there are four pairs with a value of 5: Martial and Ovid, Plato and Socrates, Aeschylus and Sophocles, and Alexander and Plutarch. The network was visualised using Pajek (Mrvar and Batagelj 2016) with the Kamada-Kawai algorithm, which is specifically designed for undirected networks (Figure 3). Pajek is a powerful, open-source tool for social network analysis, known for handling large networks, advanced features, and its long-standing academic use. The positions were manually adjusted with the objective of optimising the distribution of nodes and relationships within the screen rectangle, with the intention of displaying all characters while maximising space utilisation. Furthermore, clusters were constructed with the objective of identifying the structural groupings within the network. The use of different colours to represent each cluster facilitates the visualisation of these groupings. This was accomplished through the utilisation of the Louvain community detection method (Blondel et al. 2008). The 10 most prominent characters in the book largely represent the protagonists of the work, along with their central tendency social metrics (Table 1). Despite Alexander the Great having the highest presence, Homer is more connected to other nodes and is closer to the network's centre of gravity, although not in terms of betweenness. The most significant actors are predominantly classical figures from Greco-Roman culture, with the exception of Jorge Luis Borges, Georges Perec, Leo Tolstoy, William Shakespeare, Juan Carlos Onetti, and Gabriel García Márquez. This plethora of Greco-Roman figures is an apt representation of a book that delves into the history of the book in classical antiquity, and it also mirrors the cultural milieu in which the author has chosen to situate the narrative. It is also a testament to the quality of the index itself. This proposed technique for generating networks is based on the use of indexes, a key element that enhances the quality and utility of books. “Every serious book of nonfiction should have an index if it is to achieve its maximum usefulness. A good index records every pertinent statement made within the body of the text. The key word here is pertinent.” (University of Chicago Press 1982, 512). The Chicago Manual of Style places great emphasis on the critical importance of indexes in non-fiction works. The addition of an index to a work of non-fiction serves to enhance its value, transforming it into an invaluable reference resource. This feature is fundamental to essays, scientific and technical texts, as it facilitates the rapid and efficient retrieval of specific information. While traditional co-presence techniques in articles rely on standardised fields such as title, keywords, abstract, or references, this technique proposes the use of indexes. It should be noted that the technique is only applicable to books that include them. Perhaps the most intriguing aspect of this network creation method is its simplicity and ease of implementation. It requires only a book that includes an exhaustive index of the terms with which one intends to generate a network. The approach to the content of the work is facilitated by the fact that, prior to this, an editorial professional, sometimes the author themselves, has identified key terms or conducted a thorough identification of the names of people mentioned in the work. This technique, as it is proposed, shares similarities with traditional co-citation networks as they are found in scholarly works. However, there are two fundamental distinctions to be noted. Firstly, the formation of network links is contingent upon the co-citation of two authors on the same page, as opposed to across the entirety of a given work. This approach yields more reliable similarity relationships. Secondly, the elements in question are extracted not from the references section, but from the index. It can therefore be concluded that this method represents a more precise approach to the generation of relationships. This would facilitate more expansive investigations of co-presence on pages through the capture of index entries. Furthermore, the current proposal permits the generation of subnetworks on the basis of identified chapter boundaries. In the case of works that provide a historical analysis of a phenomenon, these subnetworks can be used to visualise the evolution of networks. For example, they can be employed to illustrate the networks of individuals involved in the history of an institution. Similarly, networks from different works that explore a common topic could be aggregated to gain a thematic or person-based perspective. This would increase the complexity of the network, but it would also require a normalisation task between the different networks. The analysis of co-presence of individuals on book pages is markedly more precise than the co-presence analysis in article bibliographies generated by VOSviewer, which has been employed to construct author knowledge maps. VOSviewer's co-presence analysis aggregates all individuals cited in an article, recorded in the bibliography, and appearing across more than a dozen pages. However, the proposed technique restricts the presence of authors to a single page among the numerous pages that comprise a book. Furthermore, the technique enhances the richness of the data when the co-presence of authors is redundant, occurring on more than one occasion. This method for creating social networks provides an excellent introduction to sociometric techniques for students. Given its simplicity and potential, the lead author of this article has begun incorporating this method into their Social Network Analysis courses, enabling novice students to gain proficiency in data collection and the creation of their first social network. In principle, the basic proposal made would not allow for the underlying identification of authors. For example, Poe and Andersen might co-occur on a page discussing the difference in their characters. Another page could state ‘Poe's literature creates more horror characters than the other authors analysed.’ Andersen is not explicitly mentioned, but it is there in an underlying way. Those references could not be analysed. This limitation is undoubtedly a challenge for future research. It should provide a more complete and complex system without sacrificing simplicity. A fundamental aspect of creating social networks using co-presence on pages is that the generated network accurately reflects the method of books. In the event that the book in question a the network generated from its index will authors to the in the generated network as a knowledge that reflects the intended it a valuable technique for analysis. One that may a on the is that the co-presence of terms on the same page is on the of a work. different may be on the book This issue is particularly evident in format such as books, where the of co-presence is Furthermore, it is that two authors may be present within the same yet the network may to the relationship between them if the is across two different pages. In the presence of data serves to this in where networks are or not co-presence can be to include modifying the method to be more less This technique is particularly beneficial for that focus on the study of or as recorded in books, including literature, and cultural studies. of this is of particular to those in research in the field of Furthermore, the straightforward of the method indicates the of within book One potential application of this method is the generation of onomastic networks in or Social of books content would allow to Ibañez and Giménez-Toledo and explore a work through its networks. the of networks of this which and groups has the potential to for the of This can be achieved through the utilisation of word co-presence and cluster analysis, and analysis, and Jorge analysis, and of are due to the of this work, whose collaboration has been fundamental in that and in future of research. would also to of the for his work in research among the The authors no of The data that the of this study are available in Zenodo reference number",2026-03-23
yes,UMA,W7131655367,https://doi.org/10.21071/arf.v37i.18691,"Artificial Intelligence and Fake News: Linguistic Analysis, Gender Bias, and Ethics in Digital Media Communication",Julia Scilabra; Dario Russo,Universidad Complutense de Madrid; Universidad de Málaga,2026,0,True,https://journals.uco.es/alfinge/article/download/18691/17059,Alfinge Revista de Filología,,"Abstract: Often amplifying gender bias and consolidating stereotypes through inappropriate language, the digital landscape is a privileged space for the manipulation and dissemination of false or misleading content. Moreover, the deployment of Artificial Intelligence (AI) systems in content generation, moderation, and dissemination not only appears to reproduce pre-existing biases but also to intensify them, thereby contributing to the consolidation of narratives that perpetuate stereotypes and facilitate the circulation of disinformation. Adopting a mixed-method approach, this exploratory study combines corpus-based linguistic and cross-linguistic analysis with technical and theoretical perspectives on digital communication and AI ethics, positioning itself within the contemporary debate on the capacity of generative technologies to amplify bias and stereotypes. Within this framework, the research integrates three analytical dimensions: (1) a quantitative analysis measuring the frequency and normalized distribution of gender-marked and non-inclusive terms; (2) a sentiment analysis to examine how emotional polarity (positive, neutral, negative) interacts with lexical bias and framing; and (3) a qualitative semantic and pragmatic examination of discursive features, including contrastive constructions, voice and agency patterns, and semantic role attribution. The study is based on a corpus of 12 articles focusing on the two most-searched topics in the United Kingdom and the United States, selected using Google Trends 2024. The corpus includes articles from The New York Times, The Washington Post, The Guardian, and Daily Mirror, newspapers in which a declared use of Artificial Intelligence technologies was identified. The findings reveal that, despite differences among newspapers, algorithmically mediated language is not neutral, and the use of contrastive expressions or the choice of passive constructions tends to reinforce discriminatory dynamics.",2026-03-23
yes,UMA,W4312083810,https://doi.org/10.1016/j.jss.2022.111578,ExTrA: Explaining architectural design tradeoff spaces via dimensionality reduction,Javier Cámara; Rebekka Wohlrab; David Garlan; Bradley Schmerl,Chalmers University of Technology; Carnegie Mellon University; University of Gothenburg; Universidad de Málaga,2022,7,True,https://doi.org/10.1016/j.jss.2022.111578,Journal of Systems and Software,en,"In software design, guaranteeing the correctness of run-time system behavior while achieving an acceptable balance among multiple quality attributes remains a challenging problem. Moreover, providing guarantees about the satisfaction of those requirements when systems are subject to uncertain environments is even more challenging. While recent developments in architectural analysis techniques can assist architects in exploring the satisfaction of quantitative guarantees across the design space, existing approaches are still limited because they do not explicitly link design decisions to satisfaction of quality requirements. Furthermore, the amount of information they yield can be overwhelming to a human designer, making it difficult to see the forest for the trees. In this paper we present ExTrA (Explaining Tradeoffs of software Architecture design spaces), an approach to analyzing architectural design spaces that addresses these limitations and provides a basis for explaining design tradeoffs. Our approach employs dimensionality reduction techniques employed in machine learning pipelines like Principal Component Analysis (PCA) and Decision Tree Learning (DTL) to enable architects to understand how design decisions contribute to the satisfaction of extra-functional properties across the design space. Our results show feasibility of the approach in two case studies and evidence that combining complementary techniques like PCA and DTL is a viable approach to facilitate comprehension of tradeoffs in poorly-understood design spaces.",2026-03-23
yes,UMA,W4402591989,https://doi.org/10.4018/979-8-3693-9173-0.ch011,Exploring Ethical Dimensions of AI Assistants and Chatbots,Shweta Bhattacharjee Porna; Munir Ahmad; Rubén González Vallejo; Iram Shahzadi; M. A. Rahman,Ahsanullah University of Science and Technology; University of Dhaka; Universidad de Málaga; Pir Mehr Ali Shah Arid Agriculture University; Survey of Pakistan,2024,2,False,,Advances in computational intelligence and robotics book series,en,"This chapter explores the ethical implications of chatbots and AI assistants, focusing on privacy and data security, bias and fairness, transparency and accountability, user autonomy, employment impacts, manipulation and persuasion, user well-being, cultural sensitivity, and sustainability. Privacy and data security are paramount, emphasizing user consent and trust in data handling. Bias in AI systems can perpetuate discrimination, necessitating proactive measures for fairness. Transparency and accountability are critical for user trust, requiring clear communication and regulatory frameworks. User autonomy must be respected, allowing control over AI interactions. The impact on employment highlights the need for strategies to manage job displacement and skill development. AI's potential for manipulation necessitates ethical guidelines to prevent misuse. Ensuring user well-being involves addressing mental health risks and misinformation. Cultural sensitivity in AI design promotes inclusivity. Sustainability considerations address the environmental impact of AI systems.",2026-03-23
yes,UMA,W4386832319,https://doi.org/10.1016/j.neucom.2023.126784,On-line learning applied to spiking neural network for antilock braking systems,Javier Pérez Fernández; Manuel Alcázar; Ignacio Moreno-Torres Sánchez; Juan Antonio Cabrera Carrillo; Mikael Nybacka; Juan J. Castillo,KTH Royal Institute of Technology; Universidad de Málaga,2023,9,True,https://doi.org/10.1016/j.neucom.2023.126784,Neurocomputing,en,"Computationally replicating the behaviour of the cerebral cortex to perform the control tasks of daily life in a human being is a challenge today. First, it is necessary to know the structure and connections between the elements of the neural network that perform movement control. Next, a mathematical neural model that adequately resembles biological neurons has to be developed. Finally, a suitable learning model that allows adapting neural network response to changing conditions in the environment is also required. Spiking Neural Networks (SNN) are currently the closest approximation to biological neural networks. SNNs make use of temporal spike trains to deal with inputs and outputs, thus allowing a faster and more complex computation. In this paper, a controller based on an SNN is proposed to perform the control of an anti-lock braking system (ABS) in vehicles. To this end, two neural networks are used to regulate the braking force. The first one is devoted to estimating the optimal slip while the second one is in charge of setting the optimal braking pressure. The latter resembles biological reflex arcs to ensure stability during operation. This neural structure is used to control the fast regulation cycles that occur during ABS operation. Furthermore, an algorithm has been developed to train the network while driving. On-line learning is proposed to update the response of the controller. Hence, to cope with real conditions, a control algorithm based on neural networks that learn by making use of neural plasticity, similar to what occurs in biological systems, has been implemented. Neural connections are modulated using Spike-Timing-Dependent Plasticity (STDP) by means of a supervised learning structure using the slip error as input. Road-type detection has been included in the same neural structure. To validate and to evaluate the performance of the proposed algorithm, simulations as well as experiments in a real vehicle were carried out. The algorithm proved to be able to adapt to changes in adhesion conditions rapidly. This way, the capability of spiking neural networks to perform the full control logic of the ABS has been verified.",2026-03-23
yes,UMA,W4404122645,https://doi.org/10.3390/socsci13110608,An Alien in the Newsroom: AI Anxiety in European and American Newspapers,Pablo Sanguinetti; Bella Palomo,Universidad de Málaga,2024,7,True,https://www.mdpi.com/2076-0760/13/11/608/pdf?version=1730966186,Social Sciences,en,"The media portrayal of artificial intelligence (AI) directly impacts how audiences conceptualize this technology and, therefore, its use, development, and regulation. This study aims to measure a key aspect of this problem: the feeling of AI anxiety conveyed by news outlets that represent this technology as a sort of “alien” that is autonomous, opaque, and independent of humans. To do so, we build an AI anxiety index based on principal component analysis (PCA) and apply it to a corpus of headlines (n = 1682) about AI published before and after the launch of ChatGPT in ten newspapers: The New York Times, The Guardian, El País, Le Monde, Frankfurter Allgemeine Zeitung, San Francisco Chronicle, Manchester Evening News, La Voz de Galicia, Ouest France, and Münchner Merkur. The results show that ChatGPT not only boosted the number of AI headlines (× 5.16) but also reduced positive sentiments (−26.46%) and increased negatives (58.84%). The AI anxiety index also grew (10.59%), albeit driven by regional media (61.41%), while it fell in national media (−6.82%). Finally, the discussion of the variables that compose the index reveals the opportunities and challenges faced by national and regional media in avoiding the feeling of AI anxiety.",2026-03-23
yes,KK,W4410858606,https://doi.org/10.3390/su17115006,Artificial Intelligence Technologies as Smart Solutions for Sustainable Protected Areas Management,Ahmet Atalay; Dalia Perkumienė; Larbi Safaa; Mindaugas Škėma; Marius Aleinikovas,Alytus College; Lithuanian Research Centre for Agriculture and Forestry; Ardahan University; Kaunas kolegija Higher Education Institution,2025,7,True,https://www.mdpi.com/2071-1050/17/11/5006/pdf?version=1748523126,Sustainability,en,"Artificial intelligence (AI) is becoming not only an auxiliary tool, but also one of the main factors helping to shape natural resource management models. The application of artificial intelligence in protected areas allows for a transition to more sustainable management of protected areas. By applying artificial intelligence technologies, it is possible not only to respond to changes or violations that have already occurred but also to more effectively predict potential threats, form long-term protection strategies, and make rational decisions based on accurate and timely data analysis. This study aims to determine the possibilities and importance of applying artificial intelligence technologies to the sustainable management of protected areas. The sample group of this study consists of a total of 135 experts from Turkey, Lithuania, and Morocco (45 from each country). The sample includes professionals with expertise in the relevant field, namely lawyers (9), academics (9), managers of protected areas (9), government officials responsible for protected areas (9), and representatives of non-governmental organizations (9). This study employed qualitative research methods, within which a case study design was adopted. For the analysis of the findings, thematic analysis and content analysis techniques were utilized to ensure a comprehensive and in-depth interpretation of the data. Analysis of the results of this study showed that integrating AI into the management of protected areas increases management efficiency and helps create long-term strategies, but successful application depends on cooperation between technology developers, scientists, and environmental specialists. Also, AI applications are expected to be a critical part of the process of environmental sustainability and fighting climate change.",2026-03-23
yes,KK,W4397032894,https://doi.org/10.53615/2232-5697.13.71-80,"Exploring the Intersections of Artificial Intelligence, Organizational Behavior, and Communication Dynamics in the Modern Workplace",Ioseb Gabelaia; Ramunė Bagočiūnaitė; Viktorija Navickienė,Kauno kolegija Higher Education Institution,2024,5,True,https://toknowpress.net/submission/index.php/ijmkl/article/view/150/94,International Journal of Management Knowledge and Learning,en,"Purpose: While organisations struggle to improve efficiency and productivity, the interaction between AI, organisational behaviour, and communication dynamics tends to be complex in the rapidly evolving modern workplace. Moreover, understanding the implications of this intersection is necessary to encourage a balanced and effective workplace. Hence, employing AI technologies in organisational structures introduces challenges such as workforce adaptation, psychological impact, and communication patterns. This research explored how AI influences organisational behaviour and communication dynamics in the modern workplace. Study design/methodology/approach: This study used a mixed method to explore organisational behaviour and communication dynamics across diverse industries comprehensively. This questionnaire aimed to gather respondents’ experiences, focusing on organisational behaviour and communication dynamics. Furthermore, in-depth interviews were conducted with key stakeholders (n = 13) to obtain additional insights into goodness and trustworthiness. These interviews offered more depth and richness, providing insights into organisational settings. This mixed methodology ensured a complex understanding of the research problem, leveraging quantitative and qualitative data to enhance the analysis. Findings: The research findings revealed the pathways to how AI influences organisational behaviour and communication dynamics. Initial analysis of survey data and interviews offered insights into employee perceptions, identifying potential challenges and opportunities. One major trait emerging from data analysis is employees’ unstable levels of apprehension and enthusiasm regarding AI integration. While many view it as a mechanism for efficiency, productivity, and innovation, others indicate distress about job shifts and loss of autonomy. Understanding and adopting these opposing insights are fundamental for encouraging a positive organisational ecosystem for AI readiness and adoption. Originality/value: By examining the impact of AI on employees’ attitudes, collaboration, and communication patterns, this research contributes viable insights for organisations navigating the integration of AI into their structures.",2026-03-23
yes,KK,W4411160104,https://doi.org/10.17770/etr2025vol5.8505,BUSINESS ACTIONS POSING THREAT TO NATIONAL SECURITY,Violeta Vasiliauskienė; Anželika Banevičienė; Vykintas Stumbrys,Kaunas kolegija Higher Education Institution,2025,0,True,https://journals.ru.lv/index.php/ETR/article/download/8505/6952,Environment Technology Resources Proceedings of the International Scientific and Practical Conference,en,"This paper explores how business activities can pose risks to national security, with a focus on Lithuania and the European Union. It analyzes how illicit practices, foreign ownership, and technological vulnerabilities contribute to threats in areas such as economic security, cybersecurity, and political influence. The research uses a qualitative approach, reviewing legal frameworks, national strategies, and real-world cases, including the revocation of UAB Foxpay’s license and companies with ties to Russia and Belarus. These cases show how business links to authoritarian regimes, when left unchecked, can compromise critical infrastructure and sensitive data, or influence political decision-making. Technological advancements, such as artificial intelligence, digital finance, and global supply chains, increase vulnerabilities. Cases like Huawei and Kaspersky Lab illustrate the persistent risks of espionage, while supply chain attacks show how cyber threats can spread through business networks. The misuse of technology and lack of internal controls in some companies further exacerbate these risks. At the EU level, strategies such as the Security Union Strategy, the Digital Services Act, and the Chips Act aim to strengthen resilience, protect critical sectors, and regulate foreign influence. National measures, including Lithuania’s investment screening and cybersecurity policies, complement these efforts by safeguarding strategic infrastructure and enhancing oversight. The study concludes that protecting national security in a digital and globalized economy requires a collaborative approach. Strong legal regulation must be combined with responsible business conduct. Security begins with knowing your partners and addressing indirect ties that may present risks. Ongoing legal development and consistent enforcement are essential to prevent business-related threats and maintain national stability.",2026-03-23
yes,KK,W4411641989,https://doi.org/10.53615/2232-5697.14.221-235,Modern Slavery in the Gig Economy: Analysing the Exploitation of Gig and Freelance Workers through AI-Driven Communication Strategies and Automated Surveillance,Ioseb Gabelaia; Ramunė Bagočiūnaitė; Viktorija Navickienė,"RISEBA University of Business, Arts and Technology; Kaunas kolegija Higher Education Institution",2025,0,True,https://toknowpress.net/submission/index.php/ijmkl/article/view/203/136,International Journal of Management Knowledge and Learning,en,"Purpose: In modern corporate slavery, especially in Gig and freelance there is a significant gap concerning the critical analysis of AI-driven communication technologies and automated surveillance instruments in continued exploitation. This article aims to explore how modern communication and AI technologies contribute to modern slavery within the gig economy by focusing on understanding the mechanisms through which AI-driven communication systems and automated surveillance techniques impact the autonomy, earnings, and rights of gig and freelance workers. Study design/methodology/approach: Through qualitative research, this article responds to how AI-driven communication and automated surveillance practices aggravate or mitigate the exploitation of gig and freelance workers. The authors interviewed twenty-two gig and freelance workers and six managers who employed gig and freelance employees. Moreover, Foucault's Theory of Surveillance (Panopticism), Labour Process Theory (LPT), and Technological Mediation Theory (TMT) helped to understand the crossroad between technological control, economic exploitation, and moderated communication. Findings: The results demonstrated that AI-powered communication systems improve efficiency and task distribution. However, they concurrently create power imbalances. Besides, this encourages continuous monitoring and algorithmic control, which creates employee dissatisfaction and marginalization. Originality/value: This research reinforces the discourse on labor practices within the digital economy by emphasizing the convergence of AI and modern slavery. On the other hand, it offers organizations insights into ethical AI usage for transparent communication practices in corporate slavery.",2026-03-23
yes,KK,W4391676703,https://doi.org/10.15637/jlecon.2294,"Beyond interaction: Generative AI in conversational marketing - foundations, developments, and future directions",Khalil Israfilzade; Nuraddin Sadili,ADA University; Kauno kolegija Higher Education Institution,2024,16,True,https://journals.gen.tr/index.php/jlecon/article/download/2294/1543,Journal of Life Economics,en,"This paper explores the integration of Generative Artificial Intelligence (AI) in conversational marketing, transitioning from traditional marketing to interactive, customer-centric strategies. It examines the shift from one-way communication to dynamic, AI-driven interactions that personalize customer experiences. Central to this study is how Generative AI facilitates real-time, tailored dialogues between brands and customers, enhancing customer engagement and satisfaction. The paper also addresses the challenges and ethical considerations of using anthropomorphic AI in marketing, balancing human-like AI traits with user expectations. Additionally, it presents a novel framework that conceptualizes the combination of Generative AI and anthropomorphism in conversational marketing into four distinct quadrants, providing a comprehensive analysis of their potential interplay. Conclusively, it offers strategic insights for leveraging AI in marketing while adhering to ethical practices, highlighting the potential of Generative AI to transform customer engagement in the digital age. This research has two important consequences. Practically, it offers valuable insights and strategic recommendations for businesses aiming to integrate Generative AI into their conversational marketing practices effectively. Theoretically, it contributes to the academic discourse by highlighting the transformative role of Generative AI in marketing, suggesting avenues for future research in this rapidly evolving field. This study provides a brief overview of the evolving role of AI in modern marketing strategies, emphasizing the future potential and implications of AI-driven conversational marketing.",2026-03-23
yes,KK,W4413181039,https://doi.org/10.55549/epess.906,"The Role of Generative Artificial Intelligence in E-Commerce: Trends, Challenges and Opportunities",Khalil Israfilzade,Kauno kolegija Higher Education Institution,2025,2,True,https://www.epess.net/index.php/epess/article/download/906/929,The Eurasia Proceedings of Educational and Social Sciences,en,"Generative Artificial Intelligence (Generative AI) is becoming more widely recognised as a transformative technology that is reshaping the e-commerce landscape. This paper thoroughly examines Generative AI's role in e-commerce, including its historical evolution, core differentiators from traditional AI, emerging applications, implementation challenges, and future research directions. Generative AI allows for the creation of dynamic, context-relevant content, such as personalised product descriptions and targeted advertisements, as well as sophisticated visual and conversational experiences. E-commerce retailers are achieving unprecedented levels of personalisation and customer engagement using techniques such as generative adversarial networks (GANs) and multimodal transformer models. However, significant adoption barriers persist, including ethical concerns, legal complexities, consumer trust issues, resource constraints, and technological limitations. Addressing these issues necessitates transparency, strong governance, secure data practices, and scalable technology infrastructure. Finally, this paper identifies promising research directions, focussing on model explainability, reinforcement learning integration, privacy-preserving frameworks, and immersive technologies (AR, VR, metaverse). By synthesising existing scholarly literature, this review provides strategic insights for future research as well as practical implications, allowing academics and industry practitioners to effectively leverage Generative AI to foster innovation and competitive advantage in digital retail.",2026-03-23
yes,KK,W4411935258,https://doi.org/10.33607/elt.v1i25.1627,Improving the company’s communication strategy with retailers,Samanta Postažauskaitė; Regina Andriukaitienė,Lithuanian Sports University; Kaunas kolegija Higher Education Institution,2025,0,True,https://journals.lsu.lt/laisvalaikio-tyrimai/article/download/1627/1155,Laisvalaikio tyrimai,en,"Relevance and novelty of the article. Businesses face an increasingly competitive marketplace every day, and smooth and strong communication with business partners ensures success and stable relationships. Türkeș et al. (2024) argue that trust, cooperation, and communication strengthen relational ties, and the relative embeddedness of social capital is a key factor. In the retail sector, large retail chains are among the most important in the supply chain, they are the link between the production company and the consumer, which means that retail chains determine which products reach the audiences and the volumes in which the products are sold. Communication strategy in trade. According to Sparacino et al. (2024), communication is the means through which a company communicates its objectives and achievements through initiatives. In addition, supermarket chains are strengthening the range of products they offer to the end consumer, they want to present professional and attractive looking products on the shelves of their supermarkets, thus they pay a lot of attention to communicating and maintaining good relationships with the suppliers of the products. This reason may determine the quality of the company’s communication strategy with the retail chains, due to the company’s ability to build strong and long-lasting relationships with its customers. Lacombe et al. (2024) state that communication is a key factor in establishing and maintaining meaningful social relationships. Successful communication with a supplier can lead to greater market positioning and visibility, while retail chains are assured of their partner’s credibility. Karlsson et al. (2023) emphasise that the organisation should strategically manage its supply chain, and embody the behavioural norms required within the organisation. Thus, favourable conditions are guaranteed for both sides. Siemieniako et al. (2025) stress that when it comes to the co-creation of value, the focus is not only on the value of the customer or the supplier, but also on the overall value. On the other hand, inappropriate communication methods can lead to misunderstandings that can challenge or even disrupt transactions, supply chain processes and long-standing partnerships between parties. According to Yadav et al. (2024), failure to strategically adapt different orientations can lead to reputational risks. Communication strategies must adapt to the dynamic business environment and evolving consumer demands. Based on Caferra et al. (2025), employees are not only responsible for serving consumers and making them feel comfortable, but also for solving their problems or doubts related to the company. Therefore, analysing and improving a company’s communication strategy with supermarkets is one of the most relevant topics for long-term partnerships and competitive excellence in the market. According to Troiville (2024), consumer attitudes towards the retailer and word-of-mouth communication individually and consistently mediate the relationship between the retailer’s brand equity and consumer loyalty to the retailer. Research problem. Despite the importance of supermarkets as a decisive point for business development, most companies do not have a specific approach to improving their corporate communication strategy with supermarkets. In Wiktor and Sanak-Kosmowska’s (2021) point of view, competitive strategy is based on the optimal allocation of resources, which allows to gain and maintain a dominant position in the sector. In many cases, companies do not have a clear plan to ensure consistent and effective communication with their business partners, to provide them with stable and consistent communication, and to ensure a mutually smooth coordination of objectives. According to Lundin and Kindström (2023), B2B (business-to-business) companies face new challenges in controlling, managing and creating valuable customer experiences, especially when they rely on digital technologies. This can lead to misunderstandings, delays in business transactions, and highlight the importance of a company’s reputational status in a competitive environment. Poor development of the communication strategy with the large retailers can lead to negative factors towards common objectives, as the retailers may lack clear information, consistency, and strategic knowledge from the company. As Serravalle and Pantano (2023) argue, companies should review the message they send to better communicate the importance they place on consumers and the care they give to both consumers and retail staff. In other words, unprofessional communication between a company and retailers can lead to significant losses, such as not expanding in the business marketplace, deteriorating reputation with other potential business partners, and reducing opportunities for cooperation. The aim of the research was to identify opportunities for improving the company’s communication strategy with retailers, by identifying the main difficulties in cooperation and determining measures to create a more effective communication between business entities. Results. The study revealed that the company’s communication strategy with retail chains is underdeveloped. Various communication channels are used, ranging from emails to face-to-face meetings. Informants identified problems on both the company’s and retail chains’ sides – lack of time, insufficient knowledge, communication often being tactless or informal, and ineffective management of information overload, which reduces efficiency. Proposed solutions include focusing on customer needs, strengthening internal communication, organising live meetings, and adopting more modern communication platforms. It is recommended that the company develop a comprehensive, tailored communication strategy focused on clear objectives and effective interaction with retail networks. It is advisable to implement customer relationship management (CRM) systems and utilise artificial intelligence to improve customer service, automate processes, and increase productivity. Ongoing communication training should be organised, and a new department or roles should be established to engage, train, and motivate employees, ensuring consistent and professional communication both internally and externally. Keywords: communication, trade networks, strategy, B2B (business-to-business), company.",2026-03-23
yes,KK,W4400460850,https://doi.org/10.59476/ilpmt2024.100-106,Criteria for selecting artificial intelligence tools,Lina Šarlauskienė; Samanta Dagytė,Kaunas kolegija Higher Education Institution,2024,4,True,https://doi.org/10.59476/ilpmt2024.100-106,Innovations in Publishing Printing and Multimedia Technologies,en,"Artificial Intelligence (AI) represents a transformative force across numerous sectors, from healthcare and finance to automotive and public services. The selection and deployment of AI tools are critical to leveraging this technology’s potential while adhering to ethical standards, regulatory compliance, and ensuring societal benefit. The European Union (EU) has been at the forefront of establishing frameworks and criteria to guide the development, deployment, and selection of AI systems to foster innovation while protecting citizens’ rights and societal values. The EU’s proactive stance in establishing these criteria aims to balance innovation with ethical considerations and societal welfare, setting a benchmark for responsible AI development and deployment globally. The aim of the article is to present general criteria for the selection of artificial intelligence tools, as well as those specific to the field of publishing. The research was carried out based on the analysis of scientific and other sources. The results of the study can be useful for organizations and individuals that must be interested in selecting and using the right AI tools.",2026-03-23
yes,KK,W4406536528,https://doi.org/10.1111/pce.15361,"Multiple, Single Trait GWAS and Supervised Machine Learning Reveal the Genetic Architecture of <i>Fraxinus excelsior</i> Tolerance to Ash Dieback in Europe",James Doonan; Katharina B. Budde; Chatchai Kosawang; Albin Lobo; Rita Verbylaitė; Jaelle C. Brealey; Michael D. Martin; Alfas Pliūra; Kristina Thomas; Heino Konrad; S. Seegmüller; Mateusz Liziniewicz; Michelle Cleary; Miguel Nemesio‐Gorriz; Barbara Fussi; Thomas Kirisits; M. Thomas P. Gilbert; Myriam Heuertz; Erik Dahl Kjær; Lene Rostgaard Nielsen,"Kaunas University of Applied Engineering Sciences; Kauno kolegija Higher Education Institution; Teagasc - The Irish Agriculture and Food Development Authority; CEA CESTA; Institut National de Recherche pour l'Agriculture, l'Alimentation et l'Environnement; UMR BIOdiversity, GEnes & Communities; Norwegian University of Science and Technology; Forschungsanstalt für Waldökologie und Forstwirtschaft; BOKU University; Lithuanian Research Centre for Agriculture and Forestry; Eppendorf (Germany); Austrian Research Centre for Forests; Institute of Forest Ecology of the Slovak Academy of Sciences; Swedish University of Agricultural Sciences; Nordwestdeutsche Forstliche Versuchsanstalt; Forestry Research Institute of Sweden; Université de Bordeaux; University of Copenhagen",2025,9,True,https://onlinelibrary.wiley.com/doi/pdfdirect/10.1111/pce.15361,Plant Cell & Environment,en,"Common ash (Fraxinus excelsior) is under intensive attack from the invasive alien pathogenic fungus Hymenoscyphus fraxineus, causing ash dieback at epidemic levels throughout Europe. Previous studies have found significant genetic variation among genotypes in ash dieback susceptibility and that host phenology, such as autumn yellowing, is correlated with susceptibility of ash trees to H. fraxineus; however, the genomic basis of ash dieback tolerance in F. excelsior requires further investigation. Here, we integrate quantitative genetics based on multiple replicates and genome-wide association analyses with machine learning to reveal the genetic architecture of ash dieback tolerance and of phenological traits in F. excelsior populations in six European countries (Austria, Denmark, Germany, Ireland, Lithuania, Sweden). Based on phenotypic data of 486 F. excelsior replicated genotypes we observed negative genotypic correlations between crown damage caused by ash dieback and intensity of autumn leaf yellowing within multiple sampling sites. Our results suggest that the examined traits are polygenic and using genomic prediction models, with ranked single nucleotide polymorphisms (SNPs) based on GWAS associations as input, a large proportion of the variation was predicted by unlinked SNPs. Based on 100 unlinked SNPs, we can predict 55% of the variation in disease tolerance among genotypes (as phenotyped in genetic trials), increasing to a maximum of 63% when predicted from 9155 SNPs. In autumn leaf yellowing, 52% of variation is predicted by 100 unlinked SNPs, reaching a peak of 72% using 3740 SNPs. Based on feature permutations within genomic prediction models, a total of eight nonsynonymous SNPs linked to ash dieback crown damage and autumn leaf yellowing (three and five SNPs, respectively) were identified, these were located within genes related to plant defence (pattern triggered immunity, pathogen detection) and phenology (regulation of flowering and seed maturation, auxin transport). We did not find an overlap between genes associated with crown damage level and autumn leaf yellowing. Hence, our results shed light on the difference in the genomic basis of ADB tolerance and autumn leaf yellowing despite these two traits being correlated in quantitative genetic analysis. Overall, our methods show the applicability of genomic prediction models when combined with GWAS to reveal the genomic architecture of polygenic disease tolerance enabling the identification of ash dieback tolerant trees for breeding or conservation purposes.",2026-03-23
yes,UT,W4405160333,https://doi.org/10.1016/j.stress.2024.100704,Integrative approaches to enhance reproductive resilience of crops for climate-proof agriculture,Collins Agho; Adi Avni; Ariola Bacu; Ayat Bakery; Salma Balazadeh; Faheem Shehzad Baloch; Christos Bazakos; Nataša Čereković; Palak Chaturvedi; Harsh Chauhan; Ive De Smet; Thomas Dresselhaus; Liliana J. Ferreira; Jan Fíla; Ana Margarida Fortes; Vasileios Fotopoulos; Silvana Francesca; Pascual García-Pérez; Wen Gong; Salvatore Graci,"University of Tirana; Department of Agricultural Sciences; University of Lisbon; Cyprus University of Technology; Tel Aviv University; Indian Institute of Technology Roorkee; Hellenic Telecommunications Organization (Greece); University of Applied Sciences Leiden; University of Vienna; Instituto de Biologia Experimental e Tecnológica; University of Regensburg; Mersin Üniversitesi; Czech Academy of Sciences, Institute of Experimental Botany; VIB-UGent Center for Plant Systems Biology; Leiden University; University of Banja Luka; Universidade Nova de Lisboa; University of Medicine Tirana; Università Cattolica del Sacro Cuore; Estonian University of Life Sciences; Goethe University Frankfurt",2024,30,True,https://doi.org/10.1016/j.stress.2024.100704,Plant Stress,en,"• Enhancing reproductive resilience to stress is vital for food security. • Modern breeding and genomics speed up stress-tolerant crop development. • Agronomic practices and advanced tech support yields in extreme climates. • Big data, AI, and omics enable integrative analyses for resilient crops. • Integrative Agriculture is a holistic approach for climate-proofing crops. Worldwide agricultural systems are threatened by rising temperatures, extreme weather events, and shifting climate zones. Climate change-driven failure in sexual reproduction is a major cause for yield reduction in horticultural and grain crops. Consequently, understanding how climate change affects reproductive processes in crops is crucial for global food security and prosperity. The development of climate-proof crops, including maize, wheat, barley, rice, and tomato, requires new genetic material and novel management practices to ensure high productivity under less favorable conditions. Safeguarding successful plant reproduction is challenging due to the complex nature of this biological process, and therefore, a multifaceted approach is the key to success. In this review, we provide an overview of the processes underlying plant reproduction and how they are affected by different abiotic stresses related to climate change. We discuss how genetics, advanced breeding technologies, biotechnological innovations, and sustainable agronomic practices can collectively contribute to the development of resilient crop varieties. We also highlight the potential of artificial intelligence (AI) in optimizing breeding strategies, predicting climate impacts, and improving crop management practices to enhance reproductive resilience and ensure food security. Lastly, we discuss the vision of a new era in agriculture where diverse actors and stakeholders cooperate to create climate-proof crops.",2026-03-23
yes,UT,W4411029021,https://doi.org/10.3390/app15116308,"The Integration of Cone Beam Computed Tomography, Artificial Intelligence, Augmented Reality, and Virtual Reality in Dental Diagnostics, Surgical Planning, and Education: A Narrative Review",Aida Meto; Gerta Halilaj,"University of Medicine Tirana; University of Tirana; Dr D Y Patil Dental College & Hospital; University of Modena and Reggio Emilia; Dr. D.Y. Patil Vidyapeeth, Pune",2025,16,True,https://www.mdpi.com/2076-3417/15/11/6308/pdf?version=1749033850,Applied Sciences,en,"(1) Background: Advancements in dental imaging technologies have significantly transformed diagnostic and surgical practices. The integration of cone beam computed tomography (CBCT), artificial intelligence (AI), augmented reality (AR), and virtual reality (VR) is enhancing clinical precision, streamlining workflows, and redefining dental education. This review examines the evolution, applications, and future potential of these technologies in modern dental practice. (2) Methods: A narrative literature review was conducted, synthesizing findings from recent studies on digital radiography, CBCT, AI-assisted diagnostics, 3D imaging, and involving simulation tools (AR/VR). Peer-reviewed journal articles, systematic reviews, and clinical studies were analyzed to explore their impact on diagnosis, treatment planning, surgical execution, and training. (3) Results: Digital and 3D imaging modalities have improved diagnostic accuracy and reduced radiation exposure. AI applications enhance image interpretation, automate clinical tasks, and support treatment simulations. AR and VR technologies provide involved, competency-based surgical training and real-time intraoperative guidance. Integrating 3D printing and portable imaging expands accessibility and personalization in care delivery. (4) Conclusions: The integration of CBCT, AI, AR, and VR represents a paradigm shift in dentistry, elevating precision, efficiency, and patient outcomes. Continued research, standardization, and ethical practice will be essential for widespread adoption and maximizing clinical benefits.",2026-03-23
yes,UT,W4404903329,https://doi.org/10.3390/ijms252312905,Integrating Metabolomics Domain Knowledge with Explainable Machine Learning in Atherosclerotic Cardiovascular Disease Classification,Everton J. Santana; Eliana Ibrahimi; Evangelos Ntalianis; Nicholas Cauwenberghs; Tatiana Kuznetsova,KU Leuven; University of Tirana,2024,3,True,https://www.mdpi.com/1422-0067/25/23/12905/pdf?version=1733099901,International Journal of Molecular Sciences,en,"Metabolomic data often present challenges due to high dimensionality, collinearity, and variability in metabolite concentrations. Machine learning (ML) application in metabolomic analyses is enabling the extraction of meaningful information from complex data. Bringing together domain-specific knowledge from metabolomics with explainable ML methods can refine the predictive performance and interpretability of models used in atherosclerosis research. In this work, we aimed to identify the most impactful metabolites associated with the presence of atherosclerotic cardiovascular disease (ASCVD) in cross-sectional case-control studies using explainable ML methods integrated with metabolomics domain knowledge. For this, a subset from the FLEMENGHO cohort with metabolomic data available was used as the training cohort, including 63 patients with a history of ASCVD and 52 non-smoking controls matched by age, sex, and body mass index from the same population. First, Partial Least Squares Discriminant Analysis (PLS-DA) was applied for dimensionality reduction. The selected metabolites' correlations were analyzed by considering their chemical categorization. Then, eXtreme Gradient Boosting (XGBoost) was used to identify metabolites that characterize ASCVD. Next, the selected metabolites were evaluated in an external cohort to determine their effectiveness in distinguishing between cases and controls. A total of 56 metabolites were selected for ASCVD discrimination using PLS-DA. The primary identified metabolites' superclasses included lipids, organic acids, and organic oxygen compounds. Upon integrating these metabolites with the XGBoost model, the classification yielded a test area under the curve (AUC) of 0.75. SHAP analyses ranked cholesterol, 3-methylhistidine, and glucuronic acid among the most impactful features and showed the diversity of metabolites considered for building the ASCVD discriminator. Also using XGBoost, the selected metabolites achieved an AUC of 0.93 in an independent external validation cohort. In conclusion, the combination of different metabolites has the potential to build classifiers for ASCVD. Integrating metabolite categorization within the SHAP analysis further enhanced the interpretability of the model, offering insights into metabolite-specific contributions to ASCVD risk.",2026-03-23
yes,UT,W4410777711,https://doi.org/10.33175/mtr.2025.277161,Applying Facebook Prophet to forecast the passenger flow in a seaport,Morena Breshanaj; Areti Stringa; Miftar Ramosacaj,"University of Tirana; University of Vlora ""Ismail Qemali""",2025,3,True,https://so04.tci-thaijo.org/index.php/MTR/article/download/277161/187998,Maritime Technology and Research,en,"In this study, a robust model for forecasting passenger arrivals at the Vlora seaport was developed using the Facebook Prophet method. The analysis was based on monthly data for the period 2014 - 2024, with the aim of filling the gap in the Albanian literature, in which advanced forecasting approaches for seaports are lacking. Through a comparative analysis with other forecasting methods (ARIMA, Holt-Winters, Monte Carlo, and artificial neural networks), it was found that the FB Prophet model explains 96.7 % of the data variance with a MAPE of 24.95 %, suggesting high forecasting accuracy. Also, the integration of external factors (e.g., exchange rate and GDP) showed a limited impact, highlighting the importance of historical data for this approach. These results provide a basis for managerial suggestions for the Vlora seaport, which include optimizing service lines, determining the type and size of ships, deciding on pricing policies, and organizing staff, so that the port can be better integrated into the international transport network. The study has particular value and great importance, as it fills a gap in the Albanian literature, provides an advanced methodological framework and contributes to economic development and regional integration, supporting port authorities and operators in long-term infrastructure planning and in improving the quality of passenger services. Highlights First study using AI for forecasting passenger arrivals at Vlora seaport. Comparative analysis shows FBProphet outperforms ARIMA, ANN, Holt-Winters and Monte Carlo FB Prophet model forecasts Vlora seaport passenger flow with 98 % accuracy. External factors (GDP, exchange rate, COVID-19) show a modest effect. Findings support strategic planning and infrastructure investments at Vlora port.",2026-03-23
yes,UT,W4200523417,https://doi.org/10.13166/wsge//bbpr5865,Implications of daily applied artificial intelligence and the future of our rights,Kejsi Rizo,University of Tirana; Mediterranean University,2021,0,True,https://www.wydawnictwo.wsge.edu.pl/pdf-144409-70316?filename=IMPLICATIONS OF DAILY.pdf,Publisher House WSGE Alcide De Gasperi University of Euroregional Economy ul. Sienkiewicza 4 05-410 Józefów eBooks,en,"Nowadays, artificial intelligent technologies are all in our hands, and we all make a modest contribution, sometimes consciously and sometimes unconsciously, in their further improvement. The increasing development, adoption and use of intelligent technologies and systems has shown that an algorithm is able to predict consumer’s needs, or furthermore wishes, or diagnose a disease with an accuracy rate beyond average natural human intelligence. While the use of artificially intelligent technologies and machines revolutionizes crucial sectors such as health, finance and banking and the economy and market needs, boundaries are still to be set. This paper analyzes ethical implications of day-to-day use of AI along with the need and steps towards human rights law to address AI impacts.",2026-03-23
yes,UT,W4410481635,https://doi.org/10.37394/23209.2025.22.29,Analyzing the Ecosystem Contexts in the AI Literature Using Latent Dirichlet Allocation and Exploratory Factor Analysis,Kreshnik Vukatana; Elira Hoxha; Arben Asllani,University of Tennessee at Chattanooga; University of Tirana,2025,0,True,https://doi.org/10.37394/23209.2025.22.29,WSEAS TRANSACTIONS ON INFORMATION SCIENCE AND APPLICATIONS,en,"This study aims to explore the major topics in the recent artificial intelligence (AI) ecosystem literature and identify and categorize those topics into categories of AI ecosystems. The study analyzed 149 publications from Google Scholar using two text mining techniques: latent Dirichlet allocation (LDA) and exploratory factor analysis (EFA). The LDA identified 12 major topics, while the EFA grouped them into six common factors: (a) human resources-driven, (b) technology and algorithm-based, (c) business and entrepreneurial-driven, (d) legal, ethical, privacy, and regulatory framework, (e) innovation-based, and (f) government-supported. The goal is to suggest various AI ecosystems and their best fit for a country or region based on its characteristics and resources. Understanding these types of AI ecosystems can provide valuable insights for government agencies, policymakers, businesses, educational institutions, and other stakeholders to align strategies with resources for developing successful AI-driven ecosystems.",2026-03-23
yes,UT,W4412933679,https://doi.org/10.31893/multiscience.2026061,A hermeneutical analysis of human rights protections in the deployment and regulation of AI systems in the Western Balkans,Pjereta Agalliu; Anjeza Liçenji,University of Tirana,2025,0,True,https://malque.pub/ojs/index.php/msj/article/download/11254/4194,Multidisciplinary Science Journal,en,"This study uses a hermeneutical approach to analyze human rights protections in AI regulation across the Western Balkans. Six countries, Serbia, Bosnia and Herzegovina, North Macedonia, Albania, Montenegro, and Kosovo, face challenges in balancing technology and fundamental rights. Through an interpretative analysis of legal texts and policies, this research investigates the understanding and implementation of human rights principles in AI governance. The findings show significant disparities in regulatory approaches, with many countries lacking comprehensive AI legislation despite increased technology use. The hermeneutical lens reveals how historical legacies and EU accession influence interpretations of privacy, nondiscrimination, and transparency. The study identifies gaps between international human rights standards and regional practices, suggesting opportunities for rights-centered AI governance. It concludes with policy recommendations for regional cooperation, capacity building, and contextually appropriate regulations to protect human rights and encourage innovation.",2026-03-23
yes,UT,W4413074216,https://doi.org/10.2478/ebtj-2025-0019,Artificial Intelligence and Humanoid Robotics: Bioethical Implications of Replacing Human Agency in Healthcare and beyond,Sara Feizyab; G Bonetti; Maria Chiara Medori; Cecília Micheletti; Immacolata De Luca; K Donato; Ján Miertuš; Mehmet Sait Dündar; Miroslava Vráblová; Gary T. Henehan; Richard E. Brown; Robert S. Marks; Stanislav Miertuš; Lorenzo Lorusso; Gianluca Martino Tartaglia; Munis Dündar; Sandro Michelini; Stephen Connelly; Ariola Bacu; Tommaso Beccari; Ornela Gordani; Xhilda Dhamo; Eglantina Kalluçi; Dominika Vešelényiová; Iveta Dirgová Ľuptáková; Jiřı́ Pospı́chal; Matteo Bertelli,University of Ss. Cyril and Methodius in Trnava; University of Tirana; Fondazione IRCCS Ca' Granda Ospedale Maggiore Policlinico; University of Perugia; Center for Neuroscience and Cognitive Systems; Technological University Dublin; Atlanta Technical College; Trinity College Dublin; Erciyes University; Krankenhaus Meran; Dalhousie University; Academy of the Police Force in Bratislava; Ben-Gurion University of the Negev; University of Milan; International Centre for Applied Research and Sustainable Technology; Azienda Sanitaria Locale Roma 3; University of Medicine Tirana; San Francisco VA Health Care System; Peachtree Orthopaedic Clinic,2025,0,True,https://reference-global.com/2/v2/download/article/10.2478/ebtj-2025-0019.pdf,The EuroBiotech Journal,en,"Abstract The integration of advanced artificial intelligence (AI) and humanoid robotics into healthcare represents a critical evolution in biotechnology with profound societal implications. This review explores the bioethical implications of these technologies, and their potential to displace human agency in life-critical decisions. It adopts an interdisciplinary approach encompassing ethics, law, and technology. The review examines how innovations in AI and robotics might shift autonomy from humans to machines, and addresses the accountability challenges inherent in such transitions. We synthesize discussions on the ethical management of AI and robotics, underscoring the importance of maintaining human oversight and integrating ethical standards in technology development to prevent worsening of social inequalities. While AI and robotics present challenges to traditional concepts of autonomy, ethical responsibility, and justice, careful and inclusive policymaking and ethical oversight can harness these technologies to enhance human well-being. This analysis highlights the necessity for continued cross-disciplinary research to navigate the complex ethical landscapes these technologies create, emphasizing that the proactive engagement of diverse stakeholders is essential to guide AI and robotics towards improving human health.",2026-03-23
yes,UT,W4413469461,https://doi.org/10.11591/ijai.v14.i4.pp2601-2612,Hybrid forecasting methods across varied domains-a systematic review,Malvina Xhabafti; Valentina Sinaj,University of Tirana,2025,0,True,https://ijai.iaescore.com/index.php/IJAI/article/download/26949/14606,IAES International Journal of Artificial Intelligence,en,"&lt;span lang=""EN-US""&gt;Time series forecasting is one of the links that has developed since early times due to risk management, efficient allocation of resources, performance evaluation, strategic planning, and the formulation of effective policies for individuals, organizations, and societies. Forecasting models have evolved steadily by hybridizing statistical and neural network techniques ensuring efficiency and accurate predictions. In this paper, a systematic review of the literature was made through the preferred reporting items for systematic reviews and meta-analyses (PRISMA) methodology, highlighting the domains that mostly use hybrid techniques by defining the ones with the highest frequency of implementation in each domain we predefined. During the selection process from the 4 selected databases, 2251 works were taken into consideration, of which 25 were the ones that were included in the review process through various filtering steps and exclusion criteria. Ongoing, we defined four main categories where we presented each paper individually by briefly explaining the underlying data, the proposed hybrid forecasting approach and the evaluation performance metrics such as root mean square error (RMSE), mean absolute error (MAE), and mean absolute percentage error (MAPE). In a summary table, we highlight the most used hybrid methods for each domain, concluding which of the statistical and deep learning methods are mostly applied in the specified domains.&lt;/span&gt;",2026-03-23
yes,UT,W4415268218,https://doi.org/10.37394/232018.2025.13.57,From Ultrasound Image Collection to De-identification and Re-identification: A Practical Pipeline,Hafsa Laçi; Ilta Bylykbashi; Kozeta Sevrani,University of Medicine Tirana; University of Tirana,2025,0,True,https://doi.org/10.37394/232018.2025.13.57,WSEAS TRANSACTIONS ON COMPUTER RESEARCH,en,"Many AI research initiatives consider medical images a crucial resource to improve or enhance healthcare outcomes. The lack of high-resolution real-world image datasets, detailed annotations, and clinical relevance forces researchers to use public datasets as an alternative. The latter often impacts the accuracy of results and impedes further advancements of AI in this field. Meanwhile, in limited scenarios where researchers can collect real-world data, ensuring patient privacy becomes their primary concern. To minimize the risk of private information disclosure, images must be de-identified in a way that preserves their research value. Numerous studies focusing on de-identification approaches are available in the literature. However, there are often gaps or missing points in creating a real valuable dataset because simply de-identifying images is not sufficient. Creating medical image datasets for AI research projects involves many steps beyond just protecting patient identity. This study contributes to the existing research by presenting a comprehensive process for creating a clean and safe ultrasound images dataset, using real data as a basis. The authors introduce a real-world pipeline named UltraSafe, which serves as a semi-automated or automated tool that considers all the necessary steps, such as on-site ultrasound data collection from a private clinic, data cleaning, annotation, de-identification, and re-identification.",2026-03-23
yes,UT,W4417026910,https://doi.org/10.20944/preprints202512.0453.v1,Guest Acceptance of Smart and AI Technologies in Hospitality: Evidence from Behavioral and Financial Intentions in an Emerging Market (Albania),Majlinda Godolja; Romina Muka; Tea Tavanxhiu; Kozeta Sevrani,University of Tirana,2025,0,True,https://www.preprints.org/frontend/manuscript/871a0cd64340d9007b448e97999fc39e/download_pub,Preprints.org,,"The rapid integration of artificial intelligence (AI) and smart technologies is transforming hospitality operations, yet guest acceptance remains uneven, shaped by utilitarian, experiential, ethical, and cultural evaluations. This study develops and empirically tests a multicomponent framework to explain how these factors jointly influence two behavioral outcomes: whether AI-enabled features affect hotel choice and whether guests are willing to pay a premium. A cross-sectional survey of 689 hotel guests in Tirana, Albania, an emerging hospitality market and rapidly growing tourist destination in the Western Balkans, was analyzed using cumulative link models, partial proportional-odds models, nonlinear and interaction extensions, and binary robustness checks. Results show that prior experience with smart or AI-enabled hotels, higher awareness, and trust in AI, especially trust in responsible data handling, consistently increase both acceptance and willingness to pay. Perceived value, operationalized through the breadth of identified benefits and desired features, also exhibits robust positive effects. In contrast, privacy concerns selectively suppress strong acceptance, particularly financial willingness, while cultural–linguistic fit and support for human–AI collaboration contribute positively but modestly. Interaction analyses indicate that trust can mitigate concerns about reduced personal touch. Open-ended responses reinforce these patterns, highlighting the importance of privacy, human interaction, and staff–AI coexistence. Overall, findings underscore that successful AI adoption in hospitality requires aligning technological innovation with ethical transparency, experiential familiarity, and cultural adaptation.",2026-03-23
yes,UT,W7128421036,https://doi.org/10.31893/multiscience.2026446,Application of machine learning algorithms for NPL prediction based on financial data. The case of Albania,Sauda Nerjaku; Valentina Sinaj,University of Tirana,2026,0,True,https://malque.pub/ojs/index.php/msj/article/download/13446/5807,Multidisciplinary Science Journal,,"Machine learning has become increasingly important in predicting nonperforming loans (NPLs), offering greater accuracy than traditional risk assessment methods. As lending activity continues to expand in Albania, accurately forecasting nonperforming loans is therefore essential to minimize potential risks to financial stability. Using data obtained from the Bank of Albania, this study aims to forecast the NPL ratio for the period 2017–2023 using seven bank-specific financial indicators. Two supervised learning algorithms: Random Forest (RF) and Support Vector Machine (SVM) are employed for this purpose and model performance was evaluated using root mean squared error (RMSE) and mean absolute error (MAE). Furthermore, this paper identifies key factors via feature importance analysis and evaluates how excluding less relevant variables impacts predictive accuracy. The results show that before feature selection, RF model outperformed the SVM, achieving the lowest RMSE and MAE values of 0.015 and 0.012, respectively. The most influential variables were identified as Loan Loss Reserves/Total Loans and Bank Loans/Total Assets, whereas several of the indicators exhibited negligible effects. Model performance for both RF and SVM improved slightly after removing less relevant variables, as indicated by lower RMSE and MAE values. While the SVM model’s accuracy increased after dimensionality reduction, RF model still outperformed it overall based on the performance metrics. Specifically, the simplified RF achieved superior results, recording an RMSE of 0.011 and an MAE of 0.009, while also attaining the highest adjusted R2 among all models. The findings confirm the importance of variable selection in enhancing model performance and demonstrate RF as the most effective tool for NPL prediction in Albania. These results provide practical implications for banks and regulators, supporting the development of early warning systems and contributing to financial stability.",2026-03-23
yes,UT,W7128440946,https://doi.org/10.3390/systems14020188,A Technological Blueprint for Smart and AI-Driven Hospitality in Emerging Tourism Markets: Evidence from Albania,Tea Tavanxhiu; Majlinda Godolja; Kozeta Sevrani; Matilda Naço,University of Tirana,2026,0,True,https://www.mdpi.com/2079-8954/14/2/188/pdf?version=1770805889,Systems,en,"Emerging hospitality markets confront a two-speed ecosystem where operational digitalization outpaces strategic AI readiness, creating a benefit–feasibility gap. Providers recognize substantial technology value yet face implementation constraints from costs, integration complexity, and skills shortages, while guests demonstrate acceptance conditional on trust, with privacy concerns suppressing willingness to pay. Drawing on dual-perspective empirical evidence from Albania’s accommodation sector consisting of a national provider readiness assessment (N = 1821) and a guest acceptance study (N = 689) conducted in prior research, this Design Science Research study develops a segment-differentiated technological blueprint through systematic integration of Design Thinking, service blueprinting, and systems thinking methodologies. Integrated TAM-TOE-DOI framework analysis reveals three distinct provider segments requiring differentiated implementation pathways: Tech Leaders positioned for AI capabilities, Selective Adopters benefiting from smart modules, and Skeptics requiring foundational capabilities. Empirical evidence establishes that regional ecosystem characteristics outweigh organizational scale in determining adoption feasibility, trust operates as a gating condition moderating acceptance and financial commitment, and supply–demand misalignment creates bottlenecks invisible to single-perspective assessments. Theoretical contributions extend TAM-TOE-DOI frameworks from explanatory constructs to design requirements, conceptualize supply–demand alignment as an adoption mechanism, and generate two generalizable design principles: dual-constraint satisfaction requiring simultaneous provider feasibility and guest acceptance, and trust-as-architecture embedding trust mechanisms as structural properties. The proposed segment-differentiated technological blueprint offers actionable implementation pathways aligned with varying levels of provider readiness, providing transferable guidance for policymakers, technology vendors, education providers, and accommodation providers across the Western Balkans, the Mediterranean, and other post-transition economies facing similar heterogeneity in readiness and resource constraints.",2026-03-23
yes,UT,W4405913001,https://doi.org/10.52320/svv.v1iix.357,CHALLANGES AND OPPORTUNITIES OF AI IMPLEMENTATION IN TOURISM: AN ETHICAL AND TECHNOLOGICAL PERSPECTIVE,Anxhela Ferhataj; Fatmir Memaj,"EU Business School, Geneva; University of Tirana; European University of Tirana",2024,4,True,https://ojs.kvk.lt/index.php/SVV/article/download/357/299,STUDIJOS – VERSLAS – VISUOMENĖ DABARTIS IR ATEITIES ĮŽVALGOS,en,"The worldwide tourist sector is undergoing a dramatic shift, driven by the integration of artificial intelligence (AI) technologies that promise extraordinary improvements in service personalization and operational efficiency. However, the adoption of AI raises substantial ethical concerns, notably those related to data protection and decision-making transparency. The main aim of this study is to investigate the transformative influence of AI in tourism, specifically emphasizing how AI-driven technologies improve service personalization and consumer experiences. The research aims to identify and assess the ethical and technological obstacles associated with AI integration in the sector, proposing strategies for its responsible and sustainable adoption. The study, based on a quantitative analysis of 142 participants surveyed in Albania between July and August 2024, focuses on tourists' perceptions of the benefits and risks associated with AI-driven services, with a focus on personalization, privacy, and technological barriers that may impede widespread adoption. The findings indicate that AI-driven personalized services significantly enhance tourist satisfaction, with respondents reporting higher levels of contentment when utilizing tailored services. However, ethical dilemmas and data privacy concerns emerged as prominent issues, with many travelers expressing apprehension about the collection and use of personal data. This highlights the necessity for transparent data practices and ethical considerations in AI deployment. Additionally, the study reveals that while there are challenges related to technological readiness, tourists perceive considerable opportunities for AI to streamline processes and enhance their travel experiences. This research underscores the importance of balancing technological advancements with ethical considerations in the tourism industry. To address the identified concerns, the sector must prioritize transparency in AI algorithms and robust data privacy measures, fostering responsible AI adoption that enhances consumer trust. These insights contribute to the ongoing discourse on AI's transformative potential in tourism and provide a foundation for future research aimed at understanding and addressing the ethical implications of AI integration.",2026-03-23
yes,UT,W4406560865,https://doi.org/10.25019/qkspkd85,AI-driven innovation within the ICT sector,Erika Grabocka; Ervisa NDOKA,University of Tirana,2025,2,True,https://scrd.eu/index.php/scrd/article/download/593/553,Smart Cities and Regional Development (SCRD) Journal,en,"Innovation is pivotal in the competitive landscape of the Information and Communication Technology (ICT) sector, particularly in the context of rapidly evolving technological advancements. This research examines the instrumental role of Artificial Intelligence (AI) in facilitating innovation within the ICT sector, explaining its significance amidst accelerating technological progress. Utilizing articles from reputable high-impact journals published between 2019 and 2024, this paper meticulously analyzes recent contributions to clarify the integration of AI into innovation processes. The study builds upon foundational concepts in innovation management and contemporary advancements in AI frameworks, including AI Centered Design Thinking, the AI Adaptive Three-Horizons Framework, the AI Enabled Open Innovation Paradigm, the AI Specific Stage-Gate Model, and the AI Optimized Lean Startup Methodology, thereby contributing to the ongoing discourse surrounding AI integration in organizations. Employing a comprehensive literature review, the research systematically interrogates peer-reviewed articles from relevant databases, focusing on empirical evidence and theoretical insights regarding the influence of AI on innovation. The findings reveal that the strategic application of these frameworks significantly enhances decision-making efficiency, promotes user-centered design, and mitigates risks associated with AI deployment. The implications of this research are multifaceted, offering critical insights for academics, practitioners, and policymakers within the ICT sector. By highlighting the necessity of ethical considerations such as bias reduction and transparency in AI initiatives, the study emphasizes the imperative of responsible innovation practices. Ultimately, this research uniquely contributes to the field by providing a comprehensive synthesis of existing frameworks and their applicability to AI driven innovation, advocating for the continuous evolution of these frameworks to align with emerging technological trends. This focus affirms the relevance and significance of the study in advancing both theoretical understanding and practical application within the ICT sector.",2026-03-23
yes,UT,W4386607180,https://doi.org/10.21203/rs.3.rs-3314855/v1,Unveiling the Digital Fingerprints: Analysis of Internet attacks based on website fingerprints,Blerim Rexha; Arbena Musa; Kamer Vishi; Edlira Martiri,University of Tirana; University of Oslo; University of Prishtina,2023,0,True,https://www.researchsquare.com/article/rs-3314855/latest.pdf,Research Square (Research Square),en,"Abstract Parallel to our physical activities our virtual presence also leaves behind our unique digital fingerprints, while navigating on the Internet. These digital fingerprints have the potential to unveil users' activities encompassing browsing history, utilized applications, and even devices employed during these engagements. Many Internet users tend to use web browsers that provide the highest privacy protection and anonymization such as Tor. The success of such privacy protection depends on Tor feature to anonymize end user IP address and other metadata that constructs the website fingerprint. In this paper, we show that using the newest machine learning algorithms an attacker can deanonymize Tor traffic by applying such techniques. In our experimental framework, we establish a baseline and comparative reference point using a publicly available dataset from Universidad Del Cauca, Colombia. We capture network packets across 11 days, while users navigate specific web pages, recording data in .pcapng format through the Wireshark network capture tool. Excluding extraneous packets, we employ various machine learning algorithms in our analysis. The results show that the Gradient Boosting Machine algorithm delivers the best outcomes in binary classification, achieving an accuracy of 0.8363. In the realm of multi-class classification, the Random Forest algorithm attains an accuracy of 0.6297.",2026-03-23
yes,UT,W4407604885,https://doi.org/10.33422/imeconf.v2i1.841,The Impact of AI and ML Tools on the Accounting and Auditing Profession: A Survey of Student Expectations,Almina Doko,University of Medicine Tirana; Albanian University; University of Tirana,2025,0,True,https://www.dpublication.com/conference-proceedings/index.php/imeconf/article/download/841/534,Proceedings of The International Conference on Research in Management and Economics,en,"The accounting and auditing profession is undergoing a significant transformation driven by the rapid advancement and incorporation of artificial intelligence (AI) and machine learning (ML) tools. These innovative technologies have the potential to automate mundane tasks, improve data analysis capabilities, and enhance decision-making processes, fundamentally changing how accounting and auditing professionals carry out their responsibilities. While these advancements present challenges and opportunities, they also require a reevaluation of skills, knowledge, and ethical considerations for the profession to flourish in this evolving environment. This paper investigates the expectations of accounting and auditing students regarding the impact of artificial intelligence (AI) and machine learning (ML) tools on their future professions. Data was collected through a structured survey questionnaire completed by a sample of 98 students. Statistical methods, including regression analysis, were used to analyze the collected data. The results indicate that students are generally optimistic about the potential of these technologies to enhance efficiency, accuracy, and decision-making in accounting and auditing. However, they also express apprehensions about job security and the necessity for continuous learning to adapt to technological advancements.This research contributes to the literature by offering insights into the expectations of future professionals in the accounting and auditing domain and emphasizing the significance of preparing students for the evolving technological landscape. The study’s findings underline the importance of aligning educational programs with the demands of AI and ML integration to ensure the readiness of future practitioners.",2026-03-23
yes,UT,W4413420839,https://doi.org/10.31410/balkans.jetss.2025.8.1.49-57,Regulation of Platform Work in the EU: A Comparative Analysis of the Draft Directive of 2021 and the Directive (EU) 2024/2831,Inva Koçiaj; Eneida Sema,University of Tirana,2025,0,True,https://balkans-jetss.org/index.php/index_bjetss/article/download/135/114,Balkans Journal of Emerging Trends in Social Sciences,en,"This article aims to analyse the normative evolution from the initial proposal of the European Commission in 2021 on the regulation of work on digital platforms to the adoption of Directive (EU) 2024/2831. The 2021 draft was perceived as a step towards formalising the status of platform workers and establishing a legal presumption of the existence of an employment relationship. However, the interinstitutional negotiation process lasted over two years and resulted in significant changes in content and the balance between worker protection and the flexibility required by platforms. The article examines the main differences between the Draft Directive of the EU and the Directive of the EU 2024/2831. These two legal acts focus on provisions related to legal presumption, algorithmic management, transparency, and collective participation. By analysing the reasons that led to the final modifications and their expected impact on labour law at the European level, the paper aims to contribute to the debates about fair and effective labour regulation in the digital economy.",2026-03-23
yes,UT,W7117587373,https://doi.org/10.13166/jms/215775,Between ethics and algorithms: protecting rights in the digital era,Erinda Ballanca,University of Tirana,2025,0,True,https://www.jomswsge.com/pdf-215775-133792?filename=Between-ethics-and-algori.pdf,Journal of Modern Science,uk,"This paper looks into ethics and algorithmic governance in the digital era, with a focus on the risks and opportunities associated with the digitalization of public services. As governments increasingly adopt digital technologies to deliver administrative services, including artificial intelligence (AI)-driven tools, new challenges emerge regarding the protection of fundamental rights, transparency, and inclusion. The purpose of this study is to examine how digital transformation affects human rights, particularly in developing democracies, and what regulatory responses are needed to ensure that innovation does not undermine individual freedoms. The analysis adopts a qualitative and interdisciplinary approach, combining legal review, policy analysis, and illustrative case studies. International instruments such as UNESCO’s AI Ethics Recommendation, the EU’s Artificial Intelligence Act, and the Council of Europe’s Framework Convention on AI are reviewed and compared with national initiatives. Albania is used as a case study to illustrate the rapid digitalization of public administration. The country has transitioned to a fully electronic model for public service delivery, with 95% of services now offered online. However, the study finds significant legal and ethical gaps, including a lack of binding rules on algorithmic transparency, accountability, and anti-discrimination safeguards. Vulnerable groups face barriers in accessing digital services due to limited digital literacy and absence of alternative access options. The discussion highlights the urgent need for a rights-based digital governance framework that integrates ethical safeguards from the outset.",2026-03-23
yes,UT,W7118576169,https://doi.org/10.31893/multirev.2026315,Awareness and attitudes toward digital work platforms among Albanian students,Xhenis Sina; Inva Koçiaj,University of Tirana,2025,0,True,https://malque.pub/ojs/index.php/mr/article/download/12975/5522,Multidisciplinary Reviews,,"In recent years, digital labor platforms have significantly transformed the landscape of work opportunities across the globe. Prominent examples of these platforms include Glovo, Wolt, Fiverr, and Upwork, each offering a unique interface for connecting workers with a variety of tasks and projects. However, in countries such as Albania, whose economy is still developing, knowledge and engagement with such platforms remain limited, particularly among younger populations. This study presents the results of a structured survey conducted with 200 students from the Faculty of Law, University of Tirana, aiming to assess their awareness of digital labor platforms and their legal implications. The findings reveal a striking lack of knowledge; 90% of respondents stated that they have no information about how digital labour platforms operate or about the rights and obligations of workers engaged in such forms of employment. Only a small minority, approximately 10%, even had a basic understanding of such forms of employment. These data raise significant concerns about the preparedness of the future workforce to participate in the platform economy and highlight the risk of digital exclusion. The article discusses these results within the broader context of European Union-level regulation, as Albania is a candidate for Union membership, and the emerging legal frameworks on algorithmic management and platform workers’ rights. This study calls for urgent awareness campaigns, legal literacy programs, and the integration of platform economy topics into academic curricula to address this knowledge gap. By shedding light on the current state of awareness among students, this research contributes to the policy discourse on inclusive and fair digital transitions in labour markets.",2026-03-23
yes,UT,W7131275768,https://doi.org/10.70827/bdvtaaa,BIG DATA VISUALIZATION THROUGH AI AND ANALYTICAL TECHNIQUES,Emiranda Loka; Alda Kika,University of Tirana,2025,0,True,https://jns.edu.al/wp-content/uploads/2026/02/2-Inform.-Emiranda-Loka_Alda-Kika.pdf,Journal of Natural Sciences,,"The rise of massive, heterogeneous, and rapidly evolving datasets has amplified the need for intelligent visualization systems capable of supporting insight extraction, interpretability, and decision-making at scale. Traditional visualization approaches face limitations when confronted with high- dimensional, unstructured, or streaming big data. Recent developments in artificial intelligence (AI), machine learning (ML), and analytical modeling offer new techniques to automate and enhance data visualization pipelines. This paper presents a comprehensive review of big data visualization augmented by AI and analytical techniques, emphasizing recent advances from 2022–2025, including generative AI for visualization automation, Explainable AI (XAI) integration, human–AI collaboration, and scalable ML- driven frameworks. Challenges and future directions are also identified, linking technological progress with emerging needs in interpretability, scalability, and ethical visualization practices.",2026-03-23
yes,UT,W4409480397,https://doi.org/10.70827/1224afaop,AUTOMATING FINANCIAL AND OPERATIONALPROCESSES USING ERP SYSTEMS IN DEVELOPINGCOUNTRIES: TRENDS AND CHALLENGES,ERNEST SHAHINI; ANA KTONA,University of Tirana,2024,0,True,https://doi.org/10.70827/1224afaop,Journal of Natural Sciences,en,"This literature review explores how the implementation of ERP (Enterprise Resource Planning) systems helps automate financial and operational processes. ERPs integrate different business functions such as financials, logistics, human resources and other modules improving efficiency and transparency. Although ERP implementation holds great potential in company transformation, this process has significant challenges like high initial implementation cost, expensive infrastructure and maintenance, lack of skilled resources and organizational resistance to change. The review highlights of ERP advantages such as unified processes, having all data in one place, improved collaboration between different departments, which are very important for companies. New trends, especially artificial intelligence for automatization of different processes and real time data analysis for better decision-making need to be taken into consideration for their potential to reduce cost and increase performance. Companies in developing countries might face atypical barriers during digital transformations like local fiscal regulations and cultural resistance, which can be very important to be consider ensuring project success. Future research should focus on making AI technology usable on this products even for the small enterprises, collaboration with academic institutions to make the implementation modular and pre-setup. This will ensure easier access to this kind of projects for every company and driving substantial economic growth.",2026-03-23
yes,UT,W4388946655,https://doi.org/10.3389/fmicb.2023.1250806,A toolbox of machine learning software to support microbiome analysis,Laura Judith Marcos-Zambrano; Víctor Manuel López-Molina; Burcu Bakır-Güngör; Marcus Frohme; Kanita Karađuzović-Hadžiabdić; Thomas Klammsteiner; Eliana Ibrahimi; Leo Lahti; Tatjana Lončar-Turukalo; Xhilda Dhamo; Andrea Simeon; Alina Nechyporenko; Gianvito Pio; Piotr Przymus; Alexia Sampri; Vladimir Trajkovik; Blanca Lacruz-Pleguezuelos; Oliver Aasmets; Ricardo Araújo; Ioannis Anagnostopoulos; Önder Aydemir; Magali Berland; M. Luz Calle; Michelangelo Ceci; Hatice Duman; Aycan Gündoğdu; Aki S. Havulinna; Kardokh Hama Najib Kaka Bra; Eglantina Kalluçi; Sercan Karav; Daniel Lode; Marta B. Lopes; Patrick May; Bram Nap; Miroslava Nedyalkova; Inês Paciência; Lejla Pašić; Meritxell Pujolassos; Rajesh Shigdel; Antonio Susín; Ines Thiele; Ciprian‐Octavian Truică; Paul Wilmes; Ercüment Yılmaz; Malik Yousef; Marcus J. Claesson; Jaak Truu; Enrique Carrillo de Santa Pau,"Université Paris-Saclay; University of Tirana; BioSense Institute; Kharkiv National University of Radio Electronics; Nicolaus Copernicus University; University of Novi Sad; Karadeniz Technical University; International University of Sarajevo; i3S - Instituto de Investigação e Inovação em Saúde, Universidade do Porto; Consorzio Interuniversitario Nazionale per l'Informatica; University of Luxembourg; University of Bari Aldo Moro; Erciyes University; University of Bergen; University of Piraeus; Ollscoil na Gaillimhe – University of Galway; University College Cork; IMDEA Food; Technical University of Applied Sciences Wildau; Çanakkale Onsekiz Mart Üniversitesi; University of Turku; Saints Cyril and Methodius University of Skopje; University of Oulu; University of Thessaly; Sofia University ""St. Kliment Ohridski""; Sarajevo School of Science and Technology; University of Tartu; Zefat Academic College; Universität Innsbruck; Universitat de Vic - Universitat Central de Catalunya; Madrid Institute for Advanced Studies; Institute for Molecular Medicine Finland; Finnish Institute for Health and Welfare; Universidade Nova de Lisboa; Universidade do Porto; Institut National de Recherche pour l'Agriculture, l'Alimentation et l'Environnement; Abdullah Gül University; University of Cambridge; Universitat Politècnica de Catalunya; Universitatea Națională de Știință și Tehnologie Politehnica București; APC Microbiome Institute",2023,28,True,https://www.frontiersin.org/articles/10.3389/fmicb.2023.1250806/pdf?isPublishedV2=False,Frontiers in Microbiology,en,"The human microbiome has become an area of intense research due to its potential impact on human health. However, the analysis and interpretation of this data have proven to be challenging due to its complexity and high dimensionality. Machine learning (ML) algorithms can process vast amounts of data to uncover informative patterns and relationships within the data, even with limited prior knowledge. Therefore, there has been a rapid growth in the development of software specifically designed for the analysis and interpretation of microbiome data using ML techniques. These software incorporate a wide range of ML algorithms for clustering, classification, regression, or feature selection, to identify microbial patterns and relationships within the data and generate predictive models. This rapid development with a constant need for new developments and integration of new features require efforts into compile, catalog and classify these tools to create infrastructures and services with easy, transparent, and trustable standards. Here we review the state-of-the-art for ML tools applied in human microbiome studies, performed as part of the COST Action ML4Microbiome activities. This scoping review focuses on ML based software and framework resources currently available for the analysis of microbiome data in humans. The aim is to support microbiologists and biomedical scientists to go deeper into specialized resources that integrate ML techniques and facilitate future benchmarking to create standards for the analysis of microbiome data. The software resources are organized based on the type of analysis they were developed for and the ML techniques they implement. A description of each software with examples of usage is provided including comments about pitfalls and lacks in the usage of software based on ML methods in relation to microbiome data that need to be considered by developers and users. This review represents an extensive compilation to date, offering valuable insights and guidance for researchers interested in leveraging ML approaches for microbiome analysis.",2026-03-23
yes,UT,W4403778721,https://doi.org/10.21203/rs.3.rs-5245832/v1,NIR Spectroscopy Application for Quality Control of Wheat Grain Produced in Albania,Lorena Mato; Arben Osmanaj; Ardiana Topi; Dritan Topi; Naser Bajraktari,"University ""Haxhi Zeka""; University of Tirana; European University of Tirana; Rochester Institute of Technology Kosovo",2024,0,True,https://www.researchsquare.com/article/rs-5245832/latest.pdf,,en,"<title>Abstract</title> Wheat and its processed flour-based items have been one of the main staple foods of Europeans, including Albanians. Its nutritional importance is attributed to its role as a crucial source of microelements and its versatility for conversion into many processed products, including bread, pasta, and pastries. Global marketplaces are concentrating on their quality indicators about safety and security. The study utilized near-infrared spectroscopy to assess the quality of domestically grown wheat by analyzing physicochemical characteristics, including protein, gluten, starch, moisture, and sedimentation index. This study included the application of NIRS in tandem with machine learning as a sustainable processing and quality assessment tool in cereals. Seventy-five samples were gathered from various areas throughout the 2022 harvesting season, either straight from the field or from silos. The protein content varied from 9.6–15.0%, with a mean of 12.7%. The gluten concentration varied between 19.4% and 37.5%, with a mean of 27.5%. The starch content ranged from 66.3–71.5%, with a mean value of 68.9%. The sedimentation index was measured between 21.1 and 57.8 cm<sup>3</sup>, with an average of 37.6 cm<sup>3</sup>. The moisture level varied between 9.8% and 12.5%, indicating that all wheat samples remained within the maximum limit of 14.5% stipulated by national and European Union food regulations. The crop quality indicators generated in Albania met the quality criteria established by EU and state food legislation.",2026-03-23
yes,UT,W4390933839,https://doi.org/10.4018/979-8-3693-0255-2.ch005,Synthetic Data Generation,Edlira Martiri,University of Tirana,2024,5,False,,Advances in business information systems and analytics book series,en,"This chapter offers a comprehensive examination of contemporary practices in synthetic data generation. Its primary objective is to analyze and synthesize the methodologies, techniques, applications, and challenges associated with synthetic data across diverse scientific disciplines. The motivation behind the use of synthetic data stems from data privacy concerns, limitations in data availability, and the necessity for diverse, representative datasets. This chapter delves into various synthetic data generation methods, such as statistical modeling, generative adversarial networks (GANs), simulation-based techniques, and data envelopment analysis (DEA). It also scrutinizes the evaluation metrics for assessing synthetic data quality and privacy preservation. The chapter highlights applications in healthcare, finance, social sciences, and computer vision, and discusses emerging trends, including deep learning integration and domain adaptation. Researchers, practitioners, and policymakers will gain valuable insights into the state-of-the-art in synthetic data generation.",2026-03-23
yes,UT,W4406459672,https://doi.org/10.1109/ithet61869.2024.10837607,Using AI to Improve Accessibility and Inclusivity in Higher Education for Students with Disabilities,Xhulio Mitre; Muhamet Zeneli,University of Tirana,2024,11,False,,,en,"Around 1.3 billion, or more than 15% of the global population, suffer from a significant form of disability, with students and researchers in this category being underrepresented in higher education. This paper examines the use of Interactive Artificial Intelligence solutions to improve the inclusivity and accessibility of students with disabilities in higher education. The paper addresses the failure of traditional education methods to accommodate the diverse needs of people with disabilities. Through an exploratory literature review, several AI-driven solutions, like assistive technologies, adaptive-learning systems, and generative AI chatbots and virtual assistants, have been reviewed to understand how AI could be leveraged to create an inclusive learning environment. Key results show AI-driven solutions' potential to transform the learning process of people with disabilities by creating personalized learning paths, increasing access to educational resources, and supporting real-time communication. Additionally, the research highlights ethical concerns about the integration of AI in education, emphasizing the need for the participation of disabled individuals in the developmentprocess.",2026-03-23
yes,UT,W4416102023,https://doi.org/10.55214/2576-8484.v9i11.10877,Digital transformation and AI integration in accounting education: Evidence from Albania,Nertila Çika,University of Tirana,2025,1,True,https://learning-gate.com/index.php/2576-8484/article/download/10877/3500,Edelweiss Applied Science and Technology,,"The ongoing digital transformation of higher education has profoundly reshaped accounting pedagogy, redefining how knowledge is delivered, assessed, and applied in professional practice. As Artificial Intelligence (AI) and Information Technology (IT) increasingly influence learning environments, universities face the dual challenge of modernizing their curricula while maintaining educational quality and ethical integrity. This study investigates how AI and IT integration enhance teaching and learning outcomes in Albanian universities, focusing on the mediating role of digital literacy and the moderating influence of institutional support. Using a mixed-method design, the research combines quantitative survey data from 215 respondents (170 students and 45 instructors) with qualitative interviews of academic leaders. Statistical analysis employing PROCESS models (4 and 7) validates the conceptual framework and confirms that AI–IT integration improves student performance directly (H1) and indirectly through digital literacy (H2), while institutional support partially moderates this relationship (H3). Reliability (α = 0.87) and factor diagnostics ensure methodological rigor. The findings emphasize that successful digital transformation in accounting education depends not only on technological infrastructure but also on human capacity, leadership engagement, and ethical use of AI tools. By aligning its implications with the EU Digital Education Action Plan (2021–2027), this study contributes practical guidance for higher-education institutions seeking sustainable modernization and serves as a replicable model for other transitional economies in the Western Balkans and beyond.",2026-03-23
yes,UT,W4409274183,https://doi.org/10.13189/ujaf.2025.130301,Empirical Study of the Degree of Knowledge of Standards and References in Financial Information - Case of Albania,Almina Doko; Rezarta Shkurti,University of Medicine Tirana; University of Tirana,2025,0,True,http://www.hrpub.org/download/20250330/UJAF1-12240410.pdf,Universal Journal of Accounting and Finance,en,"The quality of financial reporting is a crucial determinant of economic transparency, particularly for small and medium-sized enterprises (SMEs) operating in emerging markets, which are the main economic contributors in the respective markets and whose level of financial reporting quality usually is lower than that of bigger firms. This study investigates the state of financial reporting knowledge among medium-sized enterprises in Albania, focusing on their compliance with financial standards, challenges encountered, and the broader implications for the Albanian economy. Findings reveal that while many small and medium-sized enterprises demonstrate a basic understanding of financial reporting requirements and rules, significant deficiencies persist, particularly in smaller and less formalized enterprises. Limited access to professional expertise and inconsistencies in regulatory enforcement exacerbate these challenges, hindering small and medium-sized enterprises' ability to produce accurate and compliant financial statements. As financial reporting evolves in a rapidly changing technological landscape, knowledge of frameworks like eXtensible Business Reporting Language (XBRL), the General Data Protection Regulation (GDPR), the Digital Operational Resilience Act (DORA), the IFRS Taxonomy, and emerging standards like the AI Act and the Corporate Sustainability Reporting Directive (CSRD) is becoming increasingly essential for businesses to ensure transparency, accuracy, and compliance. The study highlights the need for targeted educational initiatives and regulatory reforms to improve financial literacy and enhance reporting practices. This research contributes to the field by offering insights into the unique challenges faced by small and medium-sized enterprises in Albania, providing a foundation for policymakers to design interventions aimed at strengthening financial transparency and corporate governance. Practical implications include the potential for improved financial statement accuracy to attract investment and foster economic growth. Socially, the study underscores the role of transparent financial reporting in building trust within Albania's corporate ecosystem. Future research should consider longitudinal studies to track the impact of regulatory changes and educational programs on financial reporting practices.",2026-03-23
yes,THWS,W4416104283,https://doi.org/10.59476/mtt2025.v2i21.730,Human-centred robotics and the EU AI Act: selected standards and implications,Ralf Roßkopf,Technical University of Applied Sciences Würzburg-Schweinfurt,2025,0,True,https://ojs.kaunokolegija.lt/index.php/mttlk/article/download/730/779,Mokslo taikomieji tyrimai / Applied Research,lt,"Robotics and AI are key factors in enhancing business and national resilience, particularly in maintaining high-wage manufacturing in countries facing demographic challenges. Both are instrumental in making manufacturing more agile and flexible. Robots and humans will have to collaborate closely. Creating the necessary intelligent autonomous systems will go well beyond the typical considerations of machine learning. In line with the EU’s Industry 5.0 vision for a sustainable, human-centred and resilient European industry, humans and robots are expected to work so closely together that robot software must be designed with humans in mind from the outset. Thus, ethical, legal, and social implications (ELSI) must also be considered. Legal implications are multifaceted, ranging from AI Law, Product Liability Law, Product Safety Law, Machinery Law, to Technical Standards, Data Protection Law, Copyright and IP Law, Labour Law, etc. This contribution will briefly introduce the required technical features and, based on that, explore selected relevant legal implications and related standards of the new EU AI Act. The Act aims to promote human-centricity and entered into force on 1 August 2024, with its applicability phased in over a period of three years until 2 August 2027. Special references will be made to human-centredness, the subsumption of the plant owner to the categories of obligated parties (provider, product manufacturer, deployer, authorised representative or distributor), as well as the classification to the AI risk scheme (prohibited risks, high risks, transparency risks, general-purpose risks, and systemic risks as well as minimal risks) and related obligations. The high relevance of the AI Act for industrial human-robot settings will be shown. As AI evolves exponentially, so does its significance for industrial and national agility and resilience. Obligations vary widely according to risk classification and the obligated operator. Coordination and information flows between providers and deployers of related AI systems are key. As plant owners might become providers themselves, the duties could be more varied than initially assumed. Design and implementation of human-centred robotic scenarios, thus, should be well planned, structured, documented, and constantly evaluated. The respective AI models and AI systems need to be legally compliant and human-centred by design. An unprecedented dialogue across disciplinary fields is required.",2026-03-23
yes,THWS,W7133219553,https://doi.org/10.3390/electronics15051047,Defamiliarization Attack: Literary Theory Enabled Discussion of LLM Safety,Bibin Babu; Iana Agafonova; Sebastian Biedermann; Ivan P. Yamshchikov,Technical University of Applied Sciences Würzburg-Schweinfurt; University of Padua,2026,0,True,https://www.mdpi.com/2079-9292/15/5/1047/pdf,Electronics,en,"This paper introduces a multi-turn large language model (LLM) jailbreaking attack called Defamiliarization, in which malicious queries are embedded within ostensibly harmless narratives. By reframing requests in “unmarked” contexts, LLMs can be coerced into producing undesirable outputs. A range of scenarios is documented, from planning ethically dubious actions to selectively overlooking critical events in literary texts, thereby exposing the limitations of alignment strategies predicated on detecting trigger words or semantic cues. Rather than substituting vocabulary, defamiliarization manipulates context and presentation, highlighting vulnerabilities that cannot be addressed by token-level fixes alone. Beyond demonstrating the effectiveness of defamiliarization as an attack strategy, evidence is presented of a systematic relationship between model scale and susceptibility. Experiments reveal that smaller-parameter models are significantly easier to manipulate using defamiliarized prompts. This finding raises important concerns regarding the growing popularity of lightweight, locally hosted LLMs, which are favored for their lower computational requirements but may lack alignment safeguards. A more holistic approach to LLM safety is advocated—one that incorporates insights from literary theory, ethics, and user experience—treating these models as interpretive agents. By doing so, defenses against covert manipulations can be strengthened and AI systems can remain aligned with human values.",2026-03-23
yes,THWS,W3101243682,https://doi.org/10.3390/jmmp4040108,Advances in Machine Learning Detecting Changeover Processes in Cyber Physical Production Systems,Bastian Engelmann; Simon Schmitt; Eddi Miller; Volker Bräutigam; Jan Schmitt,Technical University of Applied Sciences Würzburg-Schweinfurt,2020,25,True,https://www.mdpi.com/2504-4494/4/4/108/pdf,Journal of Manufacturing and Materials Processing,en,"The performance indicator, Overall Equipment Effectiveness (OEE), is one of the most important ones for production control, as it merges information of equipment usage, process yield, and product quality. The determination of the OEE is oftentimes not transparent in companies, due to the heterogeneous data sources and manual interference. Furthermore, there is a difference in present guidelines to calculate the OEE. Due to a big amount of sensor data in Cyber Physical Production Systems, Machine Learning methods can be used in order to detect several elements of the OEE by a trained model. Changeover time is one crucial aspect influencing the OEE, as it adds no value to the product. Furthermore, changeover processes are fulfilled manually and vary from worker to worker. They always have their own procedure to conduct a changeover of a machine for a new product or production lot. Hence, the changeover time as well as the process itself vary. Thus, a new Machine Learning based concept for identification and characterization of machine set-up actions is presented. Here, the issue to be dealt with is the necessity of human and machine interaction to fulfill the entire machine set-up process. Because of this, the paper shows the use case in a real production scenario of a small to medium size company (SME), the derived data set, promising Machine Learning algorithms, as well as the results of the implemented Machine Learning model to classify machine set-up actions.",2026-03-23
yes,THWS,W3205696641,https://doi.org/10.14428/esann/2021.es2021-4,"Federated Learning - Methods, Applications and beyond",Moritz Heusinger; Christoph Raab; Fabrice Rossi; Frank-Michael Schleif,Technical University of Applied Sciences Würzburg-Schweinfurt; Université Paris Dauphine-PSL; Centre de Recherche en Mathématiques de la Décision; University of Würzburg,2021,8,True,https://doi.org/10.14428/esann/2021.es2021-4,ESANN 2021 proceedings,en,"In recent years the applications of machine learning models have increased rapidly, due to the large amount of available data and technological progress. While some domains like web analysis can benefit from this with only minor restrictions, other fields like medicine with patient data are stronger regulated. In particular data privacy plays an important role as recently highlighted by the trustworthy AI initiative of the EU or general privacy regulations in legislation. Another major challenge is, that the required training data is often distributed in terms of features or samples and unavailable for classical batch learning approaches. In 2016 Google came up with a framework, called Federated Learning to solve both of these problems. We provide a brief overview on existing Methods and Applications in the field of vertical and horizontal Federated Learning, as well as Federated Transfer Learning.",2026-03-23
yes,THWS,W7130692215,https://doi.org/10.1007/s40808-026-02741-8,"Machine learning approaches for predicting air pollution levels: a transparent, time-aware pipeline for daily AQI in Indian cities",Philipp Goetzinger; Sebastian Noy; Karsten Huffstadt,Technical University of Applied Sciences Würzburg-Schweinfurt; Fontys University of Applied Sciences; University of Zagreb,2026,0,False,,Modeling Earth Systems and Environment,en,,2026-03-23
yes,THWS,W4414956233,https://doi.org/10.1109/jsen.2025.3617158,GNN-DM: A Graph Neural Network Framework for Real-World Gas Distribution Mapping,Nicolas P. Winkler; Patrick P. Neumann; Natalia Albizu; Erik Schaffernicht; Achim J. Lilienthal,Technical University of Applied Sciences Würzburg-Schweinfurt; X-Fab (Germany); Federal Institute For Materials Research and Testing,2025,1,True,https://doi.org/10.1109/jsen.2025.3617158,IEEE Sensors Journal,en,"Gas distribution mapping (GDM) is essential for industrial safety and environmental monitoring, as it enables real-time hazard detection and air quality assessment. Traditional GDM methods, such as kernel-based techniques, struggle to reconstruct complex gas plume dynamics accurately. While deep learning has shown promise for GDM, two critical challenges hinder its practical use: the scarcity of available training data and the incompatibility of conventional architectures with irregular sensor layouts. To address these limitations, we propose GNN-DM, a graph neural network-based model for GDM that incorporates the relational structure of sensor networks to infer high-resolution maps from minimal, irregular inputs. The model is pre-trained on synthetic gas dispersion data generated from measured wind data and fine-tuned on two industrial datasets collected on a ferry car deck and in a hot rolling mill. Compared to established GDM techniques, GNN-DM achieves higher accuracy on synthetic and real-world data, highlighting the potential of graph-based learning for practical gas mapping applications.",2026-03-23
yes,TAMK,W3002181443,https://doi.org/10.1002/widm.1368,Explainable artificial intelligence and machine learning: A reality rooted perspective,Frank Emmert‐Streib; Olli Yli‐Harja; Matthias Dehmer,"Nankai University; Tampere University of Applied Sciences; Swiss Distance University of Applied Sciences; Tampere University; UMIT - Private Universität für Gesundheitswissenschaften, Medizinische Informatik und Technik; Institute for Systems Biology",2020,13,True,https://arxiv.org/pdf/2001.09464,Wiley Interdisciplinary Reviews Data Mining and Knowledge Discovery,en,"Abstract As a consequence of technological progress, nowadays, one is used to the availability of big data generated in nearly all fields of science. However, the analysis of such data possesses vast challenges. One of these challenges relates to the explainability of methods from artificial intelligence (AI) or machine learning. Currently, many of such methods are nontransparent with respect to their working mechanism and for this reason are called black box models, most notably deep learning methods. However, it has been realized that this constitutes severe problems for a number of fields including the health sciences and criminal justice and arguments have been brought forward in favor of an explainable AI (XAI). In this paper, we do not assume the usual perspective presenting XAI as it should be, but rather provide a discussion what XAI can be . The difference is that we do not present wishful thinking but reality grounded properties in relation to a scientific theory beyond physics. This article is categorized under: Fundamental Concepts of Data and Knowledge &gt; Explainable AI Algorithmic Development &gt; Statistics Technologies &gt; Machine Learning",2026-03-23
yes,TAMK,W4405791036,https://doi.org/10.1016/j.csbj.2024.12.024,CompSafeNano project: NanoInformatics approaches for safe-by-design nanomaterials,Dimitrios Zouraris; Angelos Mavrogiorgis; Andreas Tsoumanis; Laura Aliisa Saarimäki; Giusy del Giudice; Antonio Federico; Angela Serra; Dario Greco; Ian Rouse; Julia Subbotina; Vladimir Lobaskin; Karolina Jagiełło; Krzesimir Ciura; Beata Judzińska; Alicja Mikołajczyk; Anita Sosnowska; Tomasz Puzyn; Mary Gulumian; Victor Wepener; Diego Stéfani T. Martinez; Romana Petry; Naouale El Yamani; Elise Rundén‐Pran; Sivakumar Murugadoss; Sergey Shaposhnikov; Vasileios Minadakis; Periklis Tsiros; Haralambos Sarimveis; Eleonora Longhin; Tanima SenGupta; Ann‐Karin Olsen; Viera Skakalova; Peter Hutár; Mária Dušinská; Anastasios G. Papadiamantis; L Cristiana Gheorghe; Katie Reilly; Émilie Brun; Sami Ullah; Sébastien Cambier; Tommaso Serchi; Kaido Tämm; Candida Lorusso; Francesco Dondero; Evangelos Melagrakis; Muhammad Moazam Fraz; Georgia Melagraki; Iseult Lynch; Antreas Afantitis,Luxembourg Institute of Science and Technology; National University of Sciences and Technology; NILU; Hellenic Military Academy; University of Birmingham; National Technical University of Athens; University of Tartu; Tampere University of Applied Sciences; Università degli Studi del Piemonte Orientale “Amedeo Avogadro”; Atotech (United States); Brazilian Center for Research in Energy and Materials; Larnaca College; Hellenic Statistical Authority; Danubia NanoTech (Slovakia); North-West University; University College Dublin; University of Gdańsk; NovaMechanics (Cyprus),2024,12,True,https://doi.org/10.1016/j.csbj.2024.12.024,Computational and Structural Biotechnology Journal,en,"The CompSafeNano project, a Research and Innovation Staff Exchange (RISE) project funded under the European Union's Horizon 2020 program, aims to advance the safety and innovation potential of nanomaterials (NMs) by integrating cutting-edge nanoinformatics, computational modelling, and predictive toxicology to enable design of safer NMs at the earliest stage of materials development. The project leverages Safe-by-Design (SbD) principles to ensure the development of inherently safer NMs, enhancing both regulatory compliance and international collaboration. By building on established nanoinformatics frameworks, such as those developed in the H2020-funded projects NanoSolveIT and NanoCommons, CompSafeNano addresses critical challenges in nanosafety through development and integration of innovative methodologies, including advanced <i>in vitro</i> models, <i>in silico</i> approaches including machine learning (ML) and artificial intelligence (AI)-driven predictive models and 1st-principles computational modelling of NMs properties, interactions and effects on living systems. Significant progress has been made in generating atomistic and quantum-mechanical descriptors for various NMs, evaluating their interactions with biological systems (from small molecules or metabolites, to proteins, cells, organisms, animals, humans and ecosystems), and in developing predictive models for NMs risk assessment. The CompSafeNano project has also focused on implementing and further standardising data reporting templates and enhancing data management practices, ensuring adherence to the FAIR (Findable, Accessible, Interoperable, Reusable) data principles. Despite challenges, such as limited regulatory acceptance of New Approach Methodologies (NAMs) currently, which has implications for predictive nanosafety assessment, CompSafeNano has successfully developed tools and models that are integral to the safety evaluation of NMs, and that enable the extensive datasets on NMs safety to be utilised for the re-design of NMs that are inherently safer, including through prediction of the acquired biomolecule coronas which provide the biological or environmental identities to NMs, promoting their sustainable use in diverse applications. Future efforts will concentrate on further refining these models, expanding the NanoPharos Database, and working with regulatory stakeholders thereby fostering the widespread adoption of SbD practices across the nanotechnology sector. CompSafeNano's integrative approach, multidisciplinary collaboration and extensive stakeholder engagement, position the project as a critical driver of innovation in NMs SbD methodologies and in the development and implementation of computational nanosafety.",2026-03-23
yes,TAMK,W4409015978,https://doi.org/10.1016/j.csbj.2025.03.042,INSIGHT: An integrated framework for safe and sustainable chemical and material assessment,Angela Serra; Dimitrios Zouraris; Alexandra Schaffert; Marcella Torres Maia; Periklis Tsiros; Ishita Virmani; Emanuele Di Lieto; Laura Aliisa Saarimäki; Jack Morikka; Rafael Riudavets Puig; Dimitra‐Danai Varsou; Konstantinos D. Papavasileiou; Panagiotis D. Kolokathis; Dimitris G. Mintis; Haralampos Tzoupis; Andreas Tsoumanis; Georgia Melagraki; Alex Arvanitidis; Philip Doganis; Vasileios Minadakis; Giannis Savvas; Adrien Perello-Y-Bestard; Stefano Cucurachi; Marija Buljan; Fotini Nikiforou; Achilleas Karakoltzidis; S Karakitsios; Dimosthenis Sarigiannis; Steffi Friedrichs; Christian Seitz; Tomás Navarrete Gutiérrez; Panagiotis Isigonis; Sébastien Cambier; Antonino Marvuglia; Greg Lindner; Jacques‐Aurélien Sergent; L Cristiana Gheorghe; Lori Bradford; Seung-Geun Park; Seunggyun Ha; Zayakhuu Gerelkhuu; Tae Hyun Yoon; Romana Petry; Diego Stéfani T. Martinez; David A. Winkler; Peter Wick; Thomas E. Exner; Francesco Dondero; Tommaso Serchi; Willie J.G.M. Peijnenburg; Haralambos Sarimveis; Martin Paparella; Iseult Lynch; Antreas Afantitis; Dario Greco,Luxembourg Institute of Science and Technology; National Technical University of Athens; Forum of European National Highway Research Laboratories; Università degli Studi del Piemonte Orientale “Amedeo Avogadro”; Aristotle University of Thessaloniki; Solvay (Belgium); Hellenic Military Academy; La Trobe University; University of Birmingham; Tampere University of Applied Sciences; Innsbruck Medical University; Ljubljana Passenger Transport; Evonik (Germany); University of Helsinki; Leiden University; Brazilian Center for Research in Energy and Materials; NovaMechanics (Cyprus); Swiss Federal Laboratories for Materials Science and Technology; National Institute for Public Health and the Environment; Monash University; Hanyang University; University of Nottingham; Centre for Research and Technology Hellas,2025,8,True,https://doi.org/10.1016/j.csbj.2025.03.042,Computational and Structural Biotechnology Journal,en,"The assessment of chemicals and materials has traditionally been fragmented, with health, environmental, social, and economic impacts evaluated independently. This disjointed approach limits the ability to capture trade-offs and synergies necessary for comprehensive decision-making under the Safe and Sustainable by Design (SSbD) framework. The EU INSIGHT project addresses this challenge by developing a novel computational framework for integrated impact assessment, based on the Impact Outcome Pathway (IOP) approach. Extending the Adverse Outcome Pathway (AOP) concept, IOPs establish mechanistic links between chemical and material properties and their environmental, health, and socio-economic consequences. The project integrates multi-source datasets (including omics, life cycle inventories, and exposure models) into a structured knowledge graph (KG), ensuring FAIR (Findable, Accessible, Interoperable, Reusable) data principles are met. INSIGHT is being developed and validated through four case studies targeting per- and polyfluoroalkyl substances (PFAS), graphene oxide (GO), bio-based synthetic amorphous silica (SAS), and antimicrobial coatings. These studies demonstrate how multi-model simulations, decision-support tools, and artificial intelligence-driven knowledge extraction can enhance the predictability and interpretability of chemical and material impacts. Additionally, INSIGHT incorporates interactive, web-based decision maps to provide stakeholders with accessible, regulatory-compliant risk and sustainability assessments. By bridging mechanistic toxicology, exposure modeling, life cycle assessment, and socio-economic analysis, INSIGHT advances a scalable, transparent, and data-driven approach to SSbD. This project aligns with the European Green Deal and global sustainability goals, promoting safer, more sustainable innovation in chemicals and materials through an integrated, mechanistic, and computationally advanced framework.",2026-03-23
yes,TAMK,W4405889086,https://doi.org/10.30574/gjeta.2024.21.3.0235,"Infrastructure-as-Code for 5G RAN, Core and SBI Deployment: A comprehensive review",Omoniyi David Olufemi; Ogochukwu Friday Ikwuogu; Eunice Kamau; Adedeji Ojo Oladejo; Adeola Adewa; Olaoluwa Oguntokun,Tampere University; Tampere University of Applied Sciences; Lagos State University; University of Lagos,2024,6,True,https://gjeta.com/sites/default/files/GJETA-2024-0235.pdf,International Journal of Science and Research Archive,en,"The advent of 5G technology marks a significant transformation in the telecommunications landscape, promising to deliver ultra-fast data speeds, minimal latency, and widespread connectivity that supports many new services and applications, including IoT, augmented reality, and autonomous systems. However, achieving the full potential of 5G networks involves overcoming substantial infrastructure challenges. Deploying and managing 5G's intricate architecture, encompassing the Radio Access Network (RAN), Core network, and Service-Based Interfaces (SBI)—requires a shift from traditional, labor-intensive methods to more advanced, automated processes. Infrastructure-as-Code (IaC) has emerged as a game-changing methodology that addresses these needs by codifying infrastructure setup and management into programmable scripts. This comprehensive review delves into how IaC facilitates the efficient deployment and management of 5G components, enhancing agility, consistency, and scalability. By automating resource provisioning, configuration, and updates, IaC empowers network operators to rapidly deploy infrastructure that meets the demanding requirements of 5G services. The paper discusses how IaC enables seamless integration and scaling of network functions, improves operational efficiency through reduced human error, and supports consistent infrastructure management across distributed environments. Key tools such as Terraform, Ansible, and Kubernetes are explored, showcasing their applications in orchestrating various layers of the 5G network, from RAN deployment to core network orchestration and SBI configurations. Despite its advantages, adopting IaC in 5G deployment comes with its challenges. These include managing the complexities inherent in multi-vendor environments, ensuring robust security for automated provisioning scripts, and maintaining compliance with regional regulatory standards. The paper explores these obstacles in-depth, offering insights into best practices and potential solutions to navigate these hurdles. This review highlights emerging trends and research opportunities, such as the potential for zero-touch automation, which leverages IaC for autonomous network operations with minimal human intervention. It also discusses the role of artificial intelligence (AI) and machine learning (ML) in predictive resource management and automated fault detection, proposing a future where AI-enhanced IaC can revolutionize the deployment and operation of 5G networks. By examining these elements, the review aims to provide a holistic view of the current state and future trajectory of IaC in 5G RAN, Core, and SBI deployment, setting the stage for ongoing innovation and development in the field.",2026-03-23
yes,TAMK,W4409252449,https://doi.org/10.23996/fjhw.155471,"Artificial intelligence in wellbeing services counties: management and experts’ perspectives on opportunities, challenges and AI readiness",Marketta Niemelä; Tommi Kemppainen; Jenny Vuollet,Ferring Pharmaceuticals (Finland); Tampere University; Tampere University of Applied Sciences; University of Helsinki,2025,1,True,https://journal.fi/finjehew/article/download/155471/104354,Finnish Journal of eHealth and eWelfare,en,"Artificial intelligence (AI) can be used to enhance healthcare efficiency and quality. New generative AI (GenAI) and large language models (LLM) offer novel opportunities for AI applications. This study examines management and expert perceptions of AI implementation opportunities and challenges in wellbeing services counties (WSCs), which are the responsible providers of healthcare and social welfare services in their region in Finland.A qualitative interview study was conducted in two phases from Nov 2023 to Feb 2024. First, 28 participants were interviewed semi-structurally. Thematic analysis was used to identify potential AI use cases, main use contexts, and related benefits and challenges. Second, 16 participants (14 new persons and two already interviewed) validated the results in four group interviews and prioritised the use contexts by their potential for WSCs. The framework of Roppelt and colleagues was used to analyse the AI readiness of WSCs. Six AI use contexts were identified and prioritised: 1. Clinical healthcare, 2. Patient interaction and self-care, 3. Support services, 4. Management, 5. Preventive healthcare, 6. Social welfare services. AI readiness should be increased by the government by supporting organisational collaboration, experience sharing and regulatory interpretation. Healthcare organisations need to improve AI competence and skills at all levels. Regulation and WSC culture not supporting experimentation were identified as main challenges for broader AI implementation.AI particularly GenAI, is seen as a promising technology to address workload, financial, and service demand challenges in WSCs. Challenges can be mitigated through focused collaboration and actions within and between stakeholder organisations. AI implementation research in healthcare should consider the rapid development of AI, including increasingly human-like behaviour and integration into physical robots.",2026-03-23
yes,TAMK,W4403387454,https://doi.org/10.23996/fjhw.137992,Informed consent in the age of smart technologies,Jaana Leikas; Arja Halkoaho; Marinka Lanne,Tampere University of Applied Sciences; VTT Technical Research Centre of Finland,2024,1,True,https://journal.fi/finjehew/article/download/137992/94803,Finnish Journal of eHealth and eWelfare,en,"Technology is increasingly being brought into the home care of older people. Digitalization is seen as an enabler for efficient and resource-saving operations. In the use of technology, informed consent is considered an ethical practice and part of a responsible home care service system. The aim of this article is to describe the problem of informed consent in situations where emerging technologies, such as artificial intelligence (AI) and mass data, are used as part of welfare services and home care for older people. The article discusses principles and ways to better integrate informed consent as an ethical practice into a responsible home care service system. A qualitative study was carried out to gather the views of experts in the field of elderly care and ethics. A content analysis of a semi-structured focus group was used to explore perceptions of the changing nature of informed consent. According to our findings, the informed consent model requires updating. The key is to embrace the idea that consent is a living process designed to respect people's autonomous choices and protect them from risk. If the nature of the use of the data collected from individuals changes significantly in the future, the consent should also be updated to reflect this change. This aspect is important because new technologies will change the nature of the collection and use of the data. Mass data collection combines multiple databases so that the resulting data can be used even far from the original purpose or context in which it was collected. Therefore, consent should always be tailored to the context, allowing sufficient time for the person seeking and giving consent to clarify the content of the consent. This process highlights the importance of understanding the agency of the consent giver.",2026-03-23
yes,TAMK,W4407776750,https://doi.org/10.20944/preprints202502.1599.v1,Comparative Analysis of Shapley Value-Based Feature Selection,Igor Trotskii; Amer Farea; Frank Emmert‐Streib,Tampere University; Tampere University of Applied Sciences,2025,0,True,https://www.preprints.org/frontend/manuscript/a3e53930770716b307ea9bb29d05a449/download_pub,Preprints.org,en,"Feature selection from data is a pivotal area within machine learning, statistics, and artificial intelligence. Given the lack of a unified concept so far, numerous methodologies have been introduced to address this challenge. Recently, the Shapley value has gained traction for feature selection, driven partly by its accomplishments in explainable AI and interpretable machine learning. This paper aims to explore feature selection using the Shapley value, comparing it with established methods. Specifically, we conduct a comparative analysis of 14 distinct feature selection methods by studying their performance across four datasets representing three diverse data types. As a result, we find that Shapley value-based feature selection is competitive to the best methods from the literature, including Minimum Redundancy Maximum Relevance and Predictive Permutation Feature Selection, but not under all conditions. Furthermore, our analysis sheds light on some more fundamental aspect by demonstrating that there is no feature selection method that dominates all others for all data. Also, application of feature selection seems not necessarily beneficial for all data.",2026-03-23
yes,TAMK,W4415956823,https://doi.org/10.1515/cdbme-2025-0173,Radial pulse rate estimation from brightness-mode ultrasound imaging,Nima Bahmani; T. Kärkkäinen; Janne Kantola; Oula Aarela; Otso Häkkänen; Venla Turakainen; Viktor Nässi; Tuukka Panula; Ivan Vujaklija; Stephan Sigg; Craig S. Carlson,University of Turku; Tampere University of Applied Sciences; Turku University of Applied Sciences; Aalto University; University of the Witwatersrand,2025,0,True,https://www.degruyterbrill.com/document/doi/10.1515/cdbme-2025-0173/pdf,Current Directions in Biomedical Engineering,en,"Abstract Cardiovascular disease is a global concern with a high economic burden that needs to be controlled. Predictors of cardiovascular disease include blood pressure. There is a drive to evaluate these predictors through continuous non-invasive methods, which often requires custom devices to achieve the measurements. To reduce reliance on custom devices, we developed, verified, and validated an algorithm to measure the dynamic cross-sectional area of the radial artery and estimate the pulse rate from brightness-mode ultrasound imaging. The algorithm was implemented using Python and MATLABR, and verified using a simulated environment with known parameters. It was validated using radial artery ultrasound scans, where pulse rate estimation was confirmed using continuous non-invasive arterial pressure monitoring as the control. The algorithm was verified to measure the area at &gt;99%accuracy with a difference in pixel value between artery and background &gt;20 when considering a complex signal. The pulse rate estimate was exact. The accuracy of area measurement decreased when applied to ultrasound scans. However, the algorithm still estimated the pulse rate within the error margin, compared to the control, for five out of six subjects thus validating the algorithm. This demonstrates the possibility of measuring physiological factors without the need of custom devices.With further development, this algorithm could incorporate colour doppler information such that arterial pressure could be determined using a medical ultrasound device.",2026-03-23
yes,TAMK,W7111586712,,Enhancing employee performance management : an AI driven approach to overcome key challenges,"Tambekar, Nikhil",Tampere University of Applied Sciences,2025,0,True,http://www.theseus.fi/bitstream/10024/898565/2/Tambekar_Nikhil.pdf,Theseus (Ammattikorkeakoulujen),en,"Employee Performance Management (PM) plays a vital role in aligning individual goals with strategic organizational objectives. It is a continuous process that comprises the identification, measurement, and development of employee performance. However, many organizations have faced challenges in performance data collection due to manual processes, lack of standardization, and limited managerial time. These issues have often resulted in biased evaluations, inaccurate ratings, and reduced employee engagement. The aim of this thesis was to examine the key challenges faced by managers in collecting accurate and actionable employee performance data. The study leveraged theoretical frameworks and current research in performance management to investigate how Artificial Intelligence (AI) could be utilized to automate and enhance the data collection process, thereby enabling more effective performance feedback. The research was conducted using a mixed-methods approach, combining quantitative surveys and qualitative interviews with people managers in the Information Technology (IT) sector. The theoretical framework examined the performance management process, its benefits and limitations, as well as foundational AI concepts and associated ethical considerations. Key findings revealed that accurate data collection is the most challenging and resource-intensive aspect of performance management, primarily due to non-standardized processes and difficulties in capturing qualitative contributions. As a result, performance data often remained insufficient, fragmented, and prone to bias. While respondents were optimistic regarding the potential of AI to enhance fairness and efficiency in evaluations, concerns persisted around ethical issues, particularly algorithmic bias, data accuracy, data privacy, and security. The thesis concludes by recommending the adoption of AI-driven techniques to automate data collection and enable real-time access to performance data. Such advancements are expected to improve both the efficiency and accuracy of performance management processes.",2026-03-23
yes,TAMK,W7113514217,,AI-driven solutions impact on technical support engineers : Xend Finance - case study,"Ejezie, Joyce",Tampere University of Applied Sciences,2025,0,True,http://www.theseus.fi/bitstream/10024/898937/2/Ejezie_Joyce.pdf,Theseus (Ammattikorkeakoulujen),en,"This thesis looks at how artificial intelligence (AI) is being used in technical support, with Xend Finance as the case study. The research focuses on how AI tools are changing daily workflows, employee responsibilities, and overall efficiency in support operations. Theories that highlight both the technological and organisational factors needed for successful adoption of AI tools in technical support were discussed. I collected data through a questionnaire distributed to 17 employees from different roles within the organisation, including technical support engineers, team leaders, and cross functional staff. The findings indicate that AI is already well embedded in daily operations, particularly in automating repetitive tasks, improving ticket handling, and identifying recurring technical issues. This has allowed engineers to dedicate more time to complex and high value problem solving. However, My study also highlights challenges such as limited trust in AI outputs, insufficient training, and the need for employees to adjust to changing job responsibilities. Based on these insights, my thesis recommends a structured approach to AI adoption which includes role-specific and practical training, encouraging staff to critically evaluate AI outputs, positioning AI as a supportive partner rather than a replacement, and ensuring continuous leadership support. This study concludes that the most effective adoption takes place when AI and human expertise are balanced, enabling operational efficiency while preserving the central role of human judgment in technical support.",2026-03-23
yes,TAMK,W7132890665,,A Practical Overview of Safety Concerns and Mitigation Methods for Visual Deep Learning Algorithms,Saeed Bakhshi Germi; Esa Rahtu,Tampere University; Tampere University of Applied Sciences,2022,0,True,http://ceur-ws.org/Vol-3087/paper_8.pdf,Trepo - Institutional Repository of Tampere University,en,"This paper proposes a practical list of safety concerns and mitigation methods for visual deep learning algorithms. The growing success of deep learning algorithms in solving non-linear and complex problems has recently attracted the attention of safety-critical applications. While the state-of-the-art methods achieve high performance in synthetic and real-case scenarios, it is impossible to verify/validate their reliability based on currently available safety standards. Recent works try to solve the issue by providing a list of safety concerns and mitigation methods in generic machine learning algorithms from the standards’ perspective. However, these solutions are either vague, and non-practical when dealing with deep learning methods in real-case scenarios, or they are shallow and fail to address all potential safety concerns. This paper provides an in-depth look at the underlying cause of faults in a visual deep learning algorithm to find a practical and complete safety concern list with potential state-of-the-art mitigation strategies.",2026-03-23
yes,TAMK,W4402940438,https://doi.org/10.1007/s00170-024-14500-z,Integrating dimensional and scaling analyses with functional modelling and graphs: An approach to comprehend mass transfer in welding,Akshay Dhalpe; Hossein Mokhtarian; Suraj Panicker; Di Wu; Joe David; Shahriar Bakrani Balani; José L. Martínez Lastra; Éric Coatanéa,Tampere University; Tampere University of Applied Sciences,2024,1,True,https://link.springer.com/content/pdf/10.1007/s00170-024-14500-z.pdf,The International Journal of Advanced Manufacturing Technology,en,"Abstract Significant efforts have been made to understand the intricacies of the welding process using numerical methods, machine learning, dimensional, and scaling analyses. Dimensional analysis (DA) is used for qualitative studies of weld pool spreading, heat transfer in welding, welding parameters, and detachment-droplet formation in welding. Nevertheless, DA have been used often in a rather conventional manner. This article proposes to combine DA principles with causally oriented graphical representations and functional analysis to augment the separate capabilities of those methods. The approach uses a physics-based functional model to decompose the welding phenomena into functions, with dimensionless numbers ( π ) representing aspects of those functions in form of mathematical relationships between the variables. These mathematical relationships are illustrated as a causally oriented graph. This graph is transformed into a system dynamic counterpart. The values of π numbers are estimated using a single example with the developed methodology. The π values in the model are the analogous of biases in Artificial Neural Networks (ANN). The current modelling approach has the advantage of exploiting supplementary sources of knowledge and consequently requires limited data in comparison to supervised machine learning (ML) algorithms used in the field. The proposed methodology is demonstrated with a case study of gas metal arc welding (GMAW) for mild steel. The developed model predicts the droplet formation in GMAW with high accuracy and offer multiple possibilities for extension and generalization to other welding and additive manufacturing processes.",2026-03-23
yes,TAMK,W4417109773,https://doi.org/10.1007/s42454-025-00085-9,Securing local LLMs for academic research: a human-system integration analysis and evolution of TAUCHI-GPT,Ahmed Farooq; Devbrat Anuragi; Zhenxing Li; Mounia Ziat; Jeremy R. Cooperstock; Roope Raisamo,Tampere University; Tampere University of Applied Sciences; Intelligent Machines (Sweden); Bentley University,2025,0,True,https://link.springer.com/content/pdf/10.1007/s42454-025-00085-9.pdf,Human-Intelligent Systems Integration,en,"Abstract The application of Large Language Models (LLMs) in academic research faces unique challenges of privacy and workflow integration. This paper introduces TAUCHI-GPT, a novel, open-source AI assistant whose evolution informs our analysis. We detail its two versions: a cloud-based V1 using GPT-4 and reflection cycles, and a local, privacy-preserving V2 with RAG architecture. Based on empirical findings from two user studies, we present a critical Human-System Integration (HSI) analysis of the security vulnerabilities and alignment challenges inherent in local LLM deployments. We examine how recent development trends—such as model distillation and reward-model learning—and the complexities of internal model mechanisms exacerbate risks like prompt injection, RAG data failures, and unfaithful explanations that impact user trust. Drawing from HCI principles and mechanistic interpretability insights, we propose and discuss a multi-layered mitigation strategy. This work contributes significantly to HSI and AI by presenting an evaluated system, a rigorous analysis of local deployment risks from a sociotechnical perspective, and actionable, stakeholder-specific guidelines for the secure and responsible utilization of LLMs in academia.",2026-03-23
yes,TAMK,W7111726389,,Digital transformation in strategic project management for overcoming execution challenges in multinational engineering firms,"Roy, Somir",Tampere University of Applied Sciences,2025,0,True,http://www.theseus.fi/bitstream/10024/900902/3/Roy_Somir.pdf,Theseus (Ammattikorkeakoulujen),en,"Engineering, Procurement and Construction (EPC) firms face growing execution challenges, particularly in cross-border environments marked by fragmented communication, cultural differences and supply-chain disruptions. This study investigates how digital transformation through technologies such as Artificial Intelligence (AI), Building Information Modelling (BIM), the Internet of Things (IoT) and automation can enhance project efficiency, transparency and resilience through improved supply-chain visibility and coordination. The research focuses on six key organizational enablers: leadership commitment, cross-cultural collaboration, change management, digital skills and training, communication and transparency and governance support. A mixed-methods approach was applied, combining semi-structured interviews, a case study of CCC Engineering Ltd. (Bangladesh Operations) and a survey of professionals from Finland, Germany and Bangladesh. The results show that technology alone does not ensure success. Leadership engagement, transparent communication and strong governance are the main drivers of digital transformation. Training and change management help balance adoption challenges, while supply-chain integration improves visibility and reliability. The study presents a strategic framework for EPC firms, showing that digital transformation is an ongoing socio-technical process that aligns people, processes and technology. It highlights that leadership, transparent communication and continuous learning are essential to achieving sustainable efficiency and trust across global projects. The findings provide both academic and practical value by linking technology adoption with human and organizational readiness. The research contributes to developing resilient, transparent and future-ready project management practices for the global EPC industry.",2026-03-23
yes,TAMK,W7132987251,,Predicting Spatially Resolved Gene Expression Clusters from Prostate Cancer Tissue Images with Convolutional Neural Networks,Olli Hantula,Tampere University of Applied Sciences,2024,0,True,https://trepo.tuni.fi/bitstream/10024/155241/5/HantulaOlli.pdf,Trepo - Institutional Repository of Tampere University,en,"Gleason grading is the standard evaluation method of prostate cancer severity. However, analysis of prostate cancer’s gene expression can lead to a more accurate and deeper understanding of cancer. New technologies, such as spatial transcriptomics, enable novel gene expression analysis methods. Machine learning techniques, such as dimensionality reduction and convolutional neural networks, introduce even more analysis approaches. In this thesis, spatial transcriptomics data is classified into clusters based on gene expression and spatial proximity. Then, deep convolutional neural networks are trained to predict the clusters from hematoxylin & eosin-stained tissue images. This method introduces new insights into the histological differences associated with gene expression. The basics of spatial transcriptomics, convolutional neural networks, and machine learning performance metrics are also explained to the reader. The cluster prediction results reveal that some clusters are more easily distinguishable from histological images, while others are often confused together. Further analysis of the gene expression differences between clusters could provide insight into the reasons behind histological differences. The cluster prediction approach demonstrated in this thesis can be integrated into various gene expression analyses. This could provide an understanding of the consensus between prior results and histological observations.",2026-03-23
yes,TAMK,W4411980724,https://doi.org/10.1038/s41598-025-07952-0,Machine learning-based identification of wastewater treatment plant-specific microbial indicators using 16S rRNA gene sequencing,Jaana Jurvansuu; Annika Länsivaara; Marja R.T. Palmroth; Outi Kaarela; Heikki Hyöty; Sami Oikarinen; K. Lehto,Tampere University; Tampere University of Applied Sciences,2025,2,True,https://www.nature.com/articles/s41598-025-07952-0.pdf,Scientific Reports,en,"Effluent released from municipal wastewater treatment plants reflects the microbial communities responsible for degrading and removing contaminants within the plants. Monitoring this effluent offers essential insights into its environmental impacts, the efficiency of treatment processes, and the presence of emerging contaminants. To support improved monitoring and source attribution, our study employed a machine-learning framework to identify microbial indicators capable of distinguishing between municipal treatment plants based on effluent microbiota. We collected 57 effluent samples for sequencing of the V4 region of the 16S rRNA gene from six treatment plants in the Pirkanmaa region in Finland between 2016 and 2018. Characterising the microbiome revealed that although each plant had unique microbial profiles, their overall diversity and richness were similar. This provided a robust foundation for identifying plant-specific microbes. Using ANOVA-F for feature selection, we focused on the genus level due to its informative prevalence. Among various models tested, the Gaussian Naive Bayes model yielded the highest accuracy with the fewest relevant microbes. We identified nine bacterial genera and one archaeon, whose relative abundances predicted the origin of the effluent with 92% accuracy. Our study outlines a framework for the cost-effective and rapid identification of the origin of effluent or changes in the treatment process, demonstrating the power of machine learning in environmental monitoring and management.",2026-03-23
yes,TAMK,W7128803773,https://doi.org/10.1055/a-2797-4380,Early Risk Factor Prediction in Chronic Kidney Disease Diagnosis Using Feature Selection and Machine Learning Algorithms,Chowdhury Nazia Enam Prima; Martti Juhola,Tampere University; Tampere University of Applied Sciences,2025,0,True,http://www.thieme-connect.de/products/ejournals/pdf/10.1055/a-2797-4380.pdf,Methods of Information in Medicine,en,"Chronic kidney disease, CKD in short, is a kind of long-term kidney illness in which rapid deterioration of kidney function is observed over a period of time. Unlike other organs, this damage in kidney function cannot be recovered and reversed as well. Moreover, in its early stages, asymptomatic renal disease is highly prevalent, making early identification with conventional clinical approaches difficult. Thus, early and accurate detection of risk factors is a very challenging step in CKD diagnosis.This research work showed earlier and effective identification of risk factors using notable feature selection techniques for the enhancement of patient care. It also aimed at the improvement of predictive diagnosis of CKD employing different supervised and ensemble machine learning classifiers.A CKD-focused dataset consisting of 1,032 patient records and 14 features was used for this research purpose. This research emphasized on identifying the risk factors of CKD using feature importance (for tree-based model) with sequential feature selector and ReliefF algorithm as feature selection process. Based on the ranking for both feature selection techniques, the top 10 features were identified. Then utilizing those features, the classifiers such as random forest, support vector machine, Naïve Bayes, decision tree, logistic regression, gradient boosting, <i>K</i>-nearest neighbors, and ensemble classifier voting technique were trained using stratified 5-fold and grid-based search cross-validation techniques. After that, their performances were assessed using evaluation measures, i.e., accuracy, F1 score, precision, recall, training loss, test loss, bias, and AUC, to classify the individual having presence or absence of CKD.The feature selection algorithms selected the significant data-driven top 10 features. Based on the ranking for both feature selection procedures, hemoglobin is determined to be the significant risk factor among these features. For both feature selection techniques, all the classifiers showed their best performance, having 86 to 98% of accuracy, AUC value of over 0.96 to 1.00, and bias value of 0.003 to 0.103. All the classifiers showed a very good trade-off between false positives and false negatives, with precision, recall, and F1 score ranging from 92 to 98%, 90 to 99%, and 93 to 98%, respectively, using feature importance with SFS. In both cases of the feature selection techniques, gradient boosting outperformed all other algorithms in terms of accuracy, precision, AUC, recall, F1 score, specificity, and bias.To conclude, in the suggested methodology the feature selection algorithms effectively identified the prominent features based on their importance, and the pipeline demonstrated a good performance in diagnosing individuals at risk of CKD development. Some of the classifiers showed their effectiveness in CKD prediction using the selected features by achieving higher accuracy, F1 score, precision, recall, AUC, specificity, and lower bias to ensure the diagnostic performance. Therefore, it can be inferred that this proposed methodology, combining the power of these eight machine learning models with two efficient feature selection approaches, demonstrated that people at risk of this nephrological condition can be detected earlier, more accurately identifying increased risk factors than with conventional methods. This holds a great promise toward enhancing healthcare judgment and eventually ensuring treatment for patients.",2026-03-23
yes,TAMK,W7132919165,,Image Generative AI Approaches for Differential Mobility Spectrometry Data Analysis,Roni Ahola,Tampere University of Applied Sciences,2024,0,True,https://trepo.tuni.fi/bitstream/10024/160826/2/AholaRoni.pdf,Trepo - Institutional Repository of Tampere University,en,"Privacy, scarcity, and acquisition challenges of medical data have motivated researchers to investigate the generation and use of synthetic data with the recently hyped generative AI models.Synthetic data can be used instead of or in addition to real data when training machine learning models to classify medical data.In this Master of Science thesis, the feasibility of deep generative models was examined for the synthesis and analysis of differential mobility spectrometry (DMS) images.Through literature guidance and experimentation, a suitable model was identified and implemented.Its performance was evaluated on a previously acquired DMS dataset of 352 images measured from cancerous brain tissue.The dataset is split into two classes based on an enzyme mutation.StyleGAN2, a generative adversarial network (GAN), was trained to generate the synthetic images.Once trained, the GAN produced new samples that visually and statistically resembled the original DMS images.These synthetic images were further evaluated for their utility in a downstream classification task, where they either augmented or replaced the original data when training a machine learning classifier.Two classifiers were used in the classification task: linear discriminant analysis (LDA) and convolutional neural networks (CNN).With LDA, the use of synthetic images increased classification accuracy by up to 4%.With CNN, the use of synthetic images did not improve classification accuracy.The reasons for these results are discussed further in the thesis.The generative model was also trained using a specific technique called StylEx to explain the data.StylEx created attributes in the generator that controlled the appearance of class-specific features in the generated images.A Plotly-Dash-based front-end tool was developed to visualize and analyze these features, and their semantic value as DMS features was further validated through a discussion with an expert.Finding and visualizing class-specific DMS features may aid in understanding what features are significant for class differentiation.Deep generative models can produce meaningful and useful synthetic DMS images when trained on a small dataset.No definitive conclusions were drawn regarding the extent of the gains achieved through GAN data augmentation.The explainable AI method StylEx found attributes in the generator that were further analyzed to represent fundamental concepts in the DMS images, explaining AI mechanisms and providing insight into the data.",2026-03-23
yes,TAMK,W2808583237,https://doi.org/10.1117/1.jbo.23.6.066002,Automated classification of multiphoton microscopy images of ovarian tissue using deep learning,Mikko J. Huttunen; Abdurahman Hassan; Curtis W. McCloskey; Sijyl Fasih; Jeremy Upham; Barbara C. Vanderhyden; Robert W. Boyd; Sangeeta Murugkar,University of Rochester; Tampere University of Applied Sciences; Tampere University; Carleton University; University of Ottawa,2018,70,True,https://www.spiedigitallibrary.org/journals/journal-of-biomedical-optics/volume-23/issue-6/066002/Automated-classification-of-multiphoton-microscopy-images-of-ovarian-tissue-using/10.1117/1.JBO.23.6.066002.pdf?SSO=1,Journal of Biomedical Optics,en,"Histopathological image analysis of stained tissue slides is routinely used in tumor detection and classification. However, diagnosis requires a highly trained pathologist and can thus be time-consuming, labor-intensive, and potentially risk bias. Here, we demonstrate a potential complementary approach for diagnosis. We show that multiphoton microscopy images from unstained, reproductive tissues can be robustly classified using deep learning techniques. We fine-train four pretrained convolutional neural networks using over 200 murine tissue images based on combined second-harmonic generation and two-photon excitation fluorescence contrast, to classify the tissues either as healthy or associated with high-grade serous carcinoma with over 95% sensitivity and 97% specificity. Our approach shows promise for applications involving automated disease diagnosis. It could also be readily applied to other tissues, diseases, and related classification problems.",2026-03-23
yes,TAMK,W4318035722,https://doi.org/10.1016/j.labinv.2023.100070,Unstained Tissue Imaging and Virtual Hematoxylin and Eosin Staining of Histologic Whole Slide Images,Sonja Koivukoski; Umair Khan; Pekka Ruusuvuori; Leena Latonen,University of Turku; University of Eastern Finland; Tampere University of Applied Sciences; Tampere University; Institute for Molecular Medicine Finland; Cancer Society of Finland,2023,32,True,http://li.uscap.org/article/S0023683723000132/pdf,Laboratory Investigation,en,"Tissue structures, phenotypes, and pathology are routinely investigated based on histology. This includes chemically staining the transparent tissue sections to make them visible to the human eye. Although chemical staining is fast and routine, it permanently alters the tissue and often consumes hazardous reagents. On the other hand, on using adjacent tissue sections for combined measurements, the cell-wise resolution is lost owing to sections representing different parts of the tissue. Hence, techniques providing visual information of the basic tissue structure enabling additional measurements from the exact same tissue section are required. Here we tested unstained tissue imaging for the development of computational hematoxylin and eosin (HE) staining. We used unsupervised deep learning (CycleGAN) and whole slide images of prostate tissue sections to compare the performance of imaging tissue in paraffin, as deparaffinized in air, and as deparaffinized in mounting medium with section thicknesses varying between 3 and 20 μm. We showed that although thicker sections increase the information content of tissue structures in the images, thinner sections generally perform better in providing information that can be reproduced in virtual staining. According to our results, tissue imaged in paraffin and as deparaffinized provides a good overall representation of the tissue for virtually HE-stained images. Further, using a pix2pix model, we showed that the reproduction of overall tissue histology can be clearly improved with image-to-image translation using supervised learning and pixel-wise ground truth. We also showed that virtual HE staining can be used for various tissues and used with both 20× and 40× imaging magnifications. Although the performance and methods of virtual staining need further development, our study provides evidence of the feasibility of whole slide unstained microscopy as a fast, cheap, and feasible approach to producing virtual staining of tissue histology while sparing the exact same tissue section ready for subsequent utilization with follow-up methods at single-cell resolution.",2026-03-23
yes,TAMK,W7117960513,https://doi.org/10.1007/978-3-032-11043-5_1,Foundational AI Knowledge Enhances Epistemic Curiosity Development in Game-Based AI Ethics Instruction,Antti Koskinen,Tampere University; Tampere University of Applied Sciences,2026,0,False,,Lecture notes in computer science,en,,2026-03-23
yes,THUAS,W4406230496,https://doi.org/10.1371/journal.pdig.0000464,A data management system for precision medicine,John J. L. Jacobs; Inés Beekers; Inge Verkouter; Levi B. Richards; Alexandra Vegelien; Lizan D. Bloemsma; Vera A. M. C. Bongaerts; Jacqueline Cloos; Frederik Erkens; Patrycja Gradowska; Simon Hort; Michael Hudecek; Manel Juan; Anke H. Maitland‐van der Zee; Sergio Navarro‐Velázquez; Lok Lam Ngai; Qasim A. Rafiq; Carmen Sanges; Jesse M. Tettero; Hendrikus J. A. van Os; Rimke C. Vos; Yolanda de Wit; Steven van Dijk,The Hague University of Applied Sciences; Vrije Universiteit Amsterdam; Leiden University Medical Center; Amsterdam University Medical Centers; Universitätsklinikum Würzburg; LifeTec Group (Netherlands); Fraunhofer Institute for Production Technology IPT; Fundació Clínic per a la Recerca Biomèdica; University College London; Hospital Clínic de Barcelona; Hovon; Erasmus MC Cancer Institute,2025,4,True,https://journals.plos.org/digitalhealth/article/file?id=10.1371/journal.pdig.0000464&type=printable,PLOS Digital Health,en,"Precision, or personalised medicine has advanced requirements for medical data management systems (MedDMSs). MedDMS for precision medicine should be able to process hundreds of parameters from multiple sites, be adaptable while remaining in sync at multiple locations, real-time syncing to analytics and be compliant with international privacy legislation. This paper describes the LogiqSuite software solution, aimed to support a precision medicine solution at the patient care (LogiqCare), research (LogiqScience) and data science (LogiqAnalytics) level. LogiqSuite is certified and compliant with international medical data and privacy legislations. This paper evaluates a MedDMS in five types of use cases for precision medicine, ranging from data collection to algorithm development and from implementation to integration with real-world data. The MedDMS is evaluated in seven precision medicine data science projects in prehospital triage, cardiovascular disease, pulmonology, and oncology. The P4O2 consortium uses the MedDMS as an electronic case report form (eCRF) that allows real-time data management and analytics in long covid and pulmonary diseases. In an acute myeloid leukaemia, study data from different sources were integrated to facilitate easy descriptive analytics for various research questions. In the AIDPATH project, LogiqCare is used to process patient data, while LogiqScience is used for pseudonymous CAR-T cell production for cancer treatment. In both these oncological projects the data in LogiqAnalytics is also used to facilitate machine learning to develop new prediction models for clinical-decision support (CDS). The MedDMS is also evaluated for real-time recording of CDS data from U-Prevent for cardiovascular risk management and from the Stroke Triage App for prehospital triage. The MedDMS is discussed in relation to other solutions for privacy-by-design, integrated data stewardship and real-time data analytics in precision medicine. LogiqSuite is used for multi-centre research study data registrations and monitoring, data analytics in interdisciplinary consortia, design of new machine learning / artificial intelligence (AI) algorithms, development of new or updated prediction models, integration of care with advanced therapy production, and real-world data monitoring in using CDS tools. The integrated MedDMS application supports data management for care and research in precision medicine.",2026-03-23
yes,THUAS,W3107503708,https://doi.org/10.1007/978-94-6265-407-5_12,Data Protection Around the World: Future Challenges,Elif Kiesow Cortez,The Hague University of Applied Sciences,2020,3,False,,Information technology and law series/Information technology & law series,en,"As new technology becomes more integrated in daily tasks, new challenges to the right to the protection of personal data arise. GDPR aims to be technology neutral to make sure that the protection of the personal data does not depend on the techniques used in processing and is adoptable to the use of new technologies. This chapter will focus on European Data Protection Board guidelines and reports to highlight future GDPR compliance challenges to data protection and privacy in three prominent domains: (1) automated decision making, profiling and artificial intelligence, (2) face recognition technology and video processing, and (3) the newly emerged discussions on public health on the use of contact tracing apps with regards to the coronavirus pandemic and COVID-19. This chapter concludes by highlighting the importance of finding a balance between the right to protection of personal data without hindering the use and the development of innovative technologies in the EU.",2026-03-23
yes,THUAS,W4403285408,https://doi.org/10.1016/j.cogsys.2024.101290,An adaptive network model simulating the effects of an AI coach on supporting safety in hospitals through inducing adherence to guidelines in neonatal medical protocols,Raghav Chawla; Fakhra Jabeen; Jan Treur; H. Rob Taal; Peter H. M. P. Roelofsma,Radboud University Nijmegen; The Hague University of Applied Sciences; Vrije Universiteit Amsterdam; Erasmus MC; Erasmus University Rotterdam,2024,1,True,https://doi.org/10.1016/j.cogsys.2024.101290,Cognitive Systems Research,en,"In this article, it is shown how second-order adaptive agent-based network models can be used to support a medical team in healthcare institutions to adhere to specific Neonatal Hypoglycemia and Neonatal Hyperbilirubinemia treatment guidelines through the integration of an Artificial Intelligence (AI) Virtual Coach. The proposed AI Coach is designed to provide timely interventions and correct deviations when lapses in the health care practitioner’s internal mental model occur. Through simulating three different scenarios, the internal dynamics of these mental models, adaptive changes of these mental models (learning and forgetting), and the interaction between health care practitioners and the world is shown when: (1) There is perfect adherence to guidelines, (2) There is imperfect adherence to guidelines and (3) There is both perfect and imperfect adherence to guidelines alongside interventions of the AI Coach in the latter case.",2026-03-23
yes,THUAS,W4413082795,https://doi.org/10.32015/jibm.2025.17.1.3,Integrating ESG and AI in higher education: a conceptual framework for curriculum innovation,Tina Vukasović; Liliya Terzieva; Elenita Velikova; Justyna Tomala; Michael Murg; Anita Maček,Krakow University of Economics; International School for Social and Business Studies; The Hague University of Applied Sciences; FH JOANNEUM University of Applied Sciences; Joanneum Research; University of National and World Economy; University of Primorska,2025,0,True,https://journal.doba.si/OJS/index.php/jimb/article/download/396/373,Mednarodno inovativno poslovanje = Journal of Innovative Business and Management,en,"This paper examines the challenges and opportunities of integrating Environmental, Social and Governance (ESG) principles with artificial intelligence (AI) tools in higher education (HE), particularly in finance and business-related study programmes. Drawing on a structured review of recent academic literature and informed by insights from the Erasmus+ GenESG project, it identifies four key systemic gaps that hinder effective implementation: lack of standardised ESG frameworks, weak interdisciplinary integration, ethical uncertainties surrounding AI use, and low student engagement with sustainability topics. The paper argues that addressing these challenges requires a holistic rethinking of curricula, combining ethical, digital, and sustainability literacies. Through an analysis of pedagogical approaches and institutional barriers, it offers recommendations for more coherent and future-oriented ESG teaching in higher education (HE), grounded in interdisciplinary, practice-based, and ethically aware strategies.",2026-03-23
yes,THUAS,W7132196516,,Bridging the Dutch and European Digital Sovereignty gap,C.C.M. Stolwijk; L. M. Punter; T. Timan; F.T.H.M. Berkers; Phd in IP Law Dr Hristina Georgieva; Ram Rick Gilsing; H.J.M. Bastiaansen; M. Hoekstra; A.Y. Yagafarova; W. M. C. Mulder; S. Dalmolen; H.J.M. Joosten,The Hague University of Applied Sciences,2022,0,True,https://publications.tno.nl/publication/34639349/urAkBu/TNO-2022-R10507.pdf,TNO Repository,en,"Now is the time for Europe to be digitally sovereign,” German Chancellor Angela Merkel, Danish Prime Minister Mette Frederiksen, Estonian Prime Minister Kaja Kallas, and Finnish Prime Minister Sanna Marin said this in a joint letter1 because: • 92% of data from the West is hosted in the US and only 4% is stored in Europe.2• The core of the digital infrastructure is provided by non-European suppliers (e.g. for routers, switches, encryptors and servers).3• There are no European companies in the Top 20 of global tech brands.At least four nations from the EU want to become digital sovereign since it has become a concern for policymakers who feel too much power is in the hands of a small number of large tech companies.4 This results in a strong digital dependence, which means a lack of competition which could adversely affect the setting of fair prices and the quality of products, as well as innovation.5The COVID19 pandemic, which made us more dependent on digital technologies, has stimulated the debate on digital sovereignty in the Netherlands and in Europe; digital sovereignty has recently been placed on the political agenda, and can be defined as: “control over the design and use of (business) critical digital systems, algorithms and the data generated and processed with them”.6In the digital domain, Europe is primarily focusing on regulatory power, in its most explicit form through for instance the General Data Protection Regulation (GDPR),the Data Governance Act., and the Digital Services Act (DSA). The American sometimes say about this: ‘the US innovates, Europe regulates’.7 Europe claims moral and legal authority, in which, for example, privacy is regarded as a collective fundamental right and not as something that can be arranged between the individual consumer and service provider through conditions and settings.8 The chairman of the European Commission von der Leyen has commented on this and said; “you must not only regulate, but also have the technology to anchor your own values”.9 However, this involves a balancing act when achieving a certain degree of autonomy and self-reliance without pursuing protectionist policies. In general, there is a lot of unclarity about digital sovereignty, and a clear multidisciplinary overview to enable digital sovereignty is currently lacking. Questions such as: ‘what measures are currently in place and which measures are still missing’, are pressing yet remain unanswered. In this paper, we will answer these questions. We also focus on the role that applied research can fulfil to improve digital sovereignty for the Netherlands and Europe.",2026-03-23
yes,THUAS,W4387370128,https://doi.org/10.21606/iasdr.2023.784,Generative AI in creative design processes: a dive into possible cognitive biases,Roxana Popescu; Alice Schut,The Hague University of Applied Sciences,2023,11,True,https://dl.designresearchsociety.org/cgi/viewcontent.cgi?article=1326&context=iasdr,,en,"In this paper, we report on the initial results of an explorative study that aims to investigate the occurrence of cognitive biases when designers use generative AI in the ideation phase of a creative design process. When observing current AI models utilised as creative design tools, potential negative impacts on creativity can be identified, namely deepening already existing cognitive biases but also introducing new ones that might not have been present before. Within our study, we analysed the emergence of several cognitive biases and the possible appearance of a negative synergy when designers use generative AI tools in a creative ideation process. Additionally, we identified a new potential bias that emerges from interacting with AI tools, namely prompt bias.",2026-03-23
yes,THUAS,W4395086125,https://doi.org/10.1017/9781009321211.022,Morocco’s Governance of Cities and Borders,Sylvia I. Bergh; Issam Cherrat; Francesco Colin; Katharina Natter; Ben Wagner,Leiden University; The Hague University of Applied Sciences; Hague Institute for Global Justice,2024,0,True,https://www.cambridge.org/core/services/aop-cambridge-core/content/view/2AB3D0AF6B14CAD564BAD283D5466120/9781009321198c20_267-284.pdf/moroccos-governance-of-cities-and-borders.pdf,Cambridge University Press eBooks,en,"Owing to advances around artificial intelligence (AI), such as computer vision and facial recognition, digital surveillance technologies are becoming cheaper and easier to use as everyday tools of governance worldwide. 1 Typically developed by companies and governments in the Global North and tested in the Global South or on the 'periphery' of powerful actors, 2 they are becoming key tools of governance in both democratic and authoritarian contexts. 3 As the AI Global Surveillance Index 1",2026-03-23
