openalex_id	university	title	keep	pdf_url	status	detail
W3127380775	USPN	Ultraviolet disinfection robots to improve hospital cleaning: Real promise or just a gimmick?	no	https://aricjournal.biomedcentral.com/track/pdf/10.1186/s13756-020-00878-4	SKIPPED	keep != yes
W2773314373	USPN	Anatomical variations and pitfalls to know during thoracoscopic segmentectomies	no	https://jtd.amegroups.com/article/viewFile/17792/pdf	SKIPPED	keep != yes
W4285409253	USPN	Intelligent Aerial-Ground Surveillance and Epidemic Prevention with Discriminative Public and Private Services	no		SKIPPED	keep != yes
W3072201153	USPN	Behavioural variability among captive African elephants in the use of the trunk while feeding	no	https://peerj.com/articles/9678.pdf	SKIPPED	keep != yes
W4386957833	USPN	Upright patient positioning for gantry-free breast radiotherapy: feasibility tests using a robotic chair and specialised bras	no	https://www.frontiersin.org/articles/10.3389/fonc.2023.1250678/pdf?isPublishedV2=False	SKIPPED	keep != yes
W4315703142	USPN	Objective quality assessment of medical images and videos: review and challenges	no	https://link.springer.com/content/pdf/10.1007/s11042-024-20292-x.pdf	SKIPPED	keep != yes
W2819134329	USPN	Détection automatique, description linguistique et suivi des néologismes en corpus : point d'étape sur les tendances du français contemporain	no	https://www.shs-conferences.org/articles/shsconf/pdf/2018/07/shsconf_cmlf2018_08002.pdf	SKIPPED	keep != yes
W4210619689	USPN	Building Squares with Optimal State Complexity in Restricted Active Self-Assembly	no	https://drops.dagstuhl.de/entities/document/10.4230/LIPIcs.SAND.2022.6	SKIPPED	keep != yes
W3205300795	USPN	Switching models and control of Petri Nets with shared resources under marking constraints	no		SKIPPED	keep != yes
W4391113119	USPN	Reconfigurable UAV-aided 3D sustainable surveillance in classified air-spaces	no		SKIPPED	keep != yes
W4391957300	USPN	High-Throughput Bacteriophage Testing with Potency Determination: Validation of an Automated Pipetting and Phage Drop-Off Method	no	https://www.mdpi.com/2227-9059/12/2/466/pdf?version=1708425987	SKIPPED	keep != yes
W4233699585	USPN	Thoracic surgery in France	no	https://jtd.amegroups.com/article/viewFile/62552/pdf	SKIPPED	keep != yes
W2901411806	USPN	Motorized scope positioner for solo thoracoscopic surgery	no	https://doi.org/10.21037/vats.2018.11.01	SKIPPED	keep != yes
W2148884131	USPN	Corpus issus du Web : constitution et analyse informationnelle	no	http://www.erudit.org/fr/revues/rql/2003-v32-n1-rql1022/012246ar.pdf	SKIPPED	keep != yes
W2921553744	USPN	Intelligence artificielle et décisions juridictionnelles	no		SKIPPED	keep != yes
W4390734011	USPN	Offline and online energy-efficient monitoring of scattered uncertain logs using a bounding model	no	https://lmcs.episciences.org/12859/pdf	SKIPPED	keep != yes
W4401974962	USPN	Application of the Finite Element Method (FEM) to Analyze the Mechanical Behavior of Piezoelectric Materials When an Electric Field Is Applied to a Piezoelectric Structure (Inverse Piezoelectricity)	no	https://www.mdpi.com/2673-4591/67/1/13/pdf?version=1724125382	SKIPPED	keep != yes
W3138944983	USPN	A Distributed Anticipatory Life- Enhancing Recovery Approach for Unmanned Aerial Vehicular Networks	no	https://hal.science/hal-04018743/document	SKIPPED	keep != yes
W4282968959	USPN	Human Head and Neck Kinematics during Autonomous and Human Braking in Three Initial Head Positions	no	http://hdl.handle.net/10985/22176	SKIPPED	keep != yes
W4380318821	USPN	MoULDyS: Monitoring of autonomous systems in the presence of uncertainties	no	https://arxiv.org/pdf/2407.17201	SKIPPED	keep != yes
W2096267795	USPN	Could interactions beetween puppies, Canis familiaris, and a dog-robot (aibo, sony©) during a short meeting predict further interactions between these dogs and conspecifics?	no		SKIPPED	keep != yes
W2354136305	USPN	A Concept of Dynamically Reconfigurable Real-time Vision System for Autonomous Mobile Robotics	no		SKIPPED	keep != yes
W3110478162	USPN	Cancer de la prostate et chirurgie robot-assistée	no		SKIPPED	keep != yes
W3203761324	USPN	Equational Model Guided by Real-time Sensor Data to Monitor Industrial Robots	no		SKIPPED	keep != yes
W4225592307	USPN	Global Modernity from Coloniality to Pandemic	no		SKIPPED	keep != yes
W4402970233	USPN	Socially assistive robots for eldercare. Habilitating and prosthetic strategies in the emergence of innovation in long-term care facilities for older adults	no		SKIPPED	keep != yes
W4412374197	USPN	Distributed fault-tolerant control approach for discrete event systems using timed automata with guards: application to an electric power network	no	https://link.springer.com/content/pdf/10.1007/s40435-025-01704-8.pdf	SKIPPED	keep != yes
W4415251107	USPN	M3ET: Efficient Vision-Language Learning for Robotics based on Multimodal Mamba-Enhanced Transformer	no	https://arxiv.org/pdf/2509.18005	SKIPPED	keep != yes
W4416281270	USPN	A Human-Robot Interaction Platform for Intraoral Dental Scan	no	https://hal.science/hal-05304473/document	SKIPPED	keep != yes
W7130725734	USPN	M3ET: Efficient Vision-Language Learning for Robotics based on Multimodal Mamba-Enhanced Transformer	no		SKIPPED	keep != yes
W4412069885	USPN	Beyond the reverse product cycle: An exploration of the digital, social and spatial transformation of libraries	no	https://doi.org/10.1016/j.respol.2025.105297	SKIPPED	keep != yes
W2586027259	USPN	Controlling Actions and Time in Parametric Timed Automata	no		SKIPPED	keep != yes
W2914000830	USPN	Parametric Analyses of Attack-Fault Trees	no	https://arxiv.org/pdf/1902.04336	SKIPPED	keep != yes
W1995027707	USPN	hTracker: Towards a service provider oriented Peer-to-Peer architecture	no		SKIPPED	keep != yes
W4385991471	USPN	Camouflage-based location privacy preserving scheme in vehicular ad hoc networks	no		SKIPPED	keep != yes
W4393300573	USPN	Temporal Logic Formalisation of ISO 34502 Critical Scenarios: Modular Construction with the RSS Safety Distance	no	https://dl.acm.org/doi/pdf/10.1145/3605098.3636014	SKIPPED	keep != yes
W3098405735	USPN	Unmanned aerial vehicle with underlaid device-to-device communications:performance and tradeoffs	no		SKIPPED	keep != yes
W2797042082	USPN	Designing UAV Surveillance Frameworks for Smart City and Extensive Ocean with Differential Perspectives	no		SKIPPED	keep != yes
W2895882341	USPN	A Collision-Free Surveillance System Using Smart UAVs in Multi Domain IoT	no		SKIPPED	keep != yes
W4394586120	USPN	Secure Communication in UAV–RIS-Empowered Multiuser Networks: Joint Beamforming, Phase Shift, and UAV Trajectory Optimization	no		SKIPPED	keep != yes
W2806613708	USPN	Drone-Based Antenna Array for Service Time Minimization in Wireless Networks	no	https://hal.science/hal-01923666	SKIPPED	keep != yes
W2755319866	USPN	Bio-Inspired on Demand Routing Protocol for Unmanned Aerial Vehicles	no		SKIPPED	keep != yes
W2808312638	USPN	Drones path planning for WSN data gathering: A column generation heuristic approach	no		SKIPPED	keep != yes
W3013402202	USPN	An Energy-Efficient Collaborative Scheme for UAVs and VANETs for Dissemination of Real-Time Surveillance Data on Highways	no		SKIPPED	keep != yes
W3131377498	USPN	UAVs-Based Mobile Radars for Real-Time Highways Surveillance	no		SKIPPED	keep != yes
W2763989229	USPN	Age-specific olfactory attraction between Western honey bee drones (Apis mellifera) and its chemical basis	no	https://journals.plos.org/plosone/article/file?id=10.1371/journal.pone.0185949&type=printable	SKIPPED	keep != yes
W2783718046	USPN	On collision-free reinforced barriers for multi domain IoT with heterogeneous UAVs	no		SKIPPED	keep != yes
W2584802818	USPN	Unmanned Aerial Vehicles path planning for area monitoring	no		SKIPPED	keep != yes
W4389041664	USPN	UAV-Assisted Mesh Network for Emergency Communication in Disaster Areas	no		SKIPPED	keep != yes
W4317418805	USPN	PSO-OLSR: A Particle Swarm Optimization based Proactive Routing Protocol for UAV Networks	no		SKIPPED	keep != yes
W2802449968	USPN	Multi-Channel Cognitive Radio Ad Hoc Networks	no		SKIPPED	keep != yes
W2980267855	USPN	Energy-Efficient Associations for IoT networks with UAV	no		SKIPPED	keep != yes
W3010443440	USPN	UAV for Energy-Efficient IoT Communications: Matching Game Approach	no		SKIPPED	keep != yes
W3013709961	USPN	A Simple Proactive Routing Protocol with Multiple Base Stations Deployment for Unmanned Aerial Vehicular Networks	no		SKIPPED	keep != yes
W2601988979	USPN	Parameter optimization for defeating blind interception in drone protection	no		SKIPPED	keep != yes
W3180062496	USPN	A 3D MOBILITY MODEL IN FLYING AD HOC NETWORK FOR REAL-TIME EMERGENCY APPLICATIONS	no		SKIPPED	keep != yes
W4213228891	USPN	GIIS 2020 TOC	no	https://ieeexplore.ieee.org/ielx7/9248477/9248478/09248491.pdf	SKIPPED	keep != yes
W7123358231	USPN	Energy Efficiency Maximization for Aerial Intelligent Reflecting Surface-Assisted MISO Systems	no		SKIPPED	keep != yes
W7138841619	USPN	Secure QoE-Aware UAV-Aided Rate-Splitting Multiple Access-Based Communications	no		SKIPPED	keep != yes
W2081259837	UDCLV	Robot-assisted and Laparoscopic Repair of Ureteropelvic Junction Obstruction: A Systematic Review and Meta-analysis	no		SKIPPED	keep != yes
W3157127040	UDCLV	Robotic-assisted gait rehabilitation following stroke: a systematic review of current guidelines and practical clinical recommendations	no	https://hdl.handle.net/11568/1138168	SKIPPED	keep != yes
W2551526207	UDCLV	Mitochondria are Naturally Micro Robots - A review	no	http://thescipub.com/pdf/10.3844/ajeassp.2016.991.1002	SKIPPED	keep != yes
W2728624669	UDCLV	About Bell Helicopter FCX-001 Concept Aircraft-A Short Review	no	http://thescipub.com/pdf/10.3844/jastsp.2017.91.96	SKIPPED	keep != yes
W2767306434	UDCLV	Sustainable Energy for Aerospace Vessels	no	http://thescipub.com/pdf/10.3844/jastsp.2017.234.240	SKIPPED	keep != yes
W2915932616	UDCLV	Overview and Future Advanced Engineering Applications for Morphing Surfaces by Shape Memory Alloy Materials	no	https://www.mdpi.com/1996-1944/12/5/708/pdf?version=1551334602	SKIPPED	keep != yes
W2583708610	UDCLV	Wearable robotic exoskeleton for overground gait training in sub-acute and chronic hemiparetic stroke patients: preliminary results	no	http://hdl.handle.net/2434/702008	SKIPPED	keep != yes
W2117054049	UDCLV	Does robotic gait training improve balance in Parkinson's disease? A randomized controlled trial	no		SKIPPED	keep != yes
W2766872543	UDCLV	The Modern Flight	no	http://thescipub.com/pdf/10.3844/jastsp.2017.224.233	SKIPPED	keep != yes
W3026658219	UDCLV	The Role of Personality Factors and Empathy in the Acceptance and Performance of a Social Robot for Psychometric Evaluations	no	https://doi.org/10.3390/robotics9020039	SKIPPED	keep != yes
W2766141655	UDCLV	Innovation in endocrine surgery: robotic versus laparoscopic adrenalectomy. Meta-analysis and systematic literature review	no	http://www.oncotarget.com/index.php?journal=oncotarget&page=article&op=download&path%5B%5D=22059&path%5B%5D=69899	SKIPPED	keep != yes
W2559513061	UDCLV	Future Medicine Services Robotics	no	http://thescipub.com/pdf/10.3844/ajeassp.2016.1062.1087	SKIPPED	keep != yes
W3123004846	UDCLV	Systematic review of guidelines to identify recommendations for upper limb robotic rehabilitation after stroke	no	https://hdl.handle.net/2158/1401134	SKIPPED	keep != yes
W2775451959	UDCLV	Direct Geometry and Cinematic to the MP-3R Systems	no	http://thescipub.com/pdf/10.3844/jmrsp.2017.15.23	SKIPPED	keep != yes
W2620645378	UDCLV	Testing by Non-Destructive Control	no	http://thescipub.com/pdf/10.3844/ajeassp.2017.568.583	SKIPPED	keep != yes
W3165037781	UDCLV	State of the art and challenges for the classification of studies on electromechanical and robotic devices in neurorehabilitation: a scoping review	no	https://hdl.handle.net/11385/252459	SKIPPED	keep != yes
W2611954634	UDCLV	Inverse Kinematics at the Anthropomorphic Robots, by a Trigonometric Method	no	http://thescipub.com/pdf/10.3844/ajeassp.2017.394.411	SKIPPED	keep != yes
W2621453069	UDCLV	Dynamics of Mechanisms with Cams Illustrated in the Classical Distribution	no	http://thescipub.com/pdf/10.3844/ajeassp.2017.551.567	SKIPPED	keep != yes
W4391577198	UDCLV	Outcomes and Techniques of Robotic-Assisted Partial Nephrectomy (RAPN) for Renal Hilar Masses: A Comprehensive Systematic Review	no	https://www.mdpi.com/2072-6694/16/4/693/pdf?version=1707222979	SKIPPED	keep != yes
W3123095894	UDCLV	Analysis and Synthesis of Mechanisms with Bars and Gears Used in Robots and Manipulators	no	http://thescipub.com/pdf/10.3844/jmrsp.2017.98.108	SKIPPED	keep != yes
W2777432867	UDCLV	Speeds and Accelerations in Direct Kinematics to the MP3R Systems	no	http://thescipub.com/pdf/10.3844/jmrsp.2017.109.117	SKIPPED	keep != yes
W2884629542	UDCLV	Geometry and Determining the Positions of a Plan Transporter Manipulator	no	http://thescipub.com/pdf/10.3844/jmrsp.2017.118.126	SKIPPED	keep != yes
W3128790402	UDCLV	What is the impact of robotic rehabilitation on balance and gait outcomes in people with multiple sclerosis? A systematic review of randomized control trials	no	https://hdl.handle.net/11385/252478	SKIPPED	keep != yes
W4313585674	UDCLV	Balance Rehabilitation through Robot-Assisted Gait Training in Post-Stroke Patients: A Systematic Review and Meta-Analysis	no	https://doi.org/10.3390/brainsci13010092	SKIPPED	keep != yes
W2005770762	UDCLV	Linear Repetitive Learning Controls for Robotic Manipulators by Padé Approximants	no		SKIPPED	keep != yes
W2767701399	UDCLV	Forces of a 3R Robot	no	http://thescipub.com/pdf/10.3844/jmrsp.2017.1.14	SKIPPED	keep != yes
W2783878493	UDCLV	Nasa Selects Concepts for a New Mission to Titan, the Moon of Saturn	no	http://thescipub.com/pdf/10.3844/jastsp.2018.40.52	SKIPPED	keep != yes
W2771167314	UDCLV	Geometry and Direct Kinematics to MP3R with 4×4 Operators	no	http://thescipub.com/pdf/10.3844/jmrsp.2017.38.46	SKIPPED	keep != yes
W2777583634	UDCLV	Dynamic Elements at MP3R	no	http://thescipub.com/pdf/10.3844/jmrsp.2017.24.37	SKIPPED	keep != yes
W2779088931	UDCLV	Serial, Anthropomorphic, Spatial, Mechatronic Systems can be Studied More Simply in a Plan	no	http://thescipub.com/pdf/10.3844/jmrsp.2017.88.97	SKIPPED	keep != yes
W2792736914	UDCLV	Inverse Kinematics of a Stewart Platform	no	http://thescipub.com/pdf/10.3844/jmrsp.2018.45.59	SKIPPED	keep != yes
W3092381853	UDCLV	“Don’t Get Distracted!”: The Role of Social Robots’ Interaction Style on Users’ Cognitive Performance, Acceptance, and Non-Compliant Behavior	no	https://link.springer.com/content/pdf/10.1007/s12369-020-00702-4.pdf	SKIPPED	keep != yes
W3201375610	UDCLV	What does evidence tell us about the use of gait robotic devices in patients with multiple sclerosis? A comprehensive systematic review on functional outcomes and clinical recommendations	no	https://hdl.handle.net/11568/1138157	SKIPPED	keep != yes
W2781225876	UDCLV	The Inverse Kinematics of the Plane System 2-3 in a Mechatronic MP2R System, by a Trigonometric Method	no	http://thescipub.com/pdf/10.3844/jmrsp.2017.75.87	SKIPPED	keep != yes
W2793675602	UDCLV	Kinematics of a Mechanism with a Triad	no	http://thescipub.com/pdf/10.3844/ajeassp.2018.297.308	SKIPPED	keep != yes
W3123562833	UDCLV	Synthesis of Optimal Trajectories with Functions Control at the Level of the Kinematic Drive Couplings	no	http://thescipub.com/pdf/10.3844/jmrsp.2017.66.74	SKIPPED	keep != yes
W3086973999	UDCLV	Constructional design of echinoid endoskeleton: main structural components and their potential for biomimetic applications	no	https://iopscience.iop.org/article/10.1088/1748-3190/abb86b/pdf	SKIPPED	keep != yes
W2790510663	UDCLV	The history of varicocele: from antiquity to the modern ERA	no	http://www.scielo.br/pdf/ibju/v44n3/1677-5538-ibju-44-03-0563.pdf	SKIPPED	keep != yes
W3083942091	UDCLV	The MUSHA Hand II: A Multi-Functional Hand for Robot-Assisted Laparoscopic Surgery	no		SKIPPED	keep != yes
W2787489995	UDCLV	Some Aspects of the Structure of Planar Mechanisms	no	http://thescipub.com/pdf/10.3844/ajeassp.2018.245.259	SKIPPED	keep != yes
W4380742154	UDCLV	Sustainability of Human-Robot cooperative configurations: Findings from a case study	no		SKIPPED	keep != yes
W4224300809	UDCLV	Update of Robotic Surgery in Benign Gynecological Pathology: Systematic Review	no	https://www.mdpi.com/1648-9144/58/4/552/pdf?version=1650195289	SKIPPED	keep != yes
W2788252181	UDCLV	The Forces of a Simple Carrier Manipulator	no	http://thescipub.com/pdf/10.3844/ajeassp.2018.260.272	SKIPPED	keep != yes
W2953187907	UDCLV	A Tactile-Based Wire Manipulation System for Manufacturing Applications	no	https://www.mdpi.com/2218-6581/8/2/46/pdf?version=1560338699	SKIPPED	keep != yes
W4225533650	UDCLV	Upper Limb Robotic Rehabilitation for Patients with Cervical Spinal Cord Injury: A Comprehensive Review	no	https://www.mdpi.com/2076-3425/11/12/1630/pdf?version=1639665681	SKIPPED	keep != yes
W4311115759	UDCLV	Gait robot-assisted rehabilitation in persons with spinal cord injury: A scoping review	no	https://hdl.handle.net/11382/574678	SKIPPED	keep != yes
W4387459210	UDCLV	Robot-assisted Surgery in the Field of Urology: The Most Pioneering Approaches 2015–2023	no	https://www.dovepress.com/getfile.php?fileID=93365	SKIPPED	keep != yes
W4393163860	UDCLV	Non-Conventional Wing Structure Design with Lattice Infilled through Design for Additive Manufacturing	no	https://www.mdpi.com/1996-1944/17/7/1470/pdf?version=1711181531	SKIPPED	keep != yes
W2737781003	UDCLV	Control of linear and rotational slippage based on six-axis force/tactile sensor	no		SKIPPED	keep != yes
W4280492445	UDCLV	Robot-assisted gait training in patients with Parkinson’s disease: Implications for clinical practice. A systematic review	no	https://hdl.handle.net/11382/574680	SKIPPED	keep != yes
W3002011424	UDCLV	Manipulation Planning and Control for Shelf Replenishment	no	https://arxiv.org/pdf/1912.11018	SKIPPED	keep != yes
W2987181454	UDCLV	Elders prefer female robots with a high degree of human likeness	no		SKIPPED	keep != yes
W3151672553	UDCLV	Effects of robot-assisted gait training on postural instability in Parkinson's disease: a systematic review	no	https://www.minervamedica.it/en/journals/europa-medicophysica/article.php?cod=R33Y2021N03A0472	SKIPPED	keep != yes
W4232892608	UDCLV	Advanced Assistive Technologies for Elderly People: A Psychological Perspective on Seniors’ Needs and Preferences (part A)	no	https://doi.org/10.12700/aph.17.2.2020.2.10	SKIPPED	keep != yes
W4360986216	UDCLV	Mind Perception in HRI: Exploring Users’ Attribution of Mental and Emotional States to Robots with Different Behavioural Styles	no	https://link.springer.com/content/pdf/10.1007/s12369-023-00989-z.pdf	SKIPPED	keep != yes
W3090862111	UDCLV	How Human Likeness, Gender and Ethnicity affect Elders’Acceptance of Assistive Robots	no		SKIPPED	keep != yes
W3215862799	UDCLV	Robotic Pelvic Exenteration for Gynecologic Malignancies, Anatomic Landmarks, and Surgical Steps: A Systematic Review	no	https://www.frontiersin.org/articles/10.3389/fsurg.2021.790152/pdf	SKIPPED	keep != yes
W3112954534	UDCLV	‘Not only faces’: specialized visual representation of human hands revealed by adaptation	no	https://doi.org/10.1098/rsos.200948	SKIPPED	keep != yes
W3047476671	UDCLV	Laparotomy vs. minimally invasive surgery for ovarian cancer recurrence: a systematic review	no	https://doi.org/10.21037/gs-20-353	SKIPPED	keep != yes
W3108453380	UDCLV	How Can the COVID-19 Pandemic Lead to Positive Changes in Urology Residency?	no	https://www.frontiersin.org/journals/surgery/articles/10.3389/fsurg.2020.563006/pdf	SKIPPED	keep != yes
W4311392164	UDCLV	Effectiveness of robot-assisted arm therapy in stroke rehabilitation: An overview of systematic reviews	no	https://hdl.handle.net/11392/2500940	SKIPPED	keep != yes
W3009455635	UDCLV	How to report educational videos in robotic surgery: an international multidisciplinary consensus statement	no	https://link.springer.com/content/pdf/10.1007/s13304-020-00734-5.pdf	SKIPPED	keep != yes
W2794395020	UDCLV	Dynamic Kinematics of the Plan Balanced Chain at the Planar Module 3R	no	http://thescipub.com/pdf/10.3844/jmrsp.2018.35.44	SKIPPED	keep != yes
W2883536518	UDCLV	Switching from Flat to Spatial Motion to 3R Mechatronic Systems	no	http://thescipub.com/pdf/10.3844/jmrsp.2018.14.22	SKIPPED	keep != yes
W3080124508	UDCLV	Human–Robot Interaction for Improving Fuselage Assembly Tasks: A Case Study	no	https://www.mdpi.com/2076-3417/10/17/5757/pdf?version=1598173573	SKIPPED	keep != yes
W3147149346	UDCLV	Can Robots Refill a Supermarket Shelf?: Motion Planning and Grasp Control	no		SKIPPED	keep != yes
W4306167809	UDCLV	Cost-Effectiveness of Robotic vs. Laparoscopic Surgery for Different Surgical Procedures: Protocol for a Prospective, Multicentric Study (ROBOCOSTES)	no	https://doi.org/10.3389/fsurg.2022.866041	SKIPPED	keep != yes
W2566908500	UDCLV	Industrial implementation of a multi-task redundancy resolution at velocity level for highly redundant mobile manipulators	no		SKIPPED	keep != yes
W2803328365	UDCLV	The Dynamics of the Planar Cinematic Balanced Chain at the Plan Module 3R	no	http://thescipub.com/pdf/10.3844/jmrsp.2018.23.34	SKIPPED	keep != yes
W2067069201	UDCLV	Stability Analysis of a Hierarchical Architecture for Discrete-Time Sensor-Based Control of Robotic Systems	no	https://ieeexplore.ieee.org/ielx7/8860/6824878/06710135.pdf	SKIPPED	keep != yes
W3121931734	UDCLV	Future Medicine Services Robotics	no	https://autopapers.ssrn.com/sol3/papers.cfm?abstract_id=3074481	SKIPPED	keep != yes
W4391446937	UDCLV	Current Expectations and Opinions on Single-port Robotic Surgery: A Survey Among European Experts by the SPARC Collaborative Group	no	https://doi.org/10.1016/j.euros.2024.01.007	SKIPPED	keep != yes
W2766049029	UDCLV	A low-cost and flexible solution for one-shot cooperative robotic drilling of aeronautic stack materials	no	https://doi.org/10.1016/j.ifacol.2017.08.1013	SKIPPED	keep != yes
W4321372667	UDCLV	Robotic Single-Site Hysterectomy in Gynecologic Benign Pathology: A Systematic Review of the Literature	no	https://www.mdpi.com/1648-9144/59/2/411/pdf?version=1676941648	SKIPPED	keep != yes
W3027864230	UDCLV	Research for the Presence of Unmanned Aerial Vehicle inside Closed Environments with Acoustic Measurements	no	https://www.mdpi.com/2075-5309/10/5/96/pdf?version=1590229477	SKIPPED	keep != yes
W4200517063	UDCLV	Robot-Assisted Upper Limb Training for Patients with Multiple Sclerosis: An Evidence-Based Review of Clinical Applications and Effectiveness	no	https://www.mdpi.com/2076-3417/12/1/222/pdf?version=1640683291	SKIPPED	keep != yes
W4403300885	UDCLV	A Comprehensive Systematic Review on Functional Results, Speech and Swallowing Outcomes after Trans-Oral Robotic Surgery for Oropharyngeal Squamous Cell Cancer	no	https://www.mdpi.com/2077-0383/13/20/6039/pdf?version=1728555402	SKIPPED	keep != yes
W4406083123	UDCLV	Robot-assisted upper limb therapy for personalized rehabilitation in children with cerebral palsy: a systematic review	no	https://www.frontiersin.org/journals/neurology/articles/10.3389/fneur.2024.1499249/pdf	SKIPPED	keep != yes
W3087454648	UDCLV	Clinical implications of transversus abdominis plane block (TAP-block) for robot assisted laparoscopic radical prostatectomy: A single-institute analysis	no		SKIPPED	keep != yes
W4323666676	UDCLV	Do you like me? Behavioral and physical features for socially and emotionally engaging interactive systems	no	https://www.frontiersin.org/articles/10.3389/fcomp.2023.1138501/pdf	SKIPPED	keep != yes
W4386837752	UDCLV	Minimally Invasive Radical Nephroureterectomy: 5-Year Update of Techniques and Outcomes	no	https://www.mdpi.com/2072-6694/15/18/4585/pdf?version=1694773468	SKIPPED	keep != yes
W2619058020	UDCLV	Conceptual Design of a Small Hybrid Unmanned Aircraft System	no	http://downloads.hindawi.com/journals/jat/2017/9834247.pdf	SKIPPED	keep != yes
W4282980993	UDCLV	Prostate Cancer Diagnosis, Treatment and Outcomes in Patients with Previous or Synchronous Colorectal Cancer: A Systematic Review of Published Evidence	no	https://www.mdpi.com/2075-4418/12/6/1475/pdf?version=1655440910	SKIPPED	keep != yes
W4210944442	UDCLV	Robotic abdominal resection of tailgut cysts – A technical note with step‐by‐step description	no	https://doi.org/10.1111/codi.16088	SKIPPED	keep != yes
W4406906130	UDCLV	Evaluating Postoperative Morbidity and Outcomes of Robotic-Assisted Esophagectomy in Esophageal Cancer Treatment—A Comprehensive Review on Behalf of TROGSS (The Robotic Global Surgical Society) and EFISDS (European Federation International Society for Digestive Surgery) Joint Working Group	no	https://www.mdpi.com/1718-7729/32/2/72/pdf?version=1738058082	SKIPPED	keep != yes
W3185518545	UDCLV	Robot-assisted arm therapy in neurological health conditions: rationale and methodology for the evidence synthesis in the CICERONE Italian Consensus Conference	no	https://hdl.handle.net/2158/1401132	SKIPPED	keep != yes
W3014802244	UDCLV	What Would You Like to Drink?	no		SKIPPED	keep != yes
W3005377926	UDCLV	Advanced Assistive Technologies for Elderly People: A Psychological Perspective on Older Users’ Needs and Preferences (Part B)	no	https://doi.org/10.12700/aph.18.1.2021.1.3	SKIPPED	keep != yes
W4311343397	UDCLV	Reference theories and future perspectives on robot-assisted rehabilitation in people with neurological conditions: A scoping review and recommendations from the Italian Consensus Conference on Robotics in Neurorehabilitation (CICERONE)	no	https://content.iospress.com:443/download/neurorehabilitation/nre220160?id=neurorehabilitation%2Fnre220160	SKIPPED	keep != yes
W4390678400	UDCLV	Multi-drone systems for search and rescue operations: problems, technical solutions and open issues	no		SKIPPED	keep != yes
W4229457832	UDCLV	A longitudinal study on the effects of COVID-19 pandemic on non-motor symptoms in Parkinson’s disease	no	https://link.springer.com/content/pdf/10.1007/s10072-022-06112-w.pdf	SKIPPED	keep != yes
W2010058006	UDCLV	A modular and low-cost artificial skin for robotic applications	no		SKIPPED	keep != yes
W2967451271	UDCLV	A Fuzzy Inference Approach to Control Robot Speed in Human-robot Shared Workspaces	no	https://doi.org/10.5220/0007838700780087	SKIPPED	keep != yes
W4311932877	UDCLV	Effects of robotic upper limb treatment after stroke on cognitive patterns: A systematic review	no	https://content.iospress.com:443/download/neurorehabilitation/nre220149?id=neurorehabilitation%2Fnre220149	SKIPPED	keep != yes
W4388592040	UDCLV	Personality-Based Adaptation of Robot Behaviour: Acceptability Results on Individuals with Cognitive Impairments	no	https://link.springer.com/content/pdf/10.1007/s12369-023-01074-1.pdf	SKIPPED	keep != yes
W1983158111	UDCLV	INTEGRATION OF AN OPTICAL FORCE SENSOR INTO THE ACTUATION MODULE OF THE DEXMART HAND	no		SKIPPED	keep != yes
W3039338100	UDCLV	Effectiveness of a sensor-based technology in upper limb motor recovery in post-acute stroke neurorehabilitation: a randomized controlled trial	no	https://doi.org/10.5281/zenodo.4562073	SKIPPED	keep != yes
W2809462586	UDCLV	Something about Robots Today	no	http://thescipub.com/pdf/10.3844/jmrsp.2018.85.104	SKIPPED	keep != yes
W3115654841	UDCLV	Food purchasing behaviour at automatic vending machines: the role of planograms and shopping time	no	https://www.emerald.com/insight/content/doi/10.1108/BFJ-02-2020-0107/full/pdf?title=food-purchasing-behaviour-at-automatic-vending-machines-the-role-of-planograms-and-shopping-time	SKIPPED	keep != yes
W3199292370	UDCLV	Estimation of Airspeed, Angle of Attack, and Sideslip for Small Unmanned Aerial Vehicles (UAVs) Using a Micro-Pitot Tube	no	https://www.mdpi.com/2079-9292/10/19/2325/pdf?version=1634002485	SKIPPED	keep != yes
W4392542232	UDCLV	Fluid-structure coupled analytical model for oscillatory fish-like propulsion	no	https://doi.org/10.1016/j.oceaneng.2024.117292	SKIPPED	keep != yes
W3044239192	UDCLV	Role of uterine manipulator during laparoscopic endometrial cancer treatment	no	https://tcr.amegroups.com/article/viewFile/41996/pdf	SKIPPED	keep != yes
W2767816281	UDCLV	Robotic-assisted thoracoscopic surgery thymectomy	no	https://jovs.amegroups.com/article/viewFile/17234/17598	SKIPPED	keep != yes
W2985837349	UDCLV	Upper limb motor improvement in chronic stroke after combining botulinum toxin A injection and multi-joints robot-assisted therapy: a case report	no	https://academic.oup.com/omcr/article-pdf/2019/10/omz097/30337541/omz097.pdf	SKIPPED	keep != yes
W4220664819	UDCLV	Minimally invasive simple prostatectomy: Robotic-assisted versus laparoscopy. A comparative study	no	https://www.pagepressjournals.org/index.php/aiua/article/download/aiua.2022.1.37/9965	SKIPPED	keep != yes
W4392975112	UDCLV	Evaluation of mental stress in human-robot interaction: an explorative study	no	https://doi.org/10.1016/j.procs.2024.01.072	SKIPPED	keep != yes
W4404047043	UDCLV	Three-Dimensional Printed Nanocomposites with Tunable Piezoresistive Response	no	https://doi.org/10.3390/nano14211761	SKIPPED	keep != yes
W4231206478	UDCLV	Design and Digital Manufacturing: an ergonomic approach for Industry 4.0	no	http://ocs.editorial.upv.es/index.php/IFDP/IFDP/paper/download/3297/2159	SKIPPED	keep != yes
W4381848158	UDCLV	Industry 4.0: Machinery integration with supply chain and logistics in compliance with Italian regulations	no	http://methods-x.com/article/S2215016123002662/pdf	SKIPPED	keep != yes
W4387914408	UDCLV	Towards the Automation of Wire Harness Manufacturing: A Robotic Manipulator with Sensorized Fingers	no		SKIPPED	keep != yes
W4281565020	UDCLV	Robotic Abdominal Surgery and COVID-19: A Systematic Review of Published Literature and Peer-Reviewed Guidelines during the SARS-CoV-2 Pandemic	no	https://www.mdpi.com/2077-0383/11/11/2957/pdf?version=1653457249	SKIPPED	keep != yes
W4200555044	UDCLV	Electromechanical and Robotic Devices for Gait and Balance Rehabilitation of Children with Neurological Disability: A Systematic Review	no	https://www.mdpi.com/2076-3417/11/24/12061/pdf?version=1640080899	SKIPPED	keep != yes
W4293731347	UDCLV	Tactile Feedback Enabling In-Hand Pivoting and Internal Force Control for Dual-Arm Cooperative Object Carrying	no		SKIPPED	keep != yes
W4311115667	UDCLV	Evidence-based improvement of gait in post-stroke patients following robot-assisted training: A systematic review	no	https://hdl.handle.net/11382/574679	SKIPPED	keep != yes
W4288097555	UDCLV	Comparing Middle-Aged and Seniors’ Preferences Toward Virtual Agents and Android Robots: Is There a Generational Shift in Assistive Technologies’ Preferences?	no		SKIPPED	keep != yes
W3098159397	UDCLV	Robotic surgery of gallbladder cancer	no	https://misjournal.net/article/download/3751	SKIPPED	keep != yes
W4311315134	UDCLV	Robot-assisted rehabilitation for children with neurological disabilities: Results of the Italian consensus conference CICERONE	no	https://hdl.handle.net/11382/574673	SKIPPED	keep != yes
W2810352704	UDCLV	Structural-Topological Synthesis of Planar Mechanisms with Rods and Wheels	no	http://thescipub.com/pdf/10.3844/jmrsp.2018.105.120	SKIPPED	keep != yes
W3031828200	UDCLV	Unitas Multiplex. Biological architectures of consciousness	no	https://www.infocommunications.hu/documents/169298/4652492/InfocomJ_2020_1_2_Maldonato.pdf	SKIPPED	keep != yes
W4294080614	UDCLV	Robotics for Intralogistics in Supermarkets and Retail Stores	no		SKIPPED	keep != yes
W2949820667	UDCLV	Robotic Simulation Technique for Validating a Working Process on Composite Components: A Case Study	no		SKIPPED	keep != yes
W3014251576	UDCLV	Cheating with a Socially Assistive Robot?	no		SKIPPED	keep != yes
W3101156639	UDCLV	Design as Collaborative Connection between User, Technology and Cultural Context	no	https://doi.org/10.1088/1757-899x/949/1/012010	SKIPPED	keep != yes
W4392406778	UDCLV	Revolutionizing Mobility: Big Data Applications in Transport Planning	no	http://dx.doi.org/10.37394/232015.2023.19.129	SKIPPED	keep != yes
W4399735330	UDCLV	Incidence, Timing, and Pattern of Atypical Recurrence after Minimally Invasive Surgery for Urothelial Carcinoma	no	https://www.mdpi.com/2077-0383/13/12/3537/pdf?version=1718674882	SKIPPED	keep != yes
W4403296033	UDCLV	Effectiveness of robotic rehabilitation for gait and balance in people with multiple sclerosis: a systematic review	no		SKIPPED	keep != yes
W4398141855	UDCLV	Pancreatic Neuroendocrine Tumors: What Is the Best Surgical Option?	no	https://www.mdpi.com/2077-0383/13/10/3015/pdf?version=1716214464	SKIPPED	keep != yes
W4382460443	UDCLV	Approaches and Technologies for the Human-Centered Industry 5.0.	no	https://revistas.uca.es/index.php/proyecta56/article/download/10022/10954	SKIPPED	keep != yes
W4387421504	UDCLV	A general constraint-based programming framework for multi-robot applications	no	https://doi.org/10.1016/j.rcim.2023.102665	SKIPPED	keep != yes
W2086893842	UDCLV	A Distributed Agent-based Decision Support for Cloud Brokering	no	https://www.scpe.org/index.php/scpe/article/download/966/402	SKIPPED	keep != yes
W3125620564	UDCLV	Inverse Kinematics of a Stewart Platform	no	https://papers.ssrn.com/sol3/papers.cfm?abstract_id=3184296	SKIPPED	keep != yes
W3007890741	UDCLV	Composite Parts Assembly Operational Improvements	no		SKIPPED	keep != yes
W4394758762	UDCLV	Robotic salvage partial nephrectomy following surgical and ablative therapies	no	https://www.scielo.br/j/ibju/a/kRqK3hJyhwwCxQPVNy4MnRH/?lang=en&format=pdf	SKIPPED	keep != yes
W4400320384	UDCLV	Which Is the Best Surgical Approach for Female-to-Male Sexual Reassignment? A Systematic Review of Hysterectomy and Salpingo-Oophorectomy Options from the Gynecological Perspective	no	https://www.mdpi.com/1648-9144/60/7/1095/pdf?version=1720086569	SKIPPED	keep != yes
W2808785245	UDCLV	Presentation of the Mechanism in the Cross	no	http://thescipub.com/pdf/10.3844/ajeassp.2018.881.890	SKIPPED	keep != yes
W1647530793	UDCLV	Customization of low-cost hexapod robots based on optimal design through inverse dynamics computation	no		SKIPPED	keep != yes
W4298112282	UDCLV	Android Robots vs Virtual Agents: which system differently aged users prefer?	no		SKIPPED	keep != yes
W4399540431	UDCLV	A three-year update on guidelines for upper limb robotic rehabilitation after stroke	no	https://doi.org/10.23736/s1973-9087.24.08451-x	SKIPPED	keep != yes
W3005817519	UDCLV	A Preparatory Study for Measuring Engagement in Pediatric Virtual and Robotics Rehabilitation Settings	no		SKIPPED	keep != yes
W4214834665	UDCLV	Feasibility and usability of a regional hub model for colorectal cancer services during the COVID-19 pandemic	no	https://link.springer.com/content/pdf/10.1007/s13304-022-01264-y.pdf	SKIPPED	keep != yes
W4415237477	UDCLV	2025 Delphi consensus on robotic ventral mesh rectopexy	no	https://doi.org/10.1007/s00384-025-05003-8	SKIPPED	keep != yes
W4387191032	UDCLV	Hyper accuracy three-dimensional virtual anatomical rainbow model facilitates surgical planning and safe selective clamping during robot-assisted partial nephrectomy	no	https://doi.org/10.1016/j.ajur.2023.08.006	SKIPPED	keep != yes
W4403241919	UDCLV	Human Robot-Interaction: a conceptual framework for task performance analysis	no	https://doi.org/10.1016/j.ifacol.2024.09.096	SKIPPED	keep != yes
W4407169056	UDCLV	Assessment of Distraction and the Impact on Technology Acceptance of Robot Monitoring Behaviour in Older Adults Care	no	https://doi.org/10.1109/taffc.2025.3539015	SKIPPED	keep != yes
W4411930132	UDCLV	Thermal, Mechanical, Morphological, and Piezoresistive Properties of Poly(ethylene-co-methacrylic acid) (EMAA) with Carbon Nanotubes and Expanded Graphite	no	https://www.mdpi.com/2079-4991/15/13/994/pdf?version=1750934620	SKIPPED	keep != yes
W4282035012	UDCLV	New Possibilities in Heart Failure: The Effects of Tadalafil on Diastolic Function in Patients Undergoing Robot-Assisted Radical Prostatectomy	no	https://www.mdpi.com/2076-3417/12/11/5629/pdf?version=1654079884	SKIPPED	keep != yes
W4368232292	UDCLV	Agents Based Cyber-Physical Diffused Museums Over Web Interoperability Standards	no	https://ieeexplore.ieee.org/ielx7/6287639/10005208/10114799.pdf	SKIPPED	keep != yes
W3035462485	UDCLV	Senhance robotic platform for ovarian borderline tumor treatment: minimally invasive robotic approach for conservative adnexal surgery	no	https://gpm.amegroups.com/article/view/6060/pdf	SKIPPED	keep != yes
W4394725637	UDCLV	Pancreatic Neuroendocrine Tumors: What Is the Best Surgical Option?	no	https://www.preprints.org/manuscript/202404.0692/v1/download	SKIPPED	keep != yes
W4406683566	UDCLV	Evaluation of the effectiveness of Lokomat<sup>®</sup> robot-assisted gait training in children with cerebral palsy: A systematic review	no		SKIPPED	keep != yes
W4407613441	UDCLV	The Italian version of the unified theory of acceptance and use of technology questionnaire: a pilot validation study	no	https://www.frontiersin.org/journals/robotics-and-ai/articles/10.3389/frobt.2025.1371583/pdf	SKIPPED	keep != yes
W4407901398	UDCLV	How Willingness to Interact and Intelligibility of the Voice affect children’s interaction with an interactive dialogue system : A pilot Study	no		SKIPPED	keep != yes
W4408235386	UDCLV	Technical Modifications Employed in RARP to Improve Early Continence Recovery: A Literature Review	no	https://www.mdpi.com/2075-1729/15/3/415/pdf?version=1741329170	SKIPPED	keep != yes
W4410639129	UDCLV	A Reconfigurable Four-Finger Gripper for Versatile Application in the Agri-Food Industry	no		SKIPPED	keep != yes
W4379472905	UDCLV	Role of spinal anesthesia in robot-assisted radical prostatectomy: Gamble or opportunity?	no	https://www.pagepressjournals.org/index.php/aiua/article/download/11311/10951	SKIPPED	keep != yes
W4403278442	UDCLV	Multi-Modal Sensor for Fingertips of Anthropomorphic Grippers	no	https://doi.org/10.1109/MESA61532.2024.10704824	SKIPPED	keep != yes
W3105637484	UDCLV	8 A multicentric randomized trial to evaluate the role of uterine manipulator on laparoscopic/robotic hysterectomy for the treatment of low-risk endometrial cancer: the ROMANHY trial (NCT:02762214)	no	https://ijgc.bmj.com/content/ijgc/30/Suppl_3/A5.3.full.pdf	SKIPPED	keep != yes
W2407766360	UDCLV	Modeling Human Behaviour in Emergency: A Research Agenda for the Creation of a Rescue Robot	no		SKIPPED	keep != yes
W2771587168	UDCLV	Management of Renewable Energies and Environmental Protection	no	http://thescipub.com/pdf/10.3844/ajeassp.2017.919.948	SKIPPED	keep != yes
W2909485067	UDCLV	What Humans Act in Robotic Surgery	no		SKIPPED	keep != yes
W4285814267	UDCLV	Wire Grasping by Using Proximity and Tactile Sensors	no	https://zenodo.org/record/7085477	SKIPPED	keep != yes
W4296940264	UDCLV	A User–Centered Approach Involving the Clinicians for the Design of Medical Devices: Case Study of a Soft Robotic Exoskeleton for Rehabilitation	no		SKIPPED	keep != yes
W4385726957	UDCLV	On the effect of Printing orientation on the surface Roughness of an Additive Manufactured Composite Vertical Tail	no	https://www.researchsquare.com/article/rs-3185481/latest.pdf	SKIPPED	keep != yes
W4407945835	UDCLV	The role of human error in human robot interaction	no	https://doi.org/10.1016/j.procs.2025.01.295	SKIPPED	keep != yes
W3094215526	UDCLV	Increasing Engagement with Chameleon Robots in Bartending Services	no		SKIPPED	keep != yes
W4402455152	UDCLV	Applications of robot-assisted UV disinfection in dentistry	no		SKIPPED	keep != yes
W4407247834	UDCLV	Task priority approach for solving coordination of moving mobile robot in SAR operations	no		SKIPPED	keep != yes
W4407919643	UDCLV	Human–robot interaction in industry: a tertiary study	no	https://doi.org/10.1016/j.procs.2025.01.231	SKIPPED	keep != yes
W4411423515	UDCLV	Optimizing Cost and Value Through Technical Functional Analysis in the Development of a Humanoid Robot Concept	no		SKIPPED	keep != yes
W2189560997	UDCLV	Proceedings of the 2014 workshop on Understanding and Modeling Multiparty, Multimodal Interactions	no		SKIPPED	keep != yes
W2790662958	UDCLV	Evaluating Distraction and Disengagement for Non-interactive Robot Tasks	no		SKIPPED	keep != yes
W3121567551	UDCLV	NASA Selects Concepts for a New Mission to Titan, the Moon of Saturn	no	https://papers.ssrn.com/sol3/Delivery.cfm/SSRN_ID3184264_code2841930.pdf?abstractid=3184264&mirid=1	SKIPPED	keep != yes
W3136785494	UDCLV	Kinematics of a Mechanism with a Triad	no	https://autopapers.ssrn.com/sol3/papers.cfm?abstract_id=3153703	SKIPPED	keep != yes
W4224326411	UDCLV	A standardized stepwise approach to minimally invasive ileocolic anastomosis: Tips and tricks for laparoscopic and robotic surgery	no	https://onlinelibrary.wiley.com/doi/pdfdirect/10.1111/codi.16159	SKIPPED	keep != yes
W4296342395	UDCLV	Combined minimally invasive para-esophageal hernia repair and lobectomy for lung cancer	no	http://www.jtcvstechniques.org/article/S2666250722004722/pdf	SKIPPED	keep != yes
W4381949161	UDCLV	Controlled Case Report on the Surgical Treatment of Recurrent Rectal Cancer. The Role of the Minimally Invasive Approach	no	https://www.preprints.org/manuscript/202306.1639/v1/download	SKIPPED	keep != yes
W4386893325	UDCLV	Controlled Case Report on the Surgical Treatment of Recurrent Rectal Cancer: The Role of the Minimally Invasive Approach	no	https://www.preprints.org/manuscript/202309.1168/v1/download	SKIPPED	keep != yes
W2004365595	UDCLV	P-199SEQUENTIAL THORACOSCOPY AND ANTERIOR CONTRALATERAL THORACOTOMY VERSUS STERNOTOMY: A COMPARATIVE ANALYSIS	no	https://academic.oup.com/icvts/article-pdf/17/suppl_1/S52/23793251/ivt288.199.pdf	SKIPPED	keep != yes
W2042194204	UDCLV	Padé approximants in linear repetitive learning controls for robotic manipulators	no		SKIPPED	keep != yes
W2318208896	UDCLV	Coordinated Control of a Team of Helicopters	no		SKIPPED	keep != yes
W3121437637	UDCLV	Switching From Flat to Spatial Motion to 3R Mechatronic Systems	no	https://autopapers.ssrn.com/sol3/papers.cfm?abstract_id=3184289	SKIPPED	keep != yes
W3124762224	UDCLV	Mitochondria Are Naturally Micro Robots - A Review	no	https://autopapers.ssrn.com/sol3/papers.cfm?abstract_id=3074454	SKIPPED	keep != yes
W3124883990	UDCLV	The Dynamics of the Planar Cinematic Balanced Chain at the Plan Module 3R	no	https://autopapers.ssrn.com/sol3/papers.cfm?abstract_id=3184292	SKIPPED	keep != yes
W3125828589	UDCLV	Sustainable Energy for Aerospace Vessels	no	https://autopapers.ssrn.com/sol3/papers.cfm?abstract_id=3092655	SKIPPED	keep != yes
W3151738931	UDCLV	Something about Robots Today	no	https://papers.ssrn.com/sol3/papers.cfm?abstract_id=3306851	SKIPPED	keep != yes
W3210586068	UDCLV	Upper Limb Robotic Rehabilitation for Patients With Cervical Spinal Cord Injury: A Comprehensive Review	no	https://www.preprints.org/manuscript/202111.0065/v1/download	SKIPPED	keep != yes
W4205312257	UDCLV	Dual-Arm In-Hand Manipulation with Parallel Grippers Using Tactile Feedback	no		SKIPPED	keep != yes
W4312544267	UDCLV	Experimental Comparison of Bilateral Teleoperation Schemes based on the Time Domain Passivity Approach	no		SKIPPED	keep != yes
W4385948915	UDCLV	A Bistable SMA Actuator: Design and Analysis	no	https://www.ctresources.info/ccc/free.html?id=9865	SKIPPED	keep != yes
W4386797775	UDCLV	Robotic Procedure for Rare Rectal Conditions: GIST and Tailgut Cysts	no	https://link.springer.com/content/pdf/10.1007/978-3-031-33020-9_23.pdf	SKIPPED	keep != yes
W4387135525	UDCLV	#460 Robotic single-site in endometrial cancer: a systematic review of the literature	no	https://ijgc.bmj.com/content/ijgc/33/Suppl_3/A161.3.full.pdf	SKIPPED	keep != yes
W4388912944	UDCLV	Minimally Invasive Surgery for the Management of Lung Cancer	no	https://www.intechopen.com/citation-pdf-url/87458	SKIPPED	keep != yes
W4393674434	UDCLV	REMODEL. WP5. Cable Manipulation Planning, Execution and Interactive Perception. T5-4. Wiring harness manipulation. Data related to a paper for the conference CoDIT 2023	no	https://doi.org/10.5281/zenodo.10013370	SKIPPED	keep != yes
W4393769305	UDCLV	REMODEL. WP6. Sensory Systems and Mechatronic Tools. T6-2. Development and optimization of sensory system components. Data related to IMM2021 publication	no	https://doi.org/10.5281/zenodo.7180475	SKIPPED	keep != yes
W4393801076	UDCLV	REMODEL. WP5. Cable Manipulation Planning, Execution and Interactive Perception. T5-2. Cable grasping. Data related to a paper published on RA-L (2022)	no	https://zenodo.org/record/7215566	SKIPPED	keep != yes
W4393834592	UDCLV	REMODEL. WP6. Sensory Systems and Mechatronic Tools. T6-2. Development and optimization of sensory system components. Data related to IMM2021 publication	no	https://doi.org/10.5281/zenodo.7180474	SKIPPED	keep != yes
W4394044091	UDCLV	REMODEL. WP5. Cable Manipulation Planning, Execution and Interactive Perception. T5-2. Cable grasping. Data related to a paper published on RA-L (2022)	no	https://doi.org/10.5281/zenodo.7215565	SKIPPED	keep != yes
W4394052264	UDCLV	REMODEL. WP5. Cable Manipulation Planning, Execution and Interactive Perception. T5-4. Wiring harness manipulation. Data related to a paper for the conference CoDIT 2023	no	https://doi.org/10.5281/zenodo.10013369	SKIPPED	keep != yes
W4402206437	UDCLV	Acute myocardial infarction as presenting symptom of thymoma with compression on a coronary stent	no	https://onlinelibrary.wiley.com/doi/pdfdirect/10.1111/1759-7714.15435	SKIPPED	keep != yes
W4404520991	UDCLV	Identifying Chaotic Dynamics in IoT-Based Robot Navigation Using New Chaotic Jerk Models: Development and Experimental Validation	no		SKIPPED	keep != yes
W4405599891	UDCLV	How Older Adults Integrate Smart and Robotic Technologies into the Daily Lives	no		SKIPPED	keep != yes
W4409457216	UDCLV	Impact of Nerve-Sparing Techniques on Prostate-Specific Antigen Persistence Following Robot-Assisted Radical Prostatectomy: A Multivariable Analysis of Clinical and Pathological Predictors	no	https://www.mdpi.com/2075-4418/15/8/987/pdf?version=1744514978	SKIPPED	keep != yes
W4410369055	UDCLV	Clinical Predictors and Risk Factors of Gleason Score Upgrade: A Retrospective Cohort Analysis	no	https://www.mdpi.com/2075-4418/15/10/1238/pdf?version=1747290222	SKIPPED	keep != yes
W4412139251	UDCLV	Intraoperative Repair of Bronchial Damage Following Robotic Segmentectomy	no	https://doi.org/10.1111/1759-7714.70121	SKIPPED	keep != yes
W4413480996	UDCLV	Development and Validation of the Robot Acceptance Questionnaire (RAQ)	no	https://www.mdpi.com/2076-3417/15/17/9281/pdf?version=1755958111	SKIPPED	keep != yes
W4413824975	UDCLV	Addressing the impact of robots during disassembly operations: results from an empirical study	no	https://link.springer.com/content/pdf/10.1007/s12008-025-02383-7.pdf	SKIPPED	keep != yes
W4415123917	UDCLV	A Robotic System for Medical Hoses Manipulation and Quality Check	no		SKIPPED	keep != yes
W4417123317	UDCLV	HASEL Actuators Activated with a Multi-Channel Low-Cost High Voltage Power Supply	no	https://www.mdpi.com/2076-0825/14/12/601/pdf?version=1765198449	SKIPPED	keep != yes
W7131627739	UDCLV	A Low-Cost Autonomous Rover for Proximal Phenological Monitoring in Vineyards: Design and Virtual Evaluation	no	https://www.mdpi.com/2071-1050/18/5/2269/pdf?version=1772120829	SKIPPED	keep != yes
W7133805693	UDCLV	Closure of a Pleural Defect Using a Collagen Pad During Robotic Thymectomy: A Preliminary Experience	no	https://www.mdpi.com/2673-4095/7/1/33/pdf?version=1772684167	SKIPPED	keep != yes
W2996020697	UDCLV	Towards Digital Twin Implementation for Assessing Production Line Performance and Balancing	no	https://www.mdpi.com/1424-8220/20/1/97/pdf?version=1577089118	SKIPPED	keep != yes
W2996062987	UDCLV	New tree monitoring systems: from Industry 4.0 to Nature 4.0	no	https://research.wur.nl/en/publications/new-tree-monitoring-systems-from-industry-40-to-nature-40	SKIPPED	keep != yes
W4378446959	UDCLV	Systematic analysis of automated threat modelling techniques: Comparison of open-source tools	no	https://link.springer.com/content/pdf/10.1007/s11219-023-09634-4.pdf	SKIPPED	keep != yes
W4397030364	UDCLV	An innovative approach to a <scp>UAV</scp> tails structural design for additive manufacturing	no	https://onlinelibrary.wiley.com/doi/pdfdirect/10.1002/pc.28538	SKIPPED	keep != yes
W3156318643	UDCLV	Lean 4.0 Dynamic Tools for Polymeric Products Manufacturing in Industry 4.0	no		SKIPPED	keep != yes
W3006829774	UDCLV	Lean Manufacturing 4.0 of Polymeric Injection Molding Products	no		SKIPPED	keep != yes
W4393237033	UDCLV	A three-level view of readiness models: Statistical and managerial insights on industry 4.0	no	https://doi.org/10.1016/j.techsoc.2024.102528	SKIPPED	keep != yes
W3023023915	UDCLV	Intellectual Capital and Company Performance: Evidence from European FinTech Companies	no	http://www.ccsenet.org/journal/index.php/ibr/article/download/0/0/42691/44784	SKIPPED	keep != yes
W3155180960	UDCLV	Ergonomic Assessment Methods Enhanced by IoT and Simulation Tools	no		SKIPPED	keep != yes
W2968717827	UDCLV	Line Balancing Assessment Enhanced by IoT and Simulation Tools	no		SKIPPED	keep != yes
W3154210712	UDCLV	Semantic and knowledge based support to business model evaluation to stimulate green behaviour of electric vehicles’ drivers and energy prosumers	no	https://link.springer.com/content/pdf/10.1007/s12652-021-03243-4.pdf	SKIPPED	keep != yes
W4399455488	UDCLV	Semi-parametric approach for modelling overdispersed count data with application to Industry 4.0	no	https://doi.org/10.1016/j.seps.2024.101976	SKIPPED	keep != yes
W4313155482	UDCLV	Research trends in clean, green and sustainable manufacturing: a bibliometric review	no	https://doi.org/10.1016/j.ifacol.2022.10.072	SKIPPED	keep != yes
W4404817451	UDCLV	A Single Acoustic Quantity Index as Part of an Early-Stage Digitalized Procedure for the Restoration of Baroque Theatres to Be Used as Multipurpose Spaces	no	https://www.mdpi.com/2571-9408/7/12/312/pdf?version=1732803922	SKIPPED	keep != yes
W2482870950	UDCLV	Design and Digital Manufacturing: an ergonomic approach for Industry 4.0	no	http://hdl.handle.net/10251/87798	SKIPPED	keep != yes
W4387260788	UDCLV	Maintenance Data Management: The Potential Effect of Blockchain Technology	no	https://doi.org/10.4028/p-mykd1j	SKIPPED	keep != yes
W3139860984	UDCLV	Editorial: Beyond the traditional borders of the governance and regulation worldwide	no	https://doi.org/10.22495/jgrv10i1editorial	SKIPPED	keep != yes
W4233984754	UDCLV	Open Design	no	https://doi.org/10.21625/archive.v3i4.541	SKIPPED	keep != yes
W4292545837	UDCLV	Intelligent Link between Lean Manufacturing and the Cyber‐Physical Industry 4.0 System	no		SKIPPED	keep != yes
W4388100277	UDCLV	Performance Evaluation of Automated Cells in the Logistic Domain	no	http://dx.doi.org/10.2139/ssrn.4617502	SKIPPED	keep != yes
W7127118655	UDCLV	Smart Wearable Devices and Technologies for Human-Augmentation Industry 5.0: A Systematic Review	no	https://doi.org/10.3390/app16031481	SKIPPED	keep != yes
W4256591194	UDCLV	Nikola TESLA	no	http://thescipub.com/pdf/10.3844/ajeassp.2017.868.877	SKIPPED	keep != yes
W3134358130	UDCLV	Cyber Resilience Meta-Modelling: The Railway Communication Case Study	no	https://www.mdpi.com/2079-9292/10/5/583/pdf?version=1615204993	SKIPPED	keep != yes
W2741181684	UDCLV	The Two-Hemisphere Modelling Approach to the Composition of Cyber-Physical Systems	no	https://doi.org/10.5220/0006424902860293	SKIPPED	keep != yes
W4386161266	UDCLV	A Petri net oriented approach for advanced building energy management systems	no	https://content.iospress.com:443/download/journal-of-ambient-intelligence-and-smart-environments/ais230065?id=journal-of-ambient-intelligence-and-smart-environments%2Fais230065	SKIPPED	keep != yes
W4410455984	UDCLV	Automated Identification and Evaluation of Threat Scenarios for U-Space Solutions	no		SKIPPED	keep != yes
W4293045876	UDCLV	An approach for the automatic verification of blockchain protocols: the Tweetchain case study	no	https://link.springer.com/content/pdf/10.1007/s11416-022-00444-z.pdf	SKIPPED	keep != yes
W4393806785	UDCLV	REMODEL. WP5. Cable Manipulation Planning, Execution and Interactive Perception. T5-2. Cable grasping. Data related to a paper for the conference ICPS2022	no	https://zenodo.org/record/7157475	SKIPPED	keep != yes
W4393810069	UDCLV	REMODEL. WP5. Cable Manipulation Planning, Execution and Interactive Perception. T5-2. Cable grasping. Data related to a paper for the conference ICPS2022	no	https://doi.org/10.5281/zenodo.7157474	SKIPPED	keep != yes
W2567223022	UDCLV	Present a Mechatronic System Having Able to Determine the Concentration of Carotenoids	no	https://thescipub.com/pdf/ajeassp.2016.1106.1111.pdf	SKIPPED	keep != yes
W3121447612	UDCLV	Present a Mechatronic System Having Able to Determine the Concentration of Carotenoids	no	https://autopapers.ssrn.com/sol3/papers.cfm?abstract_id=3074471	SKIPPED	keep != yes
W4393445661	UDCLV	REMODEL. WP6. Sensory Systems and Mechatronic Tools. T6-2. Development and Optimization of Sensory System Components. Data for characterization of the tactile sensor;	no	https://doi.org/10.5281/zenodo.4680552	SKIPPED	keep != yes
W4393526679	UDCLV	REMODEL. WP6. Sensory Systems and Mechatronic Tools. T6-2. Development and Optimization of Sensory System Components. Data for characterization of the tactile sensor;	no	https://zenodo.org/record/4680553	SKIPPED	keep != yes
W4404188511	UDCLV	Differential Positioning with Bluetooth Low Energy (BLE) Beacons for UAS Indoor Operations: Analysis and Results	no	https://www.mdpi.com/1424-8220/24/22/7170/pdf?version=1731057802	SKIPPED	keep != yes
W4410873079	UDCLV	Detecting depression in speech using verbal behavior analysis: a cross-cultural study	no	https://www.frontiersin.org/journals/psychology/articles/10.3389/fpsyg.2025.1514918/pdf	SKIPPED	keep != yes
W4313061571	UDCLV	An application of conversational systems to promote healthy lifestyle habits	no	https://digibug.ugr.es/bitstream/10481/78999/1/2022___IEEE_CyberSciTech.pdf	SKIPPED	keep != yes
W4377043382	UDCLV	Users’ Propensity to Use Self-Driving Systems of SAE Automation Level 1 and 2 Cars: Results of an Italian Survey	no	https://doi.org/10.37394/232015.2023.19.46	SKIPPED	keep != yes
W2521868447	UDCLV	A Formal Model for Autonomous Planning in High Performance Systems	no	https://doi.org/10.1016/j.procs.2016.09.085	SKIPPED	keep != yes
W3091477178	UDCLV	The acceptability value of autonomous vehicles: A quantitative analysis of the willingness to pay for shared autonomous vehicles (SAVs) mobility services	no	https://doi.org/10.1016/j.trip.2020.100224	SKIPPED	keep != yes
W4388666555	UDCLV	Automated Generation of 5G Fine-Grained Threat Models: A Systematic Approach	no	https://ieeexplore.ieee.org/ielx7/6287639/6514899/10318093.pdf	SKIPPED	keep != yes
W3014679085	UDCLV	An Event-Driven Multi Agent System for Scalable Traffic Optimization	no	https://doi.org/10.1007/978-3-030-44038-1_125	SKIPPED	keep != yes
W2005388026	UDCLV	Galileo-based space–airborne bistatic SAR for UAS navigation	no		SKIPPED	keep != yes
W2945005997	UDCLV	Accelerating upward treeline shift in the Altai Mountains under last-century climate change	no	https://www.nature.com/articles/s41598-019-44188-1.pdf	SKIPPED	keep != yes
W2012177449	UDCLV	Modeling and Incremental Nonlinear Dynamic Inversion Control of a Novel Unmanned Tiltrotor	no		SKIPPED	keep != yes
W3015966620	UDCLV	Monitoring of Plant Species and Communities on Coastal Cliffs: Is the Use of Unmanned Aerial Vehicles Suitable?	no	https://www.mdpi.com/1424-2818/12/4/149/pdf?version=1586505310	SKIPPED	keep != yes
W2080754181	UDCLV	Agent-Based Design for UAV Mission Planning	no		SKIPPED	keep != yes
W4292387441	UDCLV	Bluetooth Low Energy based Technology for Small UAS Indoor Positioning	no		SKIPPED	keep != yes
W4312899763	UDCLV	MAVLink Protocol for Unmanned Aerial Vehicle: Vulnerabilities Analysis	no		SKIPPED	keep != yes
W2737415096	UDCLV	Sound power level and sound pressure level characterization of a small unmanned aircraft system during flight operations	no		SKIPPED	keep != yes
W4226441765	UDCLV	Dimension and Sampling of the Near-Field and Its Intensity Over Curves	no	https://ieeexplore.ieee.org/ielx7/8566058/9669085/09755952.pdf	SKIPPED	keep != yes
W2800064124	UDCLV	Stress Profile in Remotely Piloted Aircraft Crewmembers During 2 h Operating Mission	no	https://www.frontiersin.org/articles/10.3389/fphys.2018.00461/pdf	SKIPPED	keep != yes
W2057403518	UDCLV	Autonomic Agents for Real Time UAV Mission Planning	no		SKIPPED	keep != yes
W3048041004	UDCLV	Velocity and attitude estimation of a small unmanned aircraft with micro Pitot tube and Inertial Measurement Unit (IMU)	no		SKIPPED	keep != yes
W3200433226	UDCLV	Once Upon a Time there were Fireworks. The New Nocturnal Drones Light Shows	no	https://doaj.org/article/46ae480c1a9a45c7951bb6e7a6b35367	SKIPPED	keep != yes
W4403759940	UDCLV	A First Step Towards an Automated Methodology for the Security Risk Assessment of U-Space Solutions	no		SKIPPED	keep != yes
W4200147287	UDCLV	REMOTE SENSING OF CITY. DIGITAL DATABASES FOR ARCHITECTURE	no	https://www.int-arch-photogramm-remote-sens-spatial-inf-sci.net/XLVI-4-W5-2021/167/2021/isprs-archives-XLVI-4-W5-2021-167-2021.pdf	SKIPPED	keep != yes
W4403524264	UDCLV	Current evidence of unicuspid aortic valve in young adults: A systematic review and metanalysis	no	https://doi.org/10.1016/j.cpcardiol.2024.102884	SKIPPED	keep != yes
W2977385477	UDCLV	Aerodynamic Performance Analysis of Three Different Unmanned Re‐entry Vehicles	no		SKIPPED	keep != yes
W3124953377	UDCLV	About Northrop Grumman	no	https://papers.ssrn.com/sol3/Delivery.cfm/SSRN_ID3074001_code2841930.pdf?abstractid=3074001&mirid=1	SKIPPED	keep != yes
W4296045586	UDCLV	Il rilievo dei monasteri del Monte Athos	no	https://repositorio.upct.es/bitstream/10317/11329/1/95-rmm.pdf	SKIPPED	keep != yes
W4296102577	UDCLV	Bazaars between documentation and conservation. Case studies in Albania and Macedonia.	no	http://ocs.editorial.upv.es/index.php/HERITAGE/HERITAGE2022/paper/download/15604/7239	SKIPPED	keep != yes
W4297445414	UDCLV	Il Canale di Pontidea in Grecia: rilievi e modelli virtuali	no	https://repositorio.upct.es/bitstream/10317/11242/1/19-cpg.pdf	SKIPPED	keep != yes
W4394865514	UDCLV	Il castello di Trikala in Grecia: conoscenza, conservazione e strategie di valorizzazione	no	http://ocs.editorial.upv.es/index.php/FORTMED/Fortmed2024/paper/download/17952/8522	SKIPPED	keep != yes
W4399921486	UDCLV	Metal Replacement in UAV Vertical Tails Using Additive Manufacturing	no		SKIPPED	keep != yes
W4403534466	UDCLV	Optimal Trajectory Planning for UAV Formation Using Theta* and Optimal Control	no		SKIPPED	keep != yes
W4403534796	UDCLV	A Cost-Effective Automatic Calibration Platform for Inertial Measurement Units	no		SKIPPED	keep != yes
W4405664162	UDCLV	Numerical Investigation on the Static and Dynamic Behaviour of an Additive Manufactured UAV’s Horizontal Tail	no		SKIPPED	keep != yes
W4408693613	UDCLV	Through-Time Models for the Protection and Conservation of Port Areas: From 2D Data to 4D Analysis	no	https://www.mdpi.com/2504-446X/9/4/227/pdf?version=1742543395	SKIPPED	keep != yes
W4409118278	UDCLV	Tecnologie digitali per la documentazione dell’architettura. La fortezza di Gardiki a Corfù	no		SKIPPED	keep != yes
W4409118329	UDCLV	La conoscenza del patrimonio fortificato di Terraloggia in Pago Veiano. Rilievi e prime considerazioni	no		SKIPPED	keep != yes
W4409118457	UDCLV	Il rilievo delle strutture fortificate sull’isola di Spinalonga in Grecia	no		SKIPPED	keep != yes
W7106643283	UDCLV	4D monitoring of port areas through photogramemtry	no		SKIPPED	keep != yes
W4415055675	UDCLV	Commotio Cordis in Sudden Cardiac Death in the Young: A State-of-the-Art Review	no	https://www.imrpress.com/journal/RCM/26/9/10.31083/RCM43357/pdf	SKIPPED	keep != yes
W2971480543	UMA	Precision Agriculture Techniques and Practices: From Considerations to Applications	no	https://www.mdpi.com/1424-8220/19/17/3796/pdf?version=1567419401	SKIPPED	keep != yes
W3117126124	UMA	The SuperCam Instrument Suite on the NASA Mars 2020 Rover: Body Unit and Combined System Tests	no	https://link.springer.com/content/pdf/10.1007/s11214-020-00777-5.pdf	SKIPPED	keep != yes
W2049207102	UMA	Multi-hierarchical semantic maps for mobile robotics	no		SKIPPED	keep != yes
W2142111022	UMA	Experimental kinematics for wheeled skid-steer mobile robots	no		SKIPPED	keep != yes
W3134438919	UMA	Wireless Power Transfer Technologies Applied to Electric Vehicles: A Review	no	https://www.mdpi.com/1996-1073/14/6/1547/pdf?version=1615894435	SKIPPED	keep != yes
W4388304591	UMA	Strengthening Privacy and Data Security in Biomedical Microelectromechanical Systems by IoT Communication Security and Protection in Smart Healthcare	no	https://www.mdpi.com/1424-8220/23/21/8944/pdf?version=1698998009	SKIPPED	keep != yes
W2097771816	UMA	Toward a Unified Bayesian Approach to Hybrid Metric--Topological SLAM	no	https://doi.org/10.1109/TRO.2008.918049	SKIPPED	keep != yes
W2028983002	UMA	Pure-Pursuit Reactive Path Tracking for Nonholonomic Mobile Robots with a 2D Laser Scanner	no	https://asp-eurasipjournals.springeropen.com/counter/pdf/10.1155/2009/935237	SKIPPED	keep != yes
W2890994122	UMA	A Self‐Folding Polymer Film Based on Swelling Metal–Organic Frameworks	no	https://ddd.uab.cat/record/206949	SKIPPED	keep != yes
W2110602548	UMA	Metabolomic profiling in tomato reveals diel compositional changes in fruit affected by source–sink relationships	no	https://academic.oup.com/jxb/article-pdf/66/11/3391/17137531/erv151.pdf	SKIPPED	keep != yes
W2168494849	UMA	Overcoming the Slow Recovery of MOX Gas Sensors through a System Modeling Approach	no	https://www.mdpi.com/1424-8220/12/10/13664/pdf?version=1403319113	SKIPPED	keep != yes
W3158476941	UMA	Promises and trust in human–robot interaction	no	https://www.nature.com/articles/s41598-021-88622-9.pdf	SKIPPED	keep != yes
W2098928970	UMA	Power Consumption Modeling of Skid-Steer Tracked Mobile Robots on Rigid Terrain	no		SKIPPED	keep != yes
W2604924211	UMA	Evaluating the Child–Robot Interaction of the NAOTherapist Platform in Pediatric Rehabilitation	no	http://hdl.handle.net/10016/29425	SKIPPED	keep != yes
W2005870597	UMA	Three Realizations and Comparison of Hardware for Piezoresistive Tactile Sensors	no	https://www.mdpi.com/1424-8220/11/3/3249/pdf?version=1403314490	SKIPPED	keep != yes
W2169003662	UMA	Control Architecture for Human–Robot Integration: Application to a Robotic Wheelchair	no		SKIPPED	keep != yes
W2099287185	UMA	A pure probabilistic approach to range-only SLAM	no		SKIPPED	keep != yes
W2155147723	UMA	A Novel Measure of Uncertainty for Mobile Robot SLAM with Rao—Blackwellized Particle Filters	no		SKIPPED	keep != yes
W1531480177	UMA	Extrinsic calibration of a 2d laser-rangefinder and a camera based on scene corners	no		SKIPPED	keep != yes
W1572277230	UMA	Mobile robot trajectory planning with dynamic and kinematic constraints	no		SKIPPED	keep != yes
W3137777970	UMA	Optimization of 5G Networks for Smart Logistics	no	https://www.mdpi.com/1996-1073/14/6/1758/pdf?version=1616581417	SKIPPED	keep != yes
W2146230014	UMA	A medical robotic assistant for minimally invasive surgery	no		SKIPPED	keep != yes
W4229008871	UMA	Classifying resilience approaches for protecting smart grids against cyber threats	no	https://link.springer.com/content/pdf/10.1007/s10207-022-00594-7.pdf	SKIPPED	keep != yes
W2559165932	UMA	ExCITE Project: A Review of Forty-Two Months of Robotic Telepresence Technology Evolution	no	http://urn.kb.se/resolve?urn=urn:nbn:se:oru:diva-55144	SKIPPED	keep != yes
W4213095868	UMA	Integrating Social Assistive Robots, IoT, Virtual Communities and Smart Objects to Assist at-Home Independently Living Elders: the MoveCare Project	no	https://doi.org/10.1007/s12369-021-00843-0	SKIPPED	keep != yes
W2140464197	UMA	A new multi-criteria optimization strategy for shared control in wheelchair assisted navigation	no	https://hdl.handle.net/10630/34155	SKIPPED	keep != yes
W2908462058	UMA	A Framework for Analyzing Fog-Cloud Computing Cooperation Applied to Information Processing of UAVs	no	https://downloads.hindawi.com/journals/wcmc/2019/7497924.pdf	SKIPPED	keep != yes
W1984884934	UMA	Steering the Last Trailer as a Virtual Tractor for Reversing Vehicles With Passive On- and Off-Axle Hitches	no		SKIPPED	keep != yes
W2414941611	UMA	Planar odometry from a radial laser scanner. A range flow-based approach	no		SKIPPED	keep != yes
W4308112888	UMA	Exploring the antecedents of customers’ willingness to use service robots in restaurants	no	https://link.springer.com/content/pdf/10.1007/s11628-022-00509-5.pdf	SKIPPED	keep != yes
W2171250856	UMA	Designing a robotic gripper for harvesting horticulture products	no		SKIPPED	keep != yes
W1558833512	UMA	A Software Product Line Process to Develop Agents for the IoT	no	https://www.mdpi.com/1424-8220/15/7/15640/pdf?version=1435905666	SKIPPED	keep != yes
W2177965535	UMA	THERAPIST: Towards an Autonomous Socially Interactive Robot for Motor and Neurorehabilitation Therapies for Children	no	https://doi.org/10.2196/rehab.3151	SKIPPED	keep != yes
W1583158686	UMA	Testing a Fully Autonomous Robotic Salesman in Real Scenarios	no		SKIPPED	keep != yes
W4224233587	UMA	Exploring planet geology through force-feedback telemanipulation from orbit	no		SKIPPED	keep != yes
W2109731149	UMA	A New Approach for Large-Scale Localization and Mapping: Hybrid Metric-Topological SLAM	no		SKIPPED	keep != yes
W1977229594	UMA	Breeding Terrains with Genetic Terrain Programming: The Evolution of Terrain Generators	no	https://downloads.hindawi.com/journals/ijcgt/2009/125714.pdf	SKIPPED	keep != yes
W1975550062	UMA	A SURVEY OF VISION-BASED ARCHITECTURES FOR ROBOT LEARNING BY IMITATION	no		SKIPPED	keep != yes
W2075773085	UMA	Recent Development in Optical Chemical Sensors Coupling with Flow Injection Analysis	no	https://www.mdpi.com/1424-8220/6/10/1245/pdf?version=1403302205	SKIPPED	keep != yes
W3126167901	UMA	Information-Driven Gas Source Localization Exploiting Gas and Wind Local Measurements for Autonomous Mobile Robots	no		SKIPPED	keep != yes
W2839389	UMA	Towards a methodology for longitudinal evaluation of social robotic telepresence for elderly	no	http://urn.kb.se/resolve?urn=urn:nbn:se:oru:diva-24195	SKIPPED	keep != yes
W3094132579	UMA	A Survey of End-to-End Solutions for Reliable Low-Latency Communications in 5G Networks	no	https://ieeexplore.ieee.org/ielx7/6287639/8948470/09234518.pdf	SKIPPED	keep != yes
W2111233739	UMA	Automation of the Arm-Aided Climbing Maneuver for Tracked Mobile Manipulators	no		SKIPPED	keep != yes
W2099291701	UMA	Consistent observation grouping for generating metric-topological maps that improves robot localization	no		SKIPPED	keep != yes
W2091206579	UMA	Boresight Calibration of Construction Misalignments for 3D Scanners Built with a 2D Laser Rangefinder Rotating on Its Optical Center	no	https://www.mdpi.com/1424-8220/14/11/20025/pdf?version=1414155911	SKIPPED	keep != yes
W2122094928	UMA	A Kalman filter based approach to probabilistic gas distribution mapping	no	http://urn.kb.se/resolve?urn=urn:nbn:se:oru:diva-32672	SKIPPED	keep != yes
W2608312264	UMA	Automatic Assessment of a Rollator-User’s Condition During Rehabilitation Using the i-Walker Platform	no		SKIPPED	keep != yes
W2914772737	UMA	Transferring Know-How for an Autonomous Camera Robotic Assistant	no	https://www.mdpi.com/2079-9292/8/2/224/pdf?version=1550469846	SKIPPED	keep != yes
W2095587606	UMA	Static Tip-Over Stability Analysis for a Robotic Vehicle With a Single-Axle Trailer on Slopes Based on Altered Supporting Polygons	no	https://hdl.handle.net/10630/34025	SKIPPED	keep != yes
W3183737582	UMA	5G for Construction: Use Cases and Solutions	no	https://www.mdpi.com/2079-9292/10/14/1713/pdf?version=1626675161	SKIPPED	keep != yes
W1681206739	UMA	Assistive navigation of a robotic wheelchair using a multihierarchical model of the environment1	no		SKIPPED	keep != yes
W2909547091	UMA	Integration of a Mobile Node into a Hybrid Wireless Sensor Network for Urban Environments	no	https://www.mdpi.com/1424-8220/19/1/215/pdf?version=1547018961	SKIPPED	keep != yes
W2113999015	UMA	A Description of the SENA Robotic Wheelchair	no		SKIPPED	keep != yes
W2951090529	UMA	Automatic Multi-Sensor Extrinsic Calibration For Mobile Robots	no	https://arxiv.org/pdf/1906.04670	SKIPPED	keep != yes
W2773784025	UMA	A web-based solution for robotic telepresence	no	https://doi.org/10.1177/1729881417743738	SKIPPED	keep != yes
W4320406268	UMA	Seeking at-home long-term autonomy of assistive mobile robots through the integration with an IoT-based monitoring system	no	https://re.public.polimi.it/bitstream/11311/1227877/6/11311-1227877_Luperto.pdf	SKIPPED	keep != yes
W2987957049	UMA	Effects of Neurodynamic Mobilizations on Pain Hypersensitivity in Patients With Hand Osteoarthritis Compared to Robotic Assisted Mobilization: A Randomized Controlled Trial	no	https://onlinelibrary.wiley.com/doi/pdfdirect/10.1002/acr.24103	SKIPPED	keep != yes
W2081110738	UMA	Simplified power consumption modeling and identification for wheeled skid-steer robotic vehicles on hard horizontal ground	no		SKIPPED	keep != yes
W2587823042	UMA	A Model-Driven Approach to Enable Adaptive QoS in DDS-Based Middleware	no		SKIPPED	keep != yes
W155233204	UMA	Hierarchical Planning in a Mobile Robot for Map Learning and Navigation	no		SKIPPED	keep != yes
W2126081148	UMA	Architecture of a tactile sensor suite for artificial hands based on FPGAs	no		SKIPPED	keep != yes
W3150740072	UMA	5G Numerologies Assessment for URLLC in Industrial Communications	no	https://www.mdpi.com/1424-8220/21/7/2489/pdf?version=1617940033	SKIPPED	keep != yes
W3217391420	UMA	The Internet of Cooperative Agents Architecture (X-IoCA) for Robots, Hybrid Sensor Networks, and MEC Centers in Complex Environments: A Search and Rescue Case Study	no	https://www.mdpi.com/1424-8220/21/23/7843/pdf?version=1638167310	SKIPPED	keep != yes
W4296368370	UMA	LIDAR-based autonomous navigation method for an agricultural mobile robot in strawberry greenhouse: AgriEco Robot	no	https://doi.org/10.3934/electreng.2022019	SKIPPED	keep != yes
W2112875855	UMA	Autonomic Wireless Sensor Networks: A Systematic Literature Review	no	https://downloads.hindawi.com/journals/js/2014/782789.pdf	SKIPPED	keep != yes
W1965463277	UMA	THERAPIST: Towards an Autonomous Socially Interactive Robot for Motor and Neurorehabilitation Therapies for Children	no	http://hdl.handle.net/10016/22029	SKIPPED	keep != yes
W2587449023	UMA	Using learning from demonstration to generate real-time guidance for haptic shared control	no		SKIPPED	keep != yes
W2140890469	UMA	Efficiency based reactive shared control for collaborative human/robot navigation	no		SKIPPED	keep != yes
W2038199603	UMA	Infrared local positioning system using phase differences	no		SKIPPED	keep != yes
W2561067148	UMA	Enabling Low Latency Services on LTE Networks	no		SKIPPED	keep != yes
W1495571326	UMA	Wheelchair navigation with an audio-cued, two-class motor imagery-based brain-computer interface system	no		SKIPPED	keep != yes
W2521605145	UMA	Navigation in multiobjective optimization methods	no	https://onlinelibrary.wiley.com/doi/pdfdirect/10.1002/mcda.1599	SKIPPED	keep != yes
W2561623370	UMA	Caster-leg aided maneuver for negotiating surface discontinuities with a wheeled skid-steer mobile robot	no		SKIPPED	keep != yes
W3102033119	UMA	Reactive Navigation on Natural Environments by Continuous Classification of Ground Traversability	no	https://www.mdpi.com/1424-8220/20/22/6423/pdf	SKIPPED	keep != yes
W4295102609	UMA	Geometry with a STEM and Gamification Approach: A Didactic Experience in Secondary Education	no	https://www.mdpi.com/2227-7390/10/18/3252/pdf?version=1662552748	SKIPPED	keep != yes
W4386246024	UMA	Life Cycle Assessment of Rare Earth Elements-Free Permanent Magnet Alternatives: Sintered Ferrite and Mn–Al–C	no	https://doi.org/10.1021/acssuschemeng.3c02984	SKIPPED	keep != yes
W2966464212	UMA	Direct normal irradiance modeling: Evaluating the impact on accuracy of worldwide gridded aerosol databases	no	https://aip.scitation.org/doi/pdf/10.1063/1.5117710	SKIPPED	keep != yes
W2089036450	UMA	Assistive technologies for the new generation of senior citizens: the SHARE-it approach	no	https://doi.org/10.1504/ijcih.2010.034130	SKIPPED	keep != yes
W2116346216	UMA	Construction and calibration of a low-cost 3D laser scanner with 360° field of view for mobile robots	no		SKIPPED	keep != yes
W3193286029	UMA	ViMantic, a distributed robotic architecture for semantic mapping in indoor environments	no	https://doi.org/10.1016/j.knosys.2021.107440	SKIPPED	keep != yes
W2148201546	UMA	A two-class self-paced BCI to control a robot in four directions	no		SKIPPED	keep != yes
W2126361313	UMA	Characterization of a radial laser scanner for mobile robot navigation	no		SKIPPED	keep != yes
W2980353055	UMA	Towards Long-Term Deployment of a Mobile Robot for at-Home Ambient Assisted Living of the Elderly	no		SKIPPED	keep != yes
W3164247201	UMA	OUP accepted manuscript	no	https://arxiv.org/pdf/2105.13145	SKIPPED	keep != yes
W2114780819	UMA	Biometrically Modulated Collaborative Control for an Assistive Wheelchair	no		SKIPPED	keep != yes
W2214740890	UMA	A minimal solution for the calibration of a 2D laser-rangefinder and a camera based on scene corners	no		SKIPPED	keep != yes
W2017571100	UMA	A Novel Biologically Inspired Attention Mechanism for a Social Robot	no	https://asp-eurasipjournals.springeropen.com/counter/pdf/10.1155/2011/841078	SKIPPED	keep != yes
W3194591472	UMA	Adaptive Underactuated Finger With Active Rolling Surface	no		SKIPPED	keep != yes
W4297094910	UMA	Smart Rollators Aid Devices: Current Trends and Challenges	no	https://hdl.handle.net/10630/30040	SKIPPED	keep != yes
W3027850070	UMA	Towards long term acceptance of Socially Assistive Robots in retirement houses: use case definition	no	https://doi.org/10.1109/ICARSC49921.2020.9096080	SKIPPED	keep != yes
W4380569255	UMA	Exploring the opportunities and risks of aerial monitoring for biodiversity conservation	no	https://bristoluniversitypressdigital.com/downloadpdf/journals/gscj/aop/article-10.1332-TIOK6806/article-10.1332-TIOK6806.pdf	SKIPPED	keep != yes
W2889607033	UMA	Robust Planar Odometry Based on Symmetric Range Flow and Multiscan Alignment	no	https://hdl.handle.net/10630/29845	SKIPPED	keep != yes
W2537863368	UMA	Virtual steering limitations for reversing an articulated vehicle with off-axle passive trailers	no		SKIPPED	keep != yes
W4200570189	UMA	Efficient semantic place categorization by a robot through active line-of-sight selection	no	https://doi.org/10.1016/j.knosys.2021.108022	SKIPPED	keep != yes
W2029830487	UMA	Efficiency based modulation for wheelchair driving collaborative control	no	https://hdl.handle.net/10630/37545	SKIPPED	keep != yes
W2772629847	UMA	Integrating the users in the design of a robot for making Comprehensive Geriatric Assessments (CGA) to elderly people in care centers	no	https://e-archivo.uc3m.es/bitstreams/27bc7c7a-1b47-4c24-99aa-c2d7bca6564c/download	SKIPPED	keep != yes
W2152974205	UMA	An hierarchical approach to grid-based and topological maps integration for autonomous indoor navigation	no		SKIPPED	keep != yes
W1556319645	UMA	Steerability analysis on slopes of a mobile robot with a ground contact arm	no		SKIPPED	keep != yes
W2145967676	UMA	Center of gravity estimation and control for a field mobile robot with a heavy manipulator	no		SKIPPED	keep != yes
W2885740660	UMA	Towards Odor-Sensitive Mobile Robots	no	https://riuma.uma.es/xmlui/bitstream/10630/16050/7/2018-04-02_owards_Odor-Sensitive_Mobile_Robots-mapirweb.pdf	SKIPPED	keep != yes
W2808178094	UMA	Evaluation of Switch and Continuous Navigation Paradigms to Command a Brain-Controlled Wheelchair	no	https://www.frontiersin.org/articles/10.3389/fnins.2018.00438/pdf	SKIPPED	keep != yes
W4205775512	UMA	Design, Testing, and Evolution of Mars Rover Testbeds: European Space Agency Planetary Exploration	no		SKIPPED	keep != yes
W4367845324	UMA	The burst observer and optical transient exploring system in the multi-messenger astronomy era	no	https://www.frontiersin.org/articles/10.3389/fspas.2023.952887/pdf	SKIPPED	keep != yes
W4398236358	UMA	Enhancing human–robot collaborative transportation through obstacle-aware vibrotactile warning and virtual fixtures	no	https://doi.org/10.1016/j.robot.2024.104725	SKIPPED	keep != yes
W1594691068	UMA	Efficient Reactive Navigation with Exact Collision Determination for 3D Robot Shapes	no	https://journals.sagepub.com/doi/pdf/10.5772/60563	SKIPPED	keep != yes
W2058713655	UMA	Driver assistance system for backward maneuvers in passive multi-trailer vehicles	no		SKIPPED	keep != yes
W2076759161	UMA	Delay Tracking of Spread-Spectrum Signals for Indoor Optical Ranging	no	https://www.mdpi.com/1424-8220/14/12/23176/pdf?version=1417772987	SKIPPED	keep != yes
W2158655869	UMA	Using LEGO robots with LabVIEW for a Summer School on Mechatronics	no		SKIPPED	keep != yes
W2039705536	UMA	Towards a cognitive camera robotic assistant	no		SKIPPED	keep != yes
W2162693888	UMA	SANCHO, a fair host robot. A description	no		SKIPPED	keep != yes
W3104446661	UMA	Experimental Validation of a Robotic Stretcher for Casualty Evacuation in a Man-Made Disaster Exercise	no	https://hdl.handle.net/10630/20416	SKIPPED	keep != yes
W2140967984	UMA	Adaptive cartesian motion control approach for a surgical robotic cameraman	no		SKIPPED	keep != yes
W1989253453	UMA	An Entropy-Based Measurement of Certainty in Rao-Blackwellized Particle Filter Mapping	no		SKIPPED	keep != yes
W2946967339	UMA	Automatic Generation of Labeled 3D Point Clouds of Natural Environments with Gazebo	no	https://hdl.handle.net/10630/29607	SKIPPED	keep != yes
W3024673962	UMA	Proprioceptive Estimation of Forces Using Underactuated Fingers for Robot-Initiated pHRI	no	https://doi.org/10.3390/s20102863	SKIPPED	keep != yes
W3122571235	UMA	Jupyter Notebooks in Undergraduate Mobile Robotics Courses: Educational Tool and Case Study	no	https://doi.org/10.3390/app11030917	SKIPPED	keep != yes
W4293413794	UMA	On Managing Knowledge for MAPE-K Loops in Self-Adaptive Robotics Using a Graph-Based Runtime Model	no	https://www.mdpi.com/2076-3417/12/17/8583/pdf?version=1661930069	SKIPPED	keep != yes
W4313502569	UMA	Enabling Remote Responder Bio-Signal Monitoring in a Cooperative Human–Robot Architecture for Search and Rescue	no	https://www.mdpi.com/1424-8220/23/1/49/pdf?version=1671618680	SKIPPED	keep != yes
W4388570113	UMA	Digital competences in research: creativity and entrepreneurship as essential predictors for teacher training	no	https://link.springer.com/content/pdf/10.1007/s40692-023-00299-3.pdf	SKIPPED	keep != yes
W3139425640	UMA	Upper-Limb Kinematic Parameter Estimation and Localization Using a Compliant Robotic Manipulator	no	https://ieeexplore.ieee.org/ielx7/6287639/9312710/09381204.pdf	SKIPPED	keep != yes
W4320059792	UMA	Integrating ROS and Android for Rescuers in a Cloud Robotics Architecture: Application to a Casualty Evacuation Exercise	no		SKIPPED	keep != yes
W2165996900	UMA	Navigation skills based profiling for collaborative wheelchair control	no		SKIPPED	keep != yes
W3042027881	UMA	Mixed-Methods Analysis of Emotional Quality in Sports Organizations: Facial Expressions of Child Users of Sports Services as Data	no	https://www.frontiersin.org/articles/10.3389/fpsyg.2020.01199/pdf	SKIPPED	keep != yes
W1992350889	UMA	Mobile robot path planning for fine‐grained and smooth path spcification	no		SKIPPED	keep != yes
W2092794047	UMA	Asistente Robótico Socialmente Interactivo para Terapias de Rehabilitación Motriz con Pacientes de Pediatría	no	https://polipapers.upv.es/index.php/RIAI/article/download/9414/9397	SKIPPED	keep != yes
W2131352681	UMA	Efficiency based collaborative control modulated by biometrics for wheelchair assisted navigation	no	https://hdl.handle.net/10630/37660	SKIPPED	keep != yes
W3150463041	UMA	Collaborative Robotic Assistant Platform for Endonasal Surgery: Preliminary In-Vitro Trials	no	https://doi.org/10.3390/s21072320	SKIPPED	keep != yes
W1347505	UMA	PATH TRACKING FOR MOBILE ROBOTS WITH A TRAILER	no		SKIPPED	keep != yes
W2123506459	UMA	Control movement scheme based on manipulability concept for a surgical robotic assistant	no		SKIPPED	keep != yes
W3149546274	UMA	Fieldwork and Field Trials in Hospitals: Co-Designing A Robotic Solution to Support Data Collection in Geriatric Assessment	no	https://www.mdpi.com/2076-3417/11/7/3046/pdf?version=1617937781	SKIPPED	keep != yes
W4311377265	UMA	CLARA: Building a Socially Assistive Robot to Interact with Elderly People	no	https://www.mdpi.com/2411-9660/6/6/125/pdf?version=1670925822	SKIPPED	keep != yes
W2606209612	UMA	Lázaro: Robot Móvil dotado de Brazo para Contacto con el Suelo	no	https://polipapers.upv.es/index.php/RIAI/article/download/9222/9257	SKIPPED	keep != yes
W2047215744	UMA	Effects of terrain irregularities on wheeled mobile robot	no		SKIPPED	keep != yes
W2789738560	UMA	Field Navigation Using Fuzzy Elevation Maps Built with Local 3D Laser Scans	no	https://www.mdpi.com/2076-3417/8/3/397/pdf?version=1520511675	SKIPPED	keep != yes
W2172229934	UMA	Driver Assistance System for Passive Multi-Trailer Vehicles with Haptic Steering Limitations on the Leading Unit	no	https://www.mdpi.com/1424-8220/13/4/4485/pdf?version=1403326189	SKIPPED	keep != yes
W4358642	UMA	A Mobile Robots Trajectory Planning Approach under Motion Restrictions	no		SKIPPED	keep != yes
W2744714605	UMA	Simultaneous estimation of human and exoskeleton motion: A simplified protocol	no		SKIPPED	keep != yes
W3207557670	UMA	Extending the Evaluation of Social Assistive Robots With Accessibility Indicators: The AUSUS Evaluation Framework	no	http://hdl.handle.net/10016/39593	SKIPPED	keep != yes
W4375851120	UMA	KNIT: Ontology reusability through knowledge graph exploration	no	https://doi.org/10.1016/j.eswa.2023.120239	SKIPPED	keep != yes
W2129049754	UMA	An architecture for cognitive human-robot integration. Application to rehabilitation robotics	no		SKIPPED	keep != yes
W204411021	UMA	A CBR based pure reactive layer for autonomous robot navigation	no		SKIPPED	keep != yes
W2615089272	UMA	Neural manual vs. robotic assisted mobilization to improve motion and reduce pain hypersensitivity in hand osteoarthritis: study protocol for a randomized controlled trial	no	https://www.jstage.jst.go.jp/article/jpts/29/5/29_jpts-2016-925/_pdf	SKIPPED	keep != yes
W2767532628	UMA	Gas source localization strategies for teleoperated mobile robots. An experimental analysis	no		SKIPPED	keep != yes
W2056923754	UMA	Collapsible cubes: Removing overhangs from 3D point clouds to build local navigable elevation maps	no		SKIPPED	keep != yes
W2911089549	UMA	Integration of a Canine Agent in a Wireless Sensor Network for Information Gathering in Search and Rescue Missions	no		SKIPPED	keep != yes
W3089072567	UMA	Measuring Quality of Service in a Robotized Comprehensive Geriatric Assessment Scenario	no	https://www.mdpi.com/2076-3417/10/18/6618/pdf?version=1600774693	SKIPPED	keep != yes
W4297909582	UMA	Correction to: Integrating Social Assistive Robots, IoT, Virtual Communities and Smart Objects to Assist at-Home Independently Living Elders: the MoveCare Project	no	https://doi.org/10.1007/s12369-022-00885-y	SKIPPED	keep != yes
W1848449021	UMA	Evaluation of using semi-autonomy features in mobile robotic telepresence systems	no		SKIPPED	keep != yes
W1936293016	UMA	Progress in RoboComp	no	https://rua.ua.es/dspace/bitstream/10045/26261/1/JoPhA_07_01_06.pdf	SKIPPED	keep != yes
W2168124731	UMA	Using multicore processors to parallelize 3D point cloud registration with the Coarse Binary Cubes method	no		SKIPPED	keep != yes
W2959267234	UMA	Socially acceptable approach to humans by a mobile robot	no		SKIPPED	keep != yes
W2111942051	UMA	Large area smart tactile sensor for rescue robot	no		SKIPPED	keep != yes
W4413252061	UMA	Three-dimensional optofluidic control using reconfigurable thermal barriers	no	https://www.nature.com/articles/s41566-025-01731-z.pdf	SKIPPED	keep != yes
W4390344760	UMA	Teacher Digital Competence Analysis in Block Programming Applied to Educational Robotics	no	https://www.mdpi.com/2071-1050/16/1/275/pdf?version=1703741442	SKIPPED	keep != yes
W4403969462	UMA	Gated off-site radical injection: Bidirectional conductance modulation in single-molecule junctions	no	https://doi.org/10.1126/sciadv.adp7307	SKIPPED	keep != yes
W4402915009	UMA	An User-Centered Evaluation of Two Socially Assistive Robots Integrated in a Retirement Home	no	https://link.springer.com/content/pdf/10.1007/s12369-024-01175-5.pdf	SKIPPED	keep != yes
W2621668100	UMA	Slide-Down Prevention for Wheeled Mobile Robots on Slopes	no		SKIPPED	keep != yes
W2000685712	UMA	Auto-guided movements on Minimally Invasive Surgery for surgeon assistance	no	https://hdl.handle.net/10630/33649	SKIPPED	keep != yes
W2096751574	UMA	A CBR approach to Behaviour-Based Navigation for an Autonomous Mobile Robot	no		SKIPPED	keep != yes
W2109340274	UMA	Fuzzy modeling of natural terrain elevation from a 3D scanner point cloud	no		SKIPPED	keep != yes
W2244505696	UMA	Improving The Static Stability Of A Mobile Manipulator Using Its End Effector In Contact With The Ground	no		SKIPPED	keep != yes
W2564654982	UMA	Online estimation of rollator user condition using spatiotemporal gait parameters	no		SKIPPED	keep != yes
W2805739846	UMA	Using physical quantities in robot software models	no	https://hdl.handle.net/10630/15885	SKIPPED	keep != yes
W1499842631	UMA	Data-and Model-driven Attention Mechanism for Autonomous Visual Landmark Acquisition	no		SKIPPED	keep != yes
W2138314018	UMA	The Trajectory Parameter Space (TP-Space): A New Space Representation for Non-Holonomic Mobile Robot Reactive Navigation	no		SKIPPED	keep != yes
W4285676368	UMA	Numerical validation of simple non-stationary models for self-propelled pitching foils	no	https://ars.els-cdn.com/content/image/1-s2.0-S0029801822012987-ga1_lrg.jpg	SKIPPED	keep != yes
W4394602947	UMA	The Town Crier: A Use-Case Design and Implementation for a Socially Assistive Robot in Retirement Homes	no	https://www.mdpi.com/2218-6581/13/4/61/pdf?version=1712711604	SKIPPED	keep != yes
W4297094111	UMA	Scheduling of Missions with Constrained Tasks for Heterogeneous Robot Systems	no	https://arxiv.org/pdf/2209.14040	SKIPPED	keep != yes
W4392373305	UMA	Revealing the characteristics of the dark GRB 150309A: Dust extinguished or high-<i>z</i>?	no	https://www.aanda.org/articles/aa/pdf/2024/03/aa46042-23.pdf	SKIPPED	keep != yes
W2036554457	UMA	Compact low resolution spectrograph, an imaging and long slit spectrograph for robotic telescopes	no		SKIPPED	keep != yes
W2067671854	UMA	Terrace climbing of the Alacrane mobile robot with cooperation of its onboard arm	no		SKIPPED	keep != yes
W3197488666	UMA	A Redundant Configuration of Four Low-Cost GNSS-RTK Receivers for Reliable Estimation of Vehicular Position and Posture	no	https://www.mdpi.com/1424-8220/21/17/5853/pdf?version=1630487762	SKIPPED	keep != yes
W4242353886	UMA	Towards Odor-Sensitive Mobile Robots	no		SKIPPED	keep != yes
W2734593405	UMA	A robotic experiment toward understanding human gas-source localization strategies	no		SKIPPED	keep != yes
W2796419279	UMA	Natural locomotion based on a reduced set of inertial sensors: Decoupling body and head directions indoors	no	https://journals.plos.org/plosone/article/file?id=10.1371/journal.pone.0195191&type=printable	SKIPPED	keep != yes
W2619236787	UMA	Speed Planning Method for Mobile Robots Under Motion Constraints	no		SKIPPED	keep != yes
W2969235778	UMA	A Multi-Actor Framework Centered around an Assistive Mobile Robot for Elderly People Living Alone	no	http://hdl.handle.net/2434/650675	SKIPPED	keep != yes
W2990981486	UMA	A Foundation for the Composition of Multilevel Domain-Specific Languages	no		SKIPPED	keep != yes
W3012972452	UMA	Proposal and testing goals-guided interaction for occasional users	no	https://hcis-journal.springeropen.com/track/pdf/10.1186/s13673-020-0209-2.pdf	SKIPPED	keep != yes
W3047245820	UMA	Efficient Geometrical Clock Synchronization for Pairwise Sensor Systems	no		SKIPPED	keep != yes
W4382025154	UMA	Unsteady Propulsion of a Two-Dimensional Flapping Thin Airfoil in a Pulsating Stream	no	https://idus.us.es/bitstream/11441/152360/1/AIAAJ_2023_Ollero_Unsteady.pdf	SKIPPED	keep != yes
W2058111659	UMA	Robotic system for single incision laparoscopic surgery	no		SKIPPED	keep != yes
W3211243094	UMA	What is my Robot Doing? Remote Supervision to Support Robots for Older Adults Independent Living: a Field Study	no		SKIPPED	keep != yes
W3217809782	UMA	Modeling and verification of the Multi-connection Tactile Internet Protocol	no	https://dl.acm.org/doi/pdf/10.1145/3479242.3487328	SKIPPED	keep != yes
W1970721137	UMA	Architecture for a robot learning by imitation system	no		SKIPPED	keep != yes
W1559440266	UMA	A guided learning strategy for vision based navigation of 4-legged robots	no		SKIPPED	keep != yes
W2101980553	UMA	A Metrics Review for Performance Evaluation on Assisted Wheelchair Navigation	no	https://hdl.handle.net/2117/11055	SKIPPED	keep != yes
W2130047041	UMA	Mobile robot ego-motion estimation by proprioceptive sensor fusion	no		SKIPPED	keep != yes
W2986865858	UMA	Rapid end-of-arm-tooling manufacturing of vacuum grippers	no		SKIPPED	keep != yes
W4402836271	UMA	Educational robotics and primary school mathematics teaching: An analysis of pre-service teachers didactic-mathematical knowledge	no	https://www.ejmste.com/download/educational-robotics-and-primary-school-mathematics-teaching-an-analysis-of-pre-service-teachers-15199.pdf	SKIPPED	keep != yes
W4402923346	UMA	BASEPROD: The Bardenas Semi-Desert Planetary Rover Dataset	no	https://www.nature.com/articles/s41597-024-03881-1.pdf	SKIPPED	keep != yes
W4309323793	UMA	Sigma-FP: Robot Mapping of 3D Floor Plans With an RGB-D Camera Under Uncertainty	no	https://hdl.handle.net/10630/26928	SKIPPED	keep != yes
W2174989668	UMA	BRAIN-COMPUTER INTERFACE: COMPARISON OF TWO CONTROL MODES TO DRIVE A VIRTUAL ROBOT	no	https://hal.science/hal-04610017	SKIPPED	keep != yes
W4312942243	UMA	Optimal and Risk-Aware Path Planning considering Localization Uncertainty for Space Exploration Rovers	no	https://orbilu.uni.lu/handle/10993/57807	SKIPPED	keep != yes
W4401113728	UMA	A novel testbed for evaluating ROS 2 robot swarm wireless communications	no		SKIPPED	keep != yes
W2125888704	UMA	A heterogeneity-enabled development system for educational mechatronics	no		SKIPPED	keep != yes
W4321609822	UMA	Certifiable Solver for Real-Time N-View Triangulation	no		SKIPPED	keep != yes
W4396633460	UMA	IT-2 Fuzzy Control and Behavioral Approach Navigation System for Holonomic 4WD/4WS Agricultural Robot	no	https://univagora.ro/jour/index.php/ijccc/article/download/6420/2082	SKIPPED	keep != yes
W1986142766	UMA	Reactive adapted assistance for wheelchair navigation based on a standard skill profile	no	http://hdl.handle.net/10630/8614	SKIPPED	keep != yes
W4403677970	UMA	A Multipurpose Interface for Close- and Far-Proximity Control of Mobile Collaborative Robots	no		SKIPPED	keep != yes
W4312204921	UMA	Optimal path planning using a continuous anisotropic model for navigation on irregular terrains	no	https://link.springer.com/content/pdf/10.1007/s11370-022-00450-6.pdf	SKIPPED	keep != yes
W4366989942	UMA	Multi-stage warm started optimal motion planning for over-actuated mobile platforms	no	https://link.springer.com/content/pdf/10.1007/s11370-023-00461-x.pdf	SKIPPED	keep != yes
W2965079962	UMA	Feasibility study: Towards Estimation of Fatigue Level in Robot-Assisted Exercise for Cardiac Rehabilitation	no		SKIPPED	keep != yes
W3043912038	UMA	Statistical Study of the Performance of Recursive Bayesian Filters with Abnormal Observations from Range Sensors	no	https://doi.org/10.3390/s20154159	SKIPPED	keep != yes
W2039278937	UMA	Explicit coordinated localization using common visual objects	no		SKIPPED	keep != yes
W2071328791	UMA	Finite element analysis of tactile sensors made with screen printing technology	no	https://hdl.handle.net/10630/32625	SKIPPED	keep != yes
W2078585759	UMA	Recipes for designing high-performance and robust software for robots	no		SKIPPED	keep != yes
W2104254857	UMA	Evaluation of a low cost piezorresistive material for high resolution tactile sensors	no		SKIPPED	keep != yes
W2117487630	UMA	Automatic vergence control based on hierarchical segmentation of stereo pairs	no		SKIPPED	keep != yes
W2154991355	UMA	A Study on Human Performance in a Cooperative Local Navigation Robotic System	no		SKIPPED	keep != yes
W2156245800	UMA	Integrating Heterogeneous Robotic Software	no		SKIPPED	keep != yes
W2167631415	UMA	Foundations of Parameterized Trajectoriesbased Space Transformations for Obstacle Avoidance	no	https://www.intechopen.com/citation-pdf-url/5351	SKIPPED	keep != yes
W4392372327	UMA	The Town Crier: a Use Case Design and Implementation for a Socially Assistive Robot in Retirement Homes	no	https://www.preprints.org/manuscript/202402.1568/v1/download	SKIPPED	keep != yes
W4414183945	UMA	Enhancing Robotics Education Through XR Simulation: Insights from the X-RAPT Training Framework	no	https://www.mdpi.com/2076-3417/15/18/10020/pdf?version=1757752359	SKIPPED	keep != yes
W1967731598	UMA	Implicit robot coordination using Case-Based Reasoning behaviors	no		SKIPPED	keep != yes
W2061101207	UMA	Visual perception system for a social robot	no		SKIPPED	keep != yes
W4200257664	UMA	Analysis of Light Grip Influence on Standing Posture	no	https://www.mdpi.com/1424-8220/21/24/8191/pdf?version=1638955806	SKIPPED	keep != yes
W4362642388	UMA	COROB-X: A Cooperative robot team for the exploration of lunar skylights	no	https://doi.org/10.5281/zenodo.7805218	SKIPPED	keep != yes
W4394995580	UMA	Field Report on Experimental Comparison of a WiFi Mesh Network Against Commercial 5G in an Underground Disaster Environment	no		SKIPPED	keep != yes
W4401510584	UMA	SPIN-Based Linear Temporal Logic Path Planning for Ground Vehicle Missions with Motion Constraints on Digital Elevation Models	no	https://www.mdpi.com/1424-8220/24/16/5166/pdf?version=1723278915	SKIPPED	keep != yes
W4402978531	UMA	Swarm Robot Communications in ROS 2: An Experimental Study	no	https://doi.org/10.1109/access.2024.3470254	SKIPPED	keep != yes
W4404592756	UMA	Design of a Cyber-Physical System-of-Systems Architecture for Elderly Care at Home	no	https://doi.org/10.3390/electronics13234583	SKIPPED	keep != yes
W4411674227	UMA	CRDT-based knowledge synchronisation in an Internet of Robotics Things ecosystem for Ambient Assisted Living	no	https://doi.org/10.1016/j.cviu.2025.104437	SKIPPED	keep != yes
W4311012108	UMA	Sensors Technology for Medical Robotics	no	https://www.mdpi.com/1424-8220/22/23/9290/pdf?version=1669711703	SKIPPED	keep != yes
W4389617589	UMA	The Place of Descriptive Geometry in the Face of Industry 4.0 Challenges	no	https://www.mdpi.com/2073-8994/15/12/2190/pdf?version=1702372514	SKIPPED	keep != yes
W1972610111	UMA	GlSch	no		SKIPPED	keep != yes
W2140758939	UMA	Recent GRBs Observed with the 1.23 m CAHA Telescope and the Status of Its Upgrade	no	https://downloads.hindawi.com/journals/aa/2010/701534.pdf	SKIPPED	keep != yes
W3134645204	UMA	An Analytical Solution to the IMU Initialization Problem for Visual-Inertial Systems	no	https://arxiv.org/pdf/2103.03389	SKIPPED	keep != yes
W3197654718	UMA	International Workshop on Variability Management for Modern Technologies (VM4ModernTech 2021)	no		SKIPPED	keep != yes
W4233275118	UMA	NavCue: Context immersive navigation assistance for blind travelers	no		SKIPPED	keep != yes
W4294280984	UMA	Towards Scalable Multi-robot Systems by Partitioning the Task Domain	no		SKIPPED	keep != yes
W4310989641	UMA	Estimation of the Interaction Forces in a Compliant pHRI Gripper	no	https://www.mdpi.com/2075-1702/10/12/1128/pdf?version=1669862142	SKIPPED	keep != yes
W53669382	UMA	The SENA robotic wheelchair project	no	https://doi.org/10.2507/daaam.scibook.2006.20	SKIPPED	keep != yes
W4413104384	UMA	The IoRT-in-Hand: Tele-Robotic Echography and Digital Twins on Mobile Devices	no	https://www.mdpi.com/1424-8220/25/16/4972/pdf?version=1754994120	SKIPPED	keep != yes
W4413232072	UMA	Game‐Based Learning in Mobile Robotics: Teaching ROS2 Through a Competitive Game	no	https://onlinelibrary.wiley.com/doi/pdfdirect/10.1002/cae.70071	SKIPPED	keep != yes
W4414037765	UMA	Experimental aerodynamic analysis of finite flapping wings with chordwise flexibility	no	https://doi.org/10.1063/5.0283561	SKIPPED	keep != yes
W4415932800	UMA	A Systematic Review and Bibliometric Analysis of Studies on Generation Z and the Hotel Industry: Past, Present and Future Agenda	no	https://doi.org/10.3390/systems13110989	SKIPPED	keep != yes
W2295968420	UMA	The Shared Control Paradigm for Assistive and Rehabilitation Robots	no		SKIPPED	keep != yes
W4288047762	UMA	Fuselage Aerodynamics and Weight Trade-Off at Low-Speed Ornithopter Flight	no	https://zenodo.org/record/7092278	SKIPPED	keep != yes
W4385350906	UMA	Narrativas antropológicas de la alteridad maquínica en los albores de las teorías poshumanas y transhumanas. Una primera aproximación desde el cine y las series streaming	no	https://raco.cat/index.php/Artnodes/article/download/n32-rios/513091	SKIPPED	keep != yes
W4387217681	UMA	Disinformation in Spain’s Regional and Provincial Press	no	https://www.atlantis-press.com/article/125992176.pdf	SKIPPED	keep != yes
W4400037162	UMA	Exploring the impact of stimulus transparency in ERP-BCI under RSVP	no	https://riuma.uma.es/xmlui/bitstream/10630/32068/3/rsvp_trans_congress_preprint.pdf	SKIPPED	keep != yes
W4407017148	UMA	Tether Management and Docking System for Multi-Robot Rappelling into Lunar Lava Tubes	no	https://doi.org/10.5281/zenodo.14001191	SKIPPED	keep != yes
W4409619394	UMA	Towards a No Code Deployment of Social Robotics Use Cases	no	https://riuma.uma.es/xmlui/bitstream/10630/40326/1/2025-Expert%20Systems-Towards%20a%20No%20Code%20Deployment%20of%20Social%20Robotics%20Use%20Cases.pdf	SKIPPED	keep != yes
W14500471	UMA	A Dummy’s Guide to Assistive Navigation Devices	no		SKIPPED	keep != yes
W2066901714	UMA	Improving 3D scan matching time of the coarse binary cubes method with fast spatial subsampling	no	http://hdl.handle.net/10630/6825	SKIPPED	keep != yes
W2127460950	UMA	Active wrists endoscope navigation in robotized laparoscopic surgery	no		SKIPPED	keep != yes
W2949319938	UMA	FRI0695 NEURAL MANUAL MOBILIZATION VS ROBOTIC ASSISTED MOBILIZATION TO REDUCE PAIN HYPERSENSITIVITY IN HANDOSTEOARTHRITIS: A RANDOMISED CONTROLLED PILOT TRIAL	no	https://ard.bmj.com/content/annrheumdis/78/Suppl_2/1046.3.full.pdf	SKIPPED	keep != yes
W2959167968	UMA	Extending an assistance robot with the ability to play board games	no		SKIPPED	keep != yes
W3215176477	UMA	THE USE OF ROBOTIC TELESCOPES IN THE SCIENCE-IES PROJECT IN SPAIN	no	https://doi.org/10.22201/ia.14052059p.2021.53.30	SKIPPED	keep != yes
W4400318777	UMA	Open On-Limb Robot Locomotion Mechanism with Spherical Rollers and Diameter Adaptation	no	https://www.mdpi.com/2075-1702/12/7/455/pdf?version=1720087717	SKIPPED	keep != yes
W4401360405	UMA	Beam Switching in mmWave 5G: Evaluation in a Realistic Industrial Scenario	no	http://dx.doi.org/10.36227/techrxiv.172296256.62358609/v1	SKIPPED	keep != yes
W2006158759	UMA	Tri-axial tactile sensing element	no		SKIPPED	keep != yes
W1487219644	UMA	Risk analysis for fail-safe motion control implementation in surgical robotics	no		SKIPPED	keep != yes
W1978042535	UMA	Navigation with uncertain position estimation in the RAM-1 mobile robot	no		SKIPPED	keep != yes
W1994054405	UMA	A software framework for coping with heterogeneity in the shopfloor	no		SKIPPED	keep != yes
W1499141250	UMA	Using driving behavior models for autonomous mobile robot navigation.	no		SKIPPED	keep != yes
W195225711	UMA	On the Why of Robotic Assistive Devices	no		SKIPPED	keep != yes
W2015630084	UMA	Aspectos esenciales de los sistemas robóticos urológicos	no		SKIPPED	keep != yes
W2025216699	UMA	From perception to action and vice versa: A new architecture showing how perception and action can modulate each other simultaneously	no	http://hdl.handle.net/10016/22033	SKIPPED	keep != yes
W2105196164	UMA	GRBS Followed-up by the bootes network	no		SKIPPED	keep != yes
W2490959011	UMA	Assistive Robots in Medical Scenarios	no		SKIPPED	keep != yes
W2504005668	UMA	Gesture Learning by Imitation Architecture for a Social Robot	no		SKIPPED	keep != yes
W2734217429	UMA	Special Issue on Advances on Physical Agents 2016	no	http://rua.ua.es/dspace/bitstream/10045/67929/1/JoPhA_08_01_01.pdf	SKIPPED	keep != yes
W2894744965	UMA	NAVIGATION WITH UNCERTAIN POSITION ESTIMATION IN THE RAM-1 MOBILE ROBOT11This research has been partially supported by the CICYT projects TAP93-0581, and TAP93–0608.	no		SKIPPED	keep != yes
W29463258	UMA	Distributed control architecture for mobile robot operation in uncertain environments	no		SKIPPED	keep != yes
W3023807470	UMA	DISTRIBUTED CONTROL ARCHITECTURE FOR MOBILE ROBOT OPERATION IN UNCERTAIN ENVIRONMENTS	no		SKIPPED	keep != yes
W3171628391	UMA	Robot assistant gériatrique : une évaluation pilote en établissement hospitalier réel	no		SKIPPED	keep != yes
W4237200846	UMA	A time stamp control strategy for CBR based reactive navigation in dynamic environments with priorities	no		SKIPPED	keep != yes
W4252612689	UMA	Gesture Learning by Imitation Architecture for a Social Robot	no		SKIPPED	keep != yes
W4283324107	UMA	The effect of early automation on the wage distribution with endogenous occupational choices	no	https://link.springer.com/content/pdf/10.1007/s40888-022-00272-w.pdf	SKIPPED	keep != yes
W4293280167	UMA	International Workshop on Variability Management for Modern Technologies (VM4ModernTech 2022)	no		SKIPPED	keep != yes
W4294590173	UMA	Dome control with fuzzy logic	no	https://www.frontiersin.org/articles/10.3389/fspas.2022.924871/pdf	SKIPPED	keep != yes
W4320854943	UMA	The Burst Observer and Optical Transient Exploring System in the multi-messenger astronomy era	no	https://arxiv.org/pdf/2302.06565	SKIPPED	keep != yes
W4393495312	UMA	RGBDT Dataset MaRTA Rover	no	https://zenodo.org/record/7890662	SKIPPED	keep != yes
W4393886123	UMA	RGBDT Dataset MaRTA Rover	no	https://doi.org/10.5281/zenodo.7890661	SKIPPED	keep != yes
W4396693907	UMA	Status of Boyden observatory and equipment for optical counterpart studies of high energy sources	no	https://pos.sissa.it/459/015/pdf	SKIPPED	keep != yes
W4402381925	UMA	Correction: Exploring the Viability of Socially Assistive Robots for At-Home Cognitive Monitoring: Potential and Limitations	no	https://link.springer.com/content/pdf/10.1007/s12369-024-01162-w.pdf	SKIPPED	keep != yes
W4411639954	UMA	Evaluation of MTIP, MPTCP and MPQUIC for a Time-Sensitive Application	no		SKIPPED	keep != yes
W4413930367	UMA	Goodness of Fit in the Marginal Modeling of Round-Trip Times for Networked Robot Sensor Transmissions	no	https://www.mdpi.com/1424-8220/25/17/5413/pdf?version=1756796376	SKIPPED	keep != yes
W4415198273	UMA	Gaden-RT: A real time and interactive gas dispersion simulator for mobile robotics	no	https://doi.org/10.1016/j.softx.2025.102388	SKIPPED	keep != yes
W4416508769	UMA	SPICE-HL3: Single-Photon, Inertial, and Stereo Camera dataset for Exploration of High-Latitude Lunar Landscapes	no	https://www.nature.com/articles/s41597-026-06668-8_reference.pdf	SKIPPED	keep != yes
W7125768260	UMA	SPICE-HL3: Single-Photon, Inertial, and Stereo Camera dataset for Exploration of High-Latitude Lunar Landscapes	no	https://www.nature.com/articles/s41597-026-06668-8_reference.pdf	SKIPPED	keep != yes
W7130825034	UMA	Decoupling Tissue and Abdominal Forces in Laparoscopic Robotic Surgery via Viscoelastic Modeling	no	https://www.mdpi.com/2076-3417/16/4/2099/pdf	SKIPPED	keep != yes
W7133527019	UMA	A SAM2-Driven RGB-T Annotation Pipeline with Thermal-Guided Refinement for Semantic Segmentation in Search-and-Rescue Scenes	no	https://www.mdpi.com/2673-3951/7/2/50/pdf?version=1772615292	SKIPPED	keep != yes
W7138208226	UMA	Sustainable Protection of IoT and Energy Devices in Harsh Environments: Toward Net-Zero Systems	no		SKIPPED	keep != yes
W2945114843	UMA	Covert Channels-Based Stealth Attacks in Industry 4.0	no	https://hdl.handle.net/10630/36355	SKIPPED	keep != yes
W4372194033	UMA	OCPP in the spotlight: threats and countermeasures for electric vehicle charging infrastructures 4.0	no	https://link.springer.com/content/pdf/10.1007/s10207-023-00698-8.pdf	SKIPPED	keep != yes
W3198081248	UMA	P2ISE: Preserving Project Integrity in CI/CD Based on Secure Elements	no	https://www.mdpi.com/2078-2489/12/9/357/pdf?version=1631269317	SKIPPED	keep != yes
W4390685441	UMA	Towards flexible data stream collaboration: Federated Learning in Kafka-ML	no	https://doi.org/10.1016/j.iot.2023.101036	SKIPPED	keep != yes
W4405782192	UMA	A Gamified Active-Learning Proposal for Higher-Education Heterogeneous STEM Courses	no	https://www.mdpi.com/2227-7102/15/1/10/pdf?version=1735128800	SKIPPED	keep != yes
W2950129036	UMA	Designing a Project for Learning Industry 4.0 by Applying IoT to Urban Garden	no	https://hdl.handle.net/10630/18554	SKIPPED	keep != yes
W4286110925	UMA	Extended Reality &amp; The Backbone: Towards a 3D Mirrorworld	no		SKIPPED	keep != yes
W3041582534	UMA	Guest Editorial: Special Section on Security and Privacy in Industry 4.0	no		SKIPPED	keep != yes
W4285793122	UMA	WiFi FTM and UWB Characterization for Localization in Construction Sites	no	https://www.mdpi.com/1424-8220/22/14/5373/pdf?version=1658224384	SKIPPED	keep != yes
W4287978125	UMA	Covert Channels-based Stealth Attacks in Industry 4.0	no	https://doi.org/10.5281/zenodo.3738489	SKIPPED	keep != yes
W2919451619	UMA	Dual-Mode Time-Slotted (DMTS) MAC Protocol for Industrial Control Applications	no		SKIPPED	keep != yes
W3109559253	UMA	Digital Avatars: Promoting Independent Living for Older Adults	no	https://downloads.hindawi.com/journals/wcmc/2020/8891002.pdf	SKIPPED	keep != yes
W4289517906	UMA	Modeling should be an independent scientific discipline	no	https://link.springer.com/content/pdf/10.1007/s10270-022-01035-8.pdf	SKIPPED	keep != yes
W2762182468	UMA	A Cyber-Physical Systems-Based Checkpoint Model for Structural Controllability	no	https://zenodo.org/record/3504101	SKIPPED	keep != yes
W4310472741	UMA	STAn: analysis of data traces using an event-driven interval temporal logic	no	https://link.springer.com/content/pdf/10.1007/s10515-022-00367-5.pdf	SKIPPED	keep != yes
W3097511437	UMA	Supporting the evolution of applications deployed on edge-based infrastructures using multi-layer feature models	no		SKIPPED	keep != yes
W3135801140	UMA	MPM4CPS: Multi-Paradigm Modelling for Cyber-Physical Systems.	no		SKIPPED	keep != yes
W4286984661	UMA	Supporting IoT applications deployment on edge-based infrastructures using multi-layer feature models	no	https://zenodo.org/record/5476111	SKIPPED	keep != yes
W4287642265	UMA	Energy-efficient Deployment of IoT Applications in Edge-based Infrastructures: A Software Product Line Approach	no	https://zenodo.org/record/4605644	SKIPPED	keep != yes
W4401352370	UMA	Automated Planning for Task-Based Cyber-Physical Systems Under Interacting Sources of Uncertainty	no	http://dx.doi.org/10.2139/ssrn.4918199	SKIPPED	keep != yes
W4416184289	UMA	Towards First-Class Human Involvement in Digital Twin-Enabled Socio-Cyber-Physical Systems	no		SKIPPED	keep != yes
W2136418123	UMA	Design and development of a fast and precise low-cost 3D laser rangefinder	no		SKIPPED	keep != yes
W4249051251	UMA	Guest Editorial	no		SKIPPED	keep != yes
W2166088389	UMA	A Survey on the Applicability of Trust Management Systems forWireless Sensor Networks	no		SKIPPED	keep != yes
W4312000483	UMA	Software assistants in software engineering: A systematic mapping study	no	https://onlinelibrary.wiley.com/doi/pdfdirect/10.1002/spe.3170	SKIPPED	keep != yes
W2622186480	UMA	El enfoque enactivo en las ciencias cognitivas	no		SKIPPED	keep != yes
W2774480145	UMA	A system testbed for modeling encrypted video-streaming service performance indicators based on TCP/IP metrics	no	https://jwcn-eurasipjournals.springeropen.com/track/pdf/10.1186/s13638-017-0999-8	SKIPPED	keep != yes
W2956070259	UMA	AUTONOMOUS MINI OBSERVATORY FOR METEOR SPECTROGRAPHY	no	https://doi.org/10.22201/ia.14052059p.2019.51.22	SKIPPED	keep != yes
W4414639926	UMA	Spain: Horizontal Coordination and the Autonomous Communities	no	https://link.springer.com/content/pdf/10.1007/978-3-031-83567-4_16.pdf	SKIPPED	keep != yes
W2897988018	UMA	Key Technologies, Modeling Approaches, and Challenges for Millimeter-Wave Vehicular Communications	no		SKIPPED	keep != yes
W4399316241	UMA	Understanding users’ willingness to travel on autonomous buses: The moderating effect of experience	no	https://doi.org/10.1016/j.jretconser.2024.103931	SKIPPED	keep != yes
W96230970	UMA	Configuration Process of a Software Product Line for AmI Middleware	no	https://zenodo.org/record/7001273	SKIPPED	keep != yes
W4390796691	UMA	Evolution of scientific production on urban passenger transport: A bibliometric analysis	no	https://doi.org/10.1016/j.iedeen.2023.100239	SKIPPED	keep != yes
W3148897066	UMA	Guest Editorial Introduction of the Special Issue on Edge Intelligence for Internet of Vehicles	no	https://ieeexplore.ieee.org/ielx7/6979/9390268/09390451.pdf	SKIPPED	keep != yes
W4404771088	UMA	Optimal routing for electric vehicle macro-groups in urban areas: Application to the city of Santiago, Chile	no	https://doi.org/10.1016/j.energy.2024.133996	SKIPPED	keep != yes
W2898628342	UMA	Capture the RAT: Proximity-Based Attacks in 5G Using the Routine Activity Theory	no		SKIPPED	keep != yes
W4404040348	UMA	A Secure Auditable Remote Registry Pattern for IoT Systems	no	https://www.mdpi.com/1999-5903/16/11/405/pdf?version=1730706809	SKIPPED	keep != yes
W2986830919	UMA	Using Vegetation Indices and a UAV Imaging Platform to Quantify the Density of Vegetation Ground Cover in Olive Groves (Olea Europaea L.) in Southern Spain	no	https://www.mdpi.com/2072-4292/11/21/2564/pdf?version=1573109288	SKIPPED	keep != yes
W2900622722	UMA	Issues of Meander Development: Land Degradation or Ecological Value? The Example of the Sajó River, Hungary	no	https://www.mdpi.com/2073-4441/10/11/1613/pdf?version=1541757860	SKIPPED	keep != yes
W3175761807	UMA	Mapping tillage direction and contour farming by object-based analysis of UAV images	no	https://doi.org/10.1016/j.compag.2021.106281	SKIPPED	keep != yes
W2743785558	UMA	Case-based reasoning approach applied to surveillance system using an autonomous unmanned aerial vehicle	no		SKIPPED	keep != yes
W3137539345	UMA	Low-Cost Electronics for Online I-V Tracing at Photovoltaic Module Level: Development of Two Strategies and Comparison between Them	no	https://www.mdpi.com/2079-9292/10/6/671/pdf?version=1615555923	SKIPPED	keep != yes
W4289529829	UMA	Performance Analysis of a Vertical FSO Link with Energy Harvesting Strategy	no	https://www.mdpi.com/1424-8220/22/15/5684/pdf?version=1659356236	SKIPPED	keep != yes
W4307940879	UMA	Terrestrial Megafauna Response to Drone Noise Levels in Ex Situ Areas	no	https://www.mdpi.com/2504-446X/6/11/333/pdf?version=1668127378	SKIPPED	keep != yes
W2968791059	UMA	A Simple Model for Gliding and Low-Amplitude Flapping Flight of a Bio-Inspired UAV	no	https://zenodo.org/record/3573680	SKIPPED	keep != yes
W3110998288	UMA	Graphic Applications of Unmanned Aerial Vehicles (UAVs) in the Study of Industrial Heritage Assets	no	https://www.mdpi.com/2076-3417/10/24/8821/pdf?version=1607580652	SKIPPED	keep != yes
W4288433595	UMA	Development of a Fixed-Wing Drone System for Aerial Insect Sampling	no	https://www.mdpi.com/2504-446X/6/8/189/pdf?version=1659087398	SKIPPED	keep != yes
W3090476481	UMA	A Linearized Model for an Ornithopter in Gliding Flight: Experiments and Simulations	no	https://zenodo.org/record/5084659	SKIPPED	keep != yes
W4205659435	UMA	Carbon dioxide emission from drawdown areas of a Mediterranean reservoir	no	https://doi.org/10.23818/limn.41.05	SKIPPED	keep != yes
W4388731196	UMA	Reconstruction of historical soil surfaces and estimation of soil erosion rates with mound measurements and UAV photogrammetry in Mediterranean olive groves	no	https://ars.els-cdn.com/content/image/1-s2.0-S0016706123003853-ga1_lrg.jpg	SKIPPED	keep != yes
W4289520378	UMA	A Formulation of the Log-Logistic Distribution for Fading Channel Modeling	no	https://www.mdpi.com/2079-9292/11/15/2409/pdf?version=1659427918	SKIPPED	keep != yes
W4385343149	UMA	Application of photogrammetry and laser scanner on the Bronze Age structures of the Castillejos de Luna cist tomb necropolis (Pizarra, Spain)	no	https://polipapers.upv.es/index.php/var/article/download/19126/16000	SKIPPED	keep != yes
W4362569841	UMA	Novel sustainable magnetic material to improve the wireless charging of a lightweight drone	no	https://pubs.rsc.org/en/content/articlepdf/2023/ra/d2ra07800g	SKIPPED	keep != yes
W2749036506	UMA	HERITAGE SURVEY AND SCIENTIFIC ANALYSIS OF THE WATCHTOWERS THAT DEFENDED THE LAST ISLAMIC KINGDOM IN THE IBERIAN PENINSULA (THIRTEEN TO FIFETEENTH CENTURY)	no	https://www.int-arch-photogramm-remote-sens-spatial-inf-sci.net/XLII-2-W5/259/2017/isprs-archives-XLII-2-W5-259-2017.pdf	SKIPPED	keep != yes
W4401413841	UMA	Model-Based Approach for Lateral Maneuvers of Bird-Size Ornithopter	no		SKIPPED	keep != yes
W4404802301	UMA	Effect of different deficit irrigation regimens on soil moisture, production parameters of mango (Mangifera indica L.), and spectral vegetation indices in the Mediterranean region of Southern Spain	no	https://doi.org/10.1016/j.rsase.2024.101415	SKIPPED	keep != yes
W4399343035	UMA	EXPLORING THE SUSTAINABLE FUTURE OF E-COMMERCE COMPANIES THROUGH A DIGITAL MARKETING AND LOGISTICS CONTEXT	no	https://doi.org/10.17261/pressacademia.2024.1882	SKIPPED	keep != yes
W4410721764	UMA	Eocene Stratigraphic Sequences in the Prebetic of Alicante (SE Spain) and Their Correlation with Global Sea-Level and Climatic Curves	no	https://www.mdpi.com/2077-1312/13/6/1031/pdf?version=1748241601	SKIPPED	keep != yes
W4410810932	UMA	Disseminating the Past in 3D: O Corro dos Mouros and Its Ritual Landscape (Galicia, Spain)	no	https://www.mdpi.com/2076-3417/15/11/6025/pdf?version=1748349946	SKIPPED	keep != yes
W4399457305	UMA	Mapping and quantifying medium-term soil loss rates in mountain olive groves using unmanned aerial vehicle technology	no	https://doi.org/10.1016/j.mex.2024.102786	SKIPPED	keep != yes
W4312495998	UMA	PerformNetworks: A Testbed for Exhaustive Interoperability and Performance Analysis for Mobile Networks	no	https://api.taylorfrancis.com/content/chapters/oa-edit/download?identifierName=doi&identifierValue=10.1201/9781003337447-8&type=chapterpdf	SKIPPED	keep != yes
W4387261826	UMA	Multicriteria Decision Methodology Applied to the Textile Factory “La Juanona” in Antequera	no	http://dx.doi.org/10.4028/p-cdsn2b	SKIPPED	keep != yes
W2803257168	UMA	New Advances in the Inspection of Flare Stacks	no	https://www.preprints.org/manuscript/201805.0238/v1/download	SKIPPED	keep != yes
W4388412420	UMA	APLICACIÓN DE TÉCNICAS DE FOTOGRAMETRÍA PARA LA DIGITALIZACIÓN DE MÁQUINAS-HERRAMIENTA COMO BIENES MUEBLES DE PATRIMONIO INDUSTRIAL	no	http://dspace.aeipro.com/xmlui/bitstream/123456789/3404/1/AT03-035_23.pdf	SKIPPED	keep != yes
W4403075018	UMA	Factores de seguridad en eventos deportivos: una revisión sistemática	no	https://revistas.um.es/cpd/article/download/616691/367961	SKIPPED	keep != yes
W4407639694	UMA	Wireless Power Transfer for Unmanned Aerial Vehicles battery charging using power lines	no		SKIPPED	keep != yes
W4409171039	UMA	Air-water CO2 exchange in transformed saltmarshes for different uses and under various management models	no	https://doi.org/10.1016/j.jenvman.2025.125188	SKIPPED	keep != yes
W4409825264	UMA	Effect of low-carbon paraffinic fuels on spray evolution under typical operating conditions for piston-engine aircrafts	no	https://www.frontiersin.org/journals/mechanical-engineering/articles/10.3389/fmech.2025.1582708/pdf	SKIPPED	keep != yes
W4412974665	UMA	LiDAR-based topographic data for the coastline of Port Foster (Deception Island, Antarctica)	no	https://www.nature.com/articles/s41597-025-05726-x.pdf	SKIPPED	keep != yes
W7127433880	UMA	Improved Multi-Sensor Fusion by Federated Invariant Kalman Filtering for Underwater Vehicle State Estimation	no		SKIPPED	keep != yes
W2128522143	UMA	Load balancing mechanisms for indoor temporarily overloaded heterogeneous femtocell networks	no	https://jwcn-eurasipjournals.springeropen.com/counter/pdf/10.1186/s13638-015-0265-x	SKIPPED	keep != yes
W4246597718	UMA	Is the habit system altered in individuals with obesity? A systematic review	no	https://psyarxiv.com/fhkne/download	SKIPPED	keep != yes
W3132741565	UMA	Measuring Key Quality Indicators in Cloud Gaming: Framework and Assessment Over Wireless Networks	no	https://www.mdpi.com/1424-8220/21/4/1387/pdf?version=1614217946	SKIPPED	keep != yes
W4389733886	KK	DIGITAL TECHNOLOGIES IN LOGISTICS AND SUPPLY CHAIN MANAGEMENT	no	http://casopisi.junis.ni.ac.rs/index.php/FUEconOrg/article/download/11837/5081	SKIPPED	keep != yes
W4402728524	KK	Sustainability and New Technologies: Last-Mile Delivery in the Context of Smart Cities	no	https://www.mdpi.com/2071-1050/16/18/8037/pdf?version=1726719803	SKIPPED	keep != yes
W4414221804	KK	A Digital Twin for Robotic Post Mortem Tissue Sampling Using Virtual Reality	no		SKIPPED	keep != yes
W4406459984	KK	Integration of Additional Teaching Activities into the Study Process by Developing Students' Information Technology and Robotics Skills	no		SKIPPED	keep != yes
W7106040985	KK	Corrections to “A Digital Twin for Robotic Post Mortem Tissue Sampling Using Virtual Reality”	no		SKIPPED	keep != yes
W4400087856	KK	SOME ELEMENTS OF DEFINING INFORMATION WARFARE	no	https://ojs.mruni.eu/ojs/vsvt/article/download/8147/5827	SKIPPED	keep != yes
W4389324559	KK	DRONE STADIUM INTERACTIVE SYSTEM	no	https://doaj.org/article/3bca3b25fdad41979a87fcd1c4bb489d	SKIPPED	keep != yes
W4388127129	UT	Ultraviolet disinfection (UV-D) robots: bridging the gaps in dentistry	no	https://www.frontiersin.org/articles/10.3389/froh.2023.1270959/pdf?isPublishedV2=False	SKIPPED	keep != yes
W4413284137	UT	Challenges in the micropropagation of economically important fruit species in Europe	no	https://link.springer.com/content/pdf/10.1007/s11240-025-03165-5.pdf	SKIPPED	keep != yes
W4254779801	UT	International Journal of Business &amp; Technology	no	https://knowledgecenter.ubt-uni.net/cgi/viewcontent.cgi?article=1124&context=ijbte	SKIPPED	keep != yes
W2904595609	UT	Cyberdeviance and the Role of Data Privacy Officer’s Sustainable Structures in its Prevention	no	http://centerprode.com/ojpr/ojpr0202/coas.ojpr.0202.02061i.pdf	SKIPPED	keep != yes
W4220668381	UT	Variability of the relationships between heatwave and dust intrusions over France	no	https://doi.org/10.5194/egusphere-egu22-159	SKIPPED	keep != yes
W4310175867	UT	Design, Manufacture and Control of the prosthetic Hand with 3D Printer	no		SKIPPED	keep != yes
W4414219111	UT	Advancing precision: The role of digital workflows in modern implant dentistry	no	https://www.bioinformation.net/021/973206300212490.pdf	SKIPPED	keep != yes
W2960473792	UT	A security model for Wireless Sensor Networks	no		SKIPPED	keep != yes
W3007580145	UT	Juvenile Punishment System in View of the Need for Education and Reintegration	no	https://journals.euser.org/index.php/ejis/article/view/4463/4332	SKIPPED	keep != yes
W2401352287	UT	Energy Concerns inWireless Sensor and Actor Networks: A Simulation Case	no		SKIPPED	keep != yes
W7135201253	UT	From Monitoring to Action: A New Sampling Strategy and Retention Modules for Plastics in Floodplains – Tested at the Vjosa River	no	https://doi.org/10.5194/egusphere-egu26-1119	SKIPPED	keep != yes
W4303185729	THWS	Logistics 4.0 in warehousing: a conceptual framework of influencing factors, benefits and barriers	no	https://www.emerald.com/insight/content/doi/10.1108/IJLM-02-2022-0068/full/pdf?title=logistics-40-in-warehousing-a-conceptual-framework-of-influencing-factors-benefits-and-barriers	SKIPPED	keep != yes
W2744484140	THWS	On Wi-Fi Model Optimizations for Smartphone-Based Indoor Localization	no	https://www.mdpi.com/2220-9964/6/8/233/pdf?version=1501986011	SKIPPED	keep != yes
W4384405963	THWS	Establishing and testing a robot-based platform to enable the automated production of nanoparticles in a flexible and modular way	no	https://www.nature.com/articles/s41598-023-38535-6.pdf	SKIPPED	keep != yes
W3003222703	THWS	Motivating Female Students for Computer Science by Means of Robot Workshops	no	https://online-journals.org/index.php/i-jep/article/download/11661/6395	SKIPPED	keep != yes
W2892138119	THWS	Fast Kernel Density Estimation Using Gaussian Filter Approximation	no		SKIPPED	keep != yes
W2947339712	THWS	How Can Computer Science Faculties Increase the Proportion of Women in Computer Science by Using Robots?	no		SKIPPED	keep != yes
W4402864340	THWS	ReBiA—Robotic Enabled Biological Automation: 3D Epithelial Tissue Production	no	https://doi.org/10.1002/advs.202406608	SKIPPED	keep != yes
W4406102154	THWS	Towards Dynamic Human–Robot Collaboration: A Holistic Framework for Assembly Planning	no	https://www.mdpi.com/2079-9292/14/1/190/pdf?version=1736067164	SKIPPED	keep != yes
W4387091242	THWS	Delta Filter - Robust Visual-Inertial Pose Estimation in Real-Time: A Multi-Trajectory Filter on a Spherical Mobile Mapping System	no		SKIPPED	keep != yes
W4315783029	THWS	Description Model of Smart Connected Devices in Smart Manufacturing Systems	no	https://doi.org/10.1016/j.procs.2022.12.307	SKIPPED	keep != yes
W4409992751	THWS	Enabling Safe, Active and Interactive Human-Robot Collaboration via Smooth Distance Fields	no		SKIPPED	keep != yes
W4401567844	THWS	Early Model-Based Safety Analysis for Collaborative Robotic Systems	no		SKIPPED	keep != yes
W4210859210	THWS	Smartphone-Based 3D Indoor Localization and Navigation	no	https://www.logos-verlag.de/ebooks/OA/978-3-8325-5232-9.pdf	SKIPPED	keep != yes
W4323772551	THWS	Twin Transition : Sustainable Digital Decision Making in Enterprise Resource Planning	no	http://fis.uni-bamberg.de/bitstreams/39b90f18-3a98-47b4-b964-0c569d81229b/download	SKIPPED	keep != yes
W2049469839	THWS	Indoor Navigation Using Particle Filter and Sensor Fusion	no	https://doi.org/10.2478/v10367-012-0016-6	SKIPPED	keep != yes
W2765619516	THWS	Design and exploration of braiding swarms in VR	no		SKIPPED	keep != yes
W4404037019	THWS	World Twin Program for Teaching Mechatronics and Robotics Globally: An Experience Report from two Intertwined Degree Programs	no		SKIPPED	keep != yes
W4404623473	THWS	Safety Assessment of Human-Robot Collaborations Using Failure Mode and Effects Analysis and Bow-Tie Analysis	no	https://doi.org/10.5220/0013017500003822	SKIPPED	keep != yes
W4411234002	THWS	Software Engineering Education for Technical Engineering Degrees and its Specific Needs	no		SKIPPED	keep != yes
W3125102494	THWS	Making Industry 4.0 functionalities understandable based on the production of a model car	no	https://iopscience.iop.org/article/10.1088/1757-899X/1009/1/012051/pdf	SKIPPED	keep != yes
W4224082089	THWS	Introduction of experiment examining the relationship between human and robot at automobile manufacturing	no		SKIPPED	keep != yes
W4390944817	THWS	Double Pepper: Mediated Human-Robot Interaction and Its Influence on Human Perception	no		SKIPPED	keep != yes
W4392661782	THWS	KoPro - Configurable Process Chains for Human-Robot Collaborative Assembly	no		SKIPPED	keep != yes
W4394912062	THWS	Adaptation Strategy Planning for Collaborative Cyber-Physical Systems Using Goal Models	no	https://files.athena-publishing.com/article/278.pdf	SKIPPED	keep != yes
W4401888027	THWS	Development and Evaluation of Training Scenarios for the Use of Immersive Assistance Systems	no	https://www.mdpi.com/2571-5577/7/5/73/pdf?version=1724659401	SKIPPED	keep != yes
W4402487242	THWS	Analysis of Factors Influencing the Precision of Body Tracking Outcomes in Industrial Gesture Control	no	https://www.mdpi.com/1424-8220/24/18/5919/pdf?version=1726139328	SKIPPED	keep != yes
W4405010752	THWS	Constrained hand-multiple-eyes calibration	no	https://ksp.kit.edu/chapters/2556/files/6807e73f-54ad-48db-8db1-1f22946b7e67.pdf	SKIPPED	keep != yes
W4414783228	THWS	Autonomous Image-based Scanning Pipeline for 3d Digitization of Transparent Objects Using Scene Representation in the Cultural Heritage Domain	no		SKIPPED	keep != yes
W4417508871	THWS	Perceived Potential of Humanoid Robots	no		SKIPPED	keep != yes
W7122467930	THWS	Training-effectiveness of a mixed reality system for human–robot collaboration in industrial settings	no	https://doi.org/10.1016/j.cexr.2026.100135	SKIPPED	keep != yes
W7130386822	THWS	Awareness nach Maß – Künstliche Intelligenz in der Informationssicherheit	no	https://link.springer.com/content/pdf/10.1365/s40702-026-01253-4.pdf	SKIPPED	keep != yes
W3007577527	THWS	Evaluation of proceedings for SMEs to conduct I4.0 projects	no	https://doi.org/10.1016/j.procir.2020.01.007	SKIPPED	keep != yes
W3004910110	THWS	Towards Self-Aware Multirotor Formations	no	https://www.mdpi.com/2073-431X/9/1/7/pdf?version=1585133150	SKIPPED	keep != yes
W3185107703	THWS	SDN Controlled Visible Light Communication Clusters for AGVs	no		SKIPPED	keep != yes
W2592789367	THWS	The Smartphone-Based Offline Indoor Location Competition at IPIN 2016: Analysis and Future Work	no	https://www.mdpi.com/1424-8220/17/3/557/pdf?version=1489150658	SKIPPED	keep != yes
W4403332222	THWS	Advancing Smartphone-based Indoor Positioning through Particle Distribution Optimization	no		SKIPPED	keep != yes
W3181213630	TAMK	Adaptive Self‐Sealing Suction‐Based Soft Robotic Gripper	no	https://onlinelibrary.wiley.com/doi/pdfdirect/10.1002/advs.202100641	SKIPPED	keep != yes
W2909565044	TAMK	UX 1 system design - A robotic system for underwater mining exploration	no		SKIPPED	keep != yes
W3202462784	TAMK	Explainable Student Agency Analytics	no	https://ieeexplore.ieee.org/ielx7/6287639/6514899/09552837.pdf	SKIPPED	keep != yes
W4385735943	TAMK	Deploying OWL ontologies for semantic mediation of mixed-reality interactions for human–robot collaborative assembly	no	https://doi.org/10.1016/j.jmsy.2023.07.013	SKIPPED	keep != yes
W2089185126	TAMK	Geometry-aided angular acceleration sensing of rigid multi-body manipulator using MEMS rate gyros and linear accelerometers	no		SKIPPED	keep != yes
W2953733258	TAMK	Attitudes of Professionals Toward the Need for Assistive and Social Robots in the Healthcare Sector	no		SKIPPED	keep != yes
W3188762575	TAMK	SimpleForest - a comprehensive tool for 3d reconstruction of trees from forest plot point clouds	no	https://www.biorxiv.org/content/biorxiv/early/2021/07/30/2021.07.29.454344.full.pdf	SKIPPED	keep != yes
W2477648925	TAMK	Treatment accuracy without rotational setup corrections in intracranial SRT	no	https://aapm.onlinelibrary.wiley.com/doi/pdfdirect/10.1120/jacmp.v17i4.6149	SKIPPED	keep != yes
W4388108795	TAMK	Distributed impedance control of coordinated dissimilar upper-limb exoskeleton arms	no	https://doi.org/10.1016/j.conengprac.2023.105753	SKIPPED	keep != yes
W4311457539	TAMK	When do individuals choose care robots over a human caregiver? Insights from a laboratory experiment on choices under uncertainty	no	https://doi.org/10.1016/j.chbr.2022.100258	SKIPPED	keep != yes
W2062701079	TAMK	Geometry-aided MEMS motion state estimation for multi-body manipulators	no		SKIPPED	keep != yes
W2090120908	TAMK	Corrosion resistant nickel superalloy coatings laser-clad with a 6 kW high power diode laser (HPDL)	no		SKIPPED	keep != yes
W2907688784	TAMK	An application of Cloud Robotics for enhancing the Flexibility of Robotic Cells at Factory Shop Floors	no		SKIPPED	keep != yes
W2271944383	TAMK	Role of Social Robotics in Supporting Employees and Advancing Productivity	no	https://doi.org/10.1007/978-3-319-25554-5_67	SKIPPED	keep != yes
W4281995282	TAMK	Perception of Society’s Trust in Care Robots by Public Opinion Leaders	no	https://lutpub.lut.fi/handle/10024/164312	SKIPPED	keep != yes
W1973973729	TAMK	Integrating robotic software frameworks for convenient software component exchange in micro- and nanoscale applications	no		SKIPPED	keep != yes
W1994392584	TAMK	Classification of items in a walk-through metal detector using time series of eigenvalues of the polarizability tensor	no		SKIPPED	keep != yes
W2003670908	TAMK	Geometry-aided low-noise angular velocity sensing of rigid-body manipulator using MEMS rate gyros and linear accelerometers	no		SKIPPED	keep != yes
W4404953569	TAMK	Accessibility in Senior-Robot Interactions within Care Homes*	no		SKIPPED	keep != yes
W3866132	TAMK	Accuracy Measurements of Miniature Robot Using Optical CMM	no	https://link.springer.com/content/pdf/10.1007%2F978-3-642-28163-1_16.pdf	SKIPPED	keep != yes
W4391304349	TAMK	Development and deployment of services based on D-BEST methodology for robotics and production automation related pilot lines	no	https://pubs.aip.org/aip/acp/article-pdf/doi/10.1063/5.0195637/19072879/020001_1_5.0195637.pdf	SKIPPED	keep != yes
W4404789708	TAMK	Towards Visualization of Manufacturing System Data Models to Support Agile Implementation	no	https://doi.org/10.1016/j.procir.2024.10.182	SKIPPED	keep != yes
W2144634198	TAMK	Time and Supervisory Control of Manufacturing Systems: a Flexible Manufacturing Cell experience	no		SKIPPED	keep != yes
W4407556202	TAMK	Nonlinear Boundary Control and Estimation of Distributed States in a Flexible Manipulator	no	https://onlinelibrary.wiley.com/doi/pdfdirect/10.1002/rnc.7872	SKIPPED	keep != yes
W2021308851	TAMK	&lt;title&gt;Compact and intelligent servo pneumatic gripper for agile automatic assembly&lt;/title&gt;	no		SKIPPED	keep != yes
W2789415969	TAMK	Combining Method of Alternating Projections and Augmented Lagrangian for Task Constrained Trajectory Optimization	no	https://arxiv.org/pdf/1803.03784	SKIPPED	keep != yes
W4408094751	TAMK	Active exploration and working memory synaptic plasticity shapes goal-directed behavior in curiosity-driven learning	no	https://doi.org/10.1016/j.cogsys.2025.101339	SKIPPED	keep != yes
W4415928450	TAMK	An affordable data acquisition system for large-area additive manufacturing melt flow and interpass temperature measurement	no	https://digital-library.theiet.org/doi/pdf/10.1049/icp.2025.3627?download=true	SKIPPED	keep != yes
W7112686817	TAMK	Kameroiden käyttöönottotestien automatisointi	no	http://www.theseus.fi/bitstream/10024/900824/2/Tuomainen_Veera.pdf	SKIPPED	keep != yes
W7113765619	TAMK	Robottisolun toiminnallinen turvallisuus	no	http://www.theseus.fi/bitstream/10024/901780/2/Kellokoski_Juha.pdf	SKIPPED	keep != yes
W7114940636	TAMK	HIL-testausjärjestelmän toteuttaminen sulautetulle järjestelmälle	no	http://www.theseus.fi/bitstream/10024/905409/2/Laaksonen_Pyry.pdf	SKIPPED	keep != yes
W7128693918	TAMK	Exploring Social Robot-Based Games for Enhancing Sustainable Living at Home: A Co-design Study with Families with Children	no		SKIPPED	keep != yes
W7132885841	TAMK	Implementation of palletizing task with an industrial articulated manipulator	no	https://trepo.tuni.fi/bitstream/10024/156072/2/HuhtalaSiri.pdf	SKIPPED	keep != yes
W7132964189	TAMK	Design and Implementation of a Data Validation System for a Virtual Underground Drilling Machine	no	https://trepo.tuni.fi/bitstream/10024/230005/2/KoistinenSanttu.pdf	SKIPPED	keep != yes
W7136045928	TAMK	Effects of Industry 4.0 on Business Models	no	https://www.dpublication.com/conference-proceedings/index.php/ICBMECONF/article/download/1452/1087	SKIPPED	keep != yes
W7139028579	TAMK	From Gameful to Anti-Gameful: Exploring Opposing Design Logics	no	https://doi.org/10.1145/3789624.3789642	SKIPPED	keep != yes
W3024608961	TAMK	Advanced Wireless M-Bus Platform for Intensive Field Testing in Industry 4.0-Based Systems	no		SKIPPED	keep != yes
W4411342913	TAMK	Industry 4.0: A Tool for Improving Sustainability of Additive Manufacturing	no	https://doi.org/10.1016/j.procir.2025.02.215	SKIPPED	keep != yes
W4409099204	TAMK	The Integration of Blockchain Technology in Accounting Systems: Challenges, Opportunities, and Future Trends	no	http://thecrsss.com/index.php/Journal/article/download/424/472	SKIPPED	keep != yes
W7131207434	TAMK	Opportunities and Challenges of Implementing Industry 4.0 Technologies in Business Operations	no	https://doi.org/10.33422/icbmeconf.v2i1.1453	SKIPPED	keep != yes
W7133016906	TAMK	Improving monitoring and maintenance of battery energy storage systems through a cloud-based IoT service	no	https://trepo.tuni.fi/bitstream/10024/232739/2/NguyenAnton.pdf	SKIPPED	keep != yes
W7140112850	TAMK	Towards automated quality control system for additive manufacturing post-processing	no	https://doi.org/10.1016/j.procs.2026.02.392	SKIPPED	keep != yes
W2560569679	TAMK	The Perception of Technical Debt in the Embedded Systems Domain: An Industrial Case Study	no	https://research.rug.nl/en/publications/40c465d1-f363-4bd2-9019-976a8a1b36c8	SKIPPED	keep != yes
W7133039346	TAMK	Selecting, configuring and deploying an ERP system in a small-scale software development company	no	https://trepo.tuni.fi/bitstream/10024/226229/2/KukkonenLeevi.pdf	SKIPPED	keep != yes
W2294562132	TAMK	Security in Cloud-Based Cyber-Physical Systems	no		SKIPPED	keep != yes
W3046026064	TAMK	Uniform Web of Things based Access to Distributed Energy Resources via Metadata Registry	no	https://doi.org/10.34890/550	SKIPPED	keep != yes
W2056740541	TAMK	Survey and Introduction to the Focused Section on Mechatronics for Sustainable and Resilient Civil Infrastructure	no		SKIPPED	keep != yes
W1519386844	TAMK	Service-Based Methodology for Controlling Reconfigurable Mechatronic Devices	no		SKIPPED	keep != yes
W4221014581	TAMK	Near‐ground propagation in automotive radar and communication obstructed deployments: Measurements and modelling	no	https://onlinelibrary.wiley.com/doi/pdfdirect/10.1049/mia2.12241	SKIPPED	keep != yes
W4415503291	TAMK	Runtime composition in dynamic system of systems: A systematic review of challenges, solutions, tools, and evaluation methods	no	https://doi.org/10.1016/j.jss.2025.112661	SKIPPED	keep != yes
W2115419968	TAMK	Classification of small UAVs and birds by micro-Doppler signatures	no	https://publications.tno.nl/publication/105220/tJKET4/molchanov-2013-classification.pdf	SKIPPED	keep != yes
W4389385650	TAMK	Review on Drones Integration in the Disaster Relief Operation	no		SKIPPED	keep != yes
W4286890539	TAMK	Unmanned Aircraft Systems - Education Activities in Finland, UCNDrone Perspective	no	https://doaj.org/article/59d41d8fa9f341308fa0cd13cdf5be79	SKIPPED	keep != yes
W4405920749	TAMK	Perspective of Education and Research Landscape for Unmanned Aircraft Systems in Finland	no		SKIPPED	keep != yes
W7118017464	TAMK	Channel Modeling for UAV-Based Air-to-Ground Communications in Post-Disaster Environments Using Sionna RT	no		SKIPPED	keep != yes
W7132903085	TAMK	Henkilötason suoja droneilta radiomenetelmillä	no	https://trepo.tuni.fi/bitstream/10024/163140/2/NumminenOlli.pdf	SKIPPED	keep != yes
W7133300388	TAMK	Real-World Data-Driven Fault-Tolerant Multimodal Sensor Fusion with Neuromorphic Associative Learning Circuit	no		SKIPPED	keep != yes
W7112610751	TAMK	Enterprise architecture approach in solution design : case: M-Files system design and implementation	no	http://www.theseus.fi/bitstream/10024/898294/5/Oranne_Laura.pdf	SKIPPED	keep != yes
W7132998359	TAMK	Improving the quality of cloud systems with Chaos Engineering	no	https://trepo.tuni.fi/bitstream/10024/232539/2/OnkaloJenna.pdf	SKIPPED	keep != yes
W2941001239	TAMK	Attaining Learning Objectives by Ontological Reasoning using Digital Twins	no	https://doi.org/10.1016/j.promfg.2019.03.055	SKIPPED	keep != yes
W7130433132	TAMK	Data Collection Framework Enabling Simulation-Based Development and Evaluation of AM Post-Processing	no	https://doi.org/10.1016/j.procir.2025.09.038	SKIPPED	keep != yes
W4205673235	THUAS	The potential of robotics for the development and wellbeing of children with disabilities as we see it	no	https://content.iospress.com:443/download/technology-and-disability/tad210346?id=technology-and-disability%2Ftad210346	SKIPPED	keep != yes
W4401591195	THUAS	Dynamic and probabilistic safety zones for autonomous mobile robots operating near humans	no	https://doi.org/10.1016/j.rineng.2024.102731	SKIPPED	keep != yes
W4415211589	THUAS	Huggable integrated socially assistive robots: exploring the potential and challenges for sustainable use in long-term care contexts	no	https://www.frontiersin.org/journals/robotics-and-ai/articles/10.3389/frobt.2025.1646353/pdf	SKIPPED	keep != yes
W3173256914	THUAS	Sustaining Professional Learning Communities	no	https://surfsharekit.nl/public/7f25737a-c82c-4749-9a11-39bc6f4fc339	SKIPPED	keep != yes
W4406323891	THUAS	The Why and How of Polymorphic Artificial Autonomous Swarms	no	https://www.mdpi.com/2504-446X/9/1/53/pdf?version=1736843191	SKIPPED	keep != yes
W4415706518	THUAS	How the engineering of Swarming Behaviors could be drawing on Social Sciences	no	https://isprs-archives.copernicus.org/articles/XLVIII-2-W11-2025/119/2025/isprs-archives-XLVIII-2-W11-2025-119-2025.pdf	SKIPPED	keep != yes
W4415706773	THUAS	Swarm Intelligence and Systems Thinking: Finding Common Ground for the Engineering of Drone Swarms Solutions	no	https://isprs-archives.copernicus.org/articles/XLVIII-2-W11-2025/161/2025/isprs-archives-XLVIII-2-W11-2025-161-2025.pdf	SKIPPED	keep != yes
W7140088083	THUAS	Hypergraphs for disassembly processes: a comparison of approaches	no	https://doi.org/10.1016/j.procs.2026.02.097	SKIPPED	keep != yes
W4396218596	THUAS	Advancing the Decarbonization of the Construction Sector: Lifecycle Quality and Performance Assurance of Nearly Zero-Energy Buildings	no	https://www.mdpi.com/2071-1050/16/9/3687/pdf?version=1714298818	SKIPPED	keep != yes
W4394690856	THUAS	Advancing the Decarbonization of the Construction Sector: Lifecycle Quality and Performance Assurance of Nearly Zero-Energy Buildings	no	https://www.preprints.org/manuscript/202404.0488/v1/download	SKIPPED	keep != yes
W4392975172	THUAS	Use Cases for Shop Floor Operator Support by means of Mixed Reality	no	https://doi.org/10.1016/j.procs.2024.01.111	SKIPPED	keep != yes
W2887740904	THUAS	Educational setup for Power Electronics and IoT	no		SKIPPED	keep != yes
W2039992384	THUAS	Study and simulation of DC micro grid topologies in Caspoc	no	https://lirias.kuleuven.be/handle/123456789/470952	SKIPPED	keep != yes
W2513902465	THUAS	Using SysML to teach Systems Engineering skills	no		SKIPPED	keep != yes
W7132376220	THUAS	Yard Emission monitoring for Sustainability: Real-world measurements and outlook on Connected Automated Transport developments for yards	no	https://publications.tno.nl/publication/34639696/FqaYIN/TNO-2022-R11208.pdf	SKIPPED	keep != yes
W3095695077	THUAS	EMMIHS-2 Analog Moonbase Viewpoint And Results &amp;#8211; An Engineering Outlook at the Second Euro-MoonMars IMA HI-SEAS 2019 Campaign	no	https://doi.org/10.5194/epsc2020-1110	SKIPPED	keep != yes
W2997578645	USPN	Machine learning applications in drug development	yes	https://www.sciencedirect.com/science/article/am/pii/S2001037019303988?via%3Dihub	FAILED	HTTP 403, Content-Type: text/html; charset=UTF-8
W2793307691	USPN	Automatic Detection and Classification of Audio Events for Road Surveillance Applications	yes	https://www.mdpi.com/1424-8220/18/6/1858/pdf?version=1528291952	FAILED	HTTP 403, Content-Type: text/html
W4290830325	USPN	Video-Based Automated Assessment of Movement Parameters Consistent with MDS-UPDRS III in Parkinson’s Disease	yes	https://content.iospress.com:443/download/journal-of-parkinsons-disease/jpd223445?id=journal-of-parkinsons-disease%2Fjpd223445	FAILED	HTTP 403, Content-Type: text/html; charset=UTF-8
W2017668106	USPN	The classical AI planning problems in the mirror of Horn linear logic: semantics, expressibility, complexity	yes		NO_URL	No PDF URL available in CSV or OpenAlex metadata
W4312311432	USPN	Completing Scientific Facts in Knowledge Graphs of Research Concepts	yes	https://ieeexplore.ieee.org/ielx7/6287639/6514899/09940925.pdf	FAILED	HTTP 404, Content-Type: text/html; charset=UTF-8
W3013207209	USPN	Non-Linear Template-Based Approach for the Study of Locomotion	yes	https://www.mdpi.com/1424-8220/20/7/1939/pdf?version=1585624658	FAILED	HTTP 403, Content-Type: text/html
W4315928608	USPN	Artificial intelligence and robots like us (surgeons) for people like you (patients): toward a new human–robot-surgery shared experience. What is the moral and legal status of robots and surgeons in the operating room?	yes	https://link.springer.com/content/pdf/10.1007/s00264-023-05690-4.pdf	OK	Downloaded: W4315928608.pdf
W2751048955	USPN	Drone Package Delivery: A Heuristic approach for UAVs path planning and tracking	yes	http://eudl.eu/pdf/10.4108/eai.31-8-2017.153048	OK	Downloaded: W2751048955.pdf
W4220695744	USPN	Which French speech recognition system for assistant robots?	yes		NO_URL	No PDF URL available in CSV or OpenAlex metadata
W4281555099	USPN	Video-based automated analysis of MDS-UPDRS III parameters in Parkinson disease	yes	https://www.biorxiv.org/content/biorxiv/early/2022/05/24/2022.05.23.493047.full.pdf	FAILED	HTTP 403, Content-Type: text/html; charset=UTF-8
W4324056534	USPN	Adapting Off-the-Shelf Speech Recognition Systems for Novel Words	yes	https://www.mdpi.com/2078-2489/14/3/179/pdf?version=1678701380	FAILED	HTTP 403, Content-Type: text/html
W4401072225	USPN	Reactive Autoscaling of Kubernetes Nodes	yes	https://dl.acm.org/doi/pdf/10.1145/3659994.3660310?download=true	FAILED	HTTP 403, Content-Type: text/html; charset=UTF-8
W4205387507	USPN	A Successive Epidemic Prevention Infrastructure Using Mobile Robots and Smart Devices in Intelligent Public Area	yes		NO_URL	No PDF URL available in CSV or OpenAlex metadata
W3093170830	USPN	NEURAL NETWORK VISUAL ODOMETRY BASED FRAMEWORK FOR UAV LOCALIZATION IN GPS DENIED ENVIRONMENT	yes	https://doi.org/10.5281/zenodo.15024901	FAILED	HTTP 200, Content-Type: text/html; charset=utf-8
W2803225248	USPN	Robot experience stories: First person generation of robotic task narratives in SitLog	yes	https://content.iospress.com:443/download/journal-of-intelligent-and-fuzzy-systems/ifs169511?id=journal-of-intelligent-and-fuzzy-systems%2Fifs169511	FAILED	HTTP 403, Content-Type: text/html; charset=UTF-8
W3215304717	USPN	Proof of Concept: Calibration of an Overhead Line Conductors’ Movements Simulation Model Using Ensemble-Based Machine Learning Model	yes	https://ieeexplore.ieee.org/ielx7/6287639/6514899/09627993.pdf	FAILED	HTTP 404, Content-Type: text/html; charset=UTF-8
W4386699762	USPN	Multimodal Machine Learning for Sign Language Prediction	yes	https://ibn.idsi.md/vizualizare_articol/189658	FAILED	HTTP 200, Content-Type: text/html; charset=utf-8
W4406264548	USPN	A New Lightweight Hybrid Graph Convolutional Neural Network - CNN Scheme for Scene Classification Using Object Detection Inference	yes		NO_URL	No PDF URL available in CSV or OpenAlex metadata
W4415334131	USPN	Controller Synthesis for Parametric Timed Games	yes	https://arxiv.org/pdf/2506.15532	OK	Downloaded: W4415334131.pdf
W2021247558	USPN	&lt;title&gt;Some single-instruction multiple-data algorithms for affine plane transformation calculation&lt;/title&gt;	yes		NO_URL	No PDF URL available in CSV or OpenAlex metadata
W2039400706	USPN	&lt;title&gt;Examples of design and achievement of vision systems for mobile robotics applications&lt;/title&gt;	yes		NO_URL	No PDF URL available in CSV or OpenAlex metadata
W4242909567	USPN	Volume 2, Issue 3, Special issue on Recent Advances in Engineering Systems (Published Papers) Articles Transmit / Received Beamforming for Frequency Diverse Array with Symmetrical frequency offsets Shaddrack Yaw Nusenu Adv. Sci. Technol. Eng. Syst. J. 2(3), 1-6 (2017); View Description Detailed Analysis of Amplitude and Slope Diffraction Coefficients for knife-edge structure in S-UTD-CH Model Eray Arik, Mehmet Baris Tabakcioglu Adv. Sci. Technol. Eng. Syst. J. 2(3), 7-11 (2017); View Description Applications of Case Based Organizational Memory Supported by the PAbMM Architecture Martín, María de los Ángeles, Diván, Mario José Adv. Sci. Technol. Eng. Syst. J. 2(3), 12-23 (2017); View Description Low Probability of Interception Beampattern Using Frequency Diverse Array Antenna Shaddrack Yaw Nusenu Adv. Sci. Technol. Eng. Syst. J. 2(3), 24-29 (2017); View Description Zero Trust Cloud Networks using Transport Access Control and High Availability Optical Bypass Switching Casimer DeCusatis, Piradon Liengtiraphan, Anthony Sager Adv. Sci. Technol. Eng. Syst. J. 2(3), 30-35 (2017); View Description A Derived Metrics as a Measurement to Support Efficient Requirements Analysis and Release Management Indranil Nath Adv. Sci. Technol. Eng. Syst. J. 2(3), 36-40 (2017); View Description Feedback device of temperature sensation for a myoelectric prosthetic hand Yuki Ueda, Chiharu Ishii Adv. Sci. Technol. Eng. Syst. J. 2(3), 41-40 (2017); View Description Deep venous thrombus characterization: ultrasonography, elastography and scattering operator Thibaud Berthomier, Ali Mansour, Luc Bressollette, Frédéric Le Roy, Dominique Mottier Adv. Sci. Technol. Eng. Syst. J. 2(3), 48-59 (2017); View Description Improving customs’ border control by creating a reference database of cargo inspection X-ray images Selina Kolokytha, Alexander Flisch, Thomas Lüthi, Mathieu Plamondon, Adrian Schwaninger, Wicher Vasser, Diana Hardmeier, Marius Costin, Caroline Vienne, Frank Sukowski, Ulf Hassler, Irène Dorion, Najib Gadi, Serge Maitrejean, Abraham Marciano, Andrea Canonica, Eric Rochat, Ger Koomen, Micha Slegt Adv. Sci. Technol. Eng. Syst. J. 2(3), 60-66 (2017); View Description Aviation Navigation with Use of Polarimetric Technologies Arsen Klochan, Ali Al-Ammouri, Viktor Romanenko, Vladimir Tronko Adv. Sci. Technol. Eng. Syst. J. 2(3), 67-72 (2017); View Description Optimization of Multi-standard Transmitter Architecture Using Single-Double Conversion Technique Used for Rescue Operations Riadh Essaadali, Said Aliouane, Chokri Jebali and Ammar Kouki Adv. Sci. Technol. Eng. Syst. J. 2(3), 73-81 (2017); View Description Singular Integral Equations in Electromagnetic Waves Reflection Modeling A. S. Ilinskiy, T. N. Galishnikova Adv. Sci. Technol. Eng. Syst. J. 2(3), 82-87 (2017); View Description Methodology for Management of Information Security in Industrial Control Systems: A Proof of Concept aligned with Enterprise Objectives. Fabian Bustamante, Walter Fuertes, Paul Diaz, Theofilos Toulqueridis Adv. Sci. Technol. Eng. Syst. J. 2(3), 88-99 (2017); View Description Dependence-Based Segmentation Approach for Detecting Morpheme Boundaries Ahmed Khorsi, Abeer Alsheddi Adv. Sci. Technol. Eng. Syst. J. 2(3), 100-110 (2017); View Description Paper Improving Rule Based Stemmers to Solve Some Special Cases of Arabic Language Soufiane Farrah, Hanane El Manssouri, Ziyati Elhoussaine, Mohamed Ouzzif Adv. Sci. Technol. Eng. Syst. J. 2(3), 111-115 (2017); View Description Medical imbalanced data classification Sara Belarouci, Mohammed Amine Chikh Adv. Sci. Technol. Eng. Syst. J. 2(3), 116-124 (2017); View Description ADOxx Modelling Method Conceptualization Environment Nesat Efendioglu, Robert Woitsch, Wilfrid Utz, Damiano Falcioni Adv. Sci. Technol. Eng. Syst. J. 2(3), 125-136 (2017); View Description GPSR+Predict: An Enhancement for GPSR to Make Smart Routing Decision by Anticipating Movement of Vehicles in VANETs Zineb Squalli Houssaini, Imane Zaimi, Mohammed Oumsis, Saïd El Alaoui Ouatik Adv. Sci. Technol. Eng. Syst. J. 2(3), 137-146 (2017); View Description Optimal Synthesis of Universal Space Vector Digital Algorithm for Matrix Converters Adrian Popovici, Mircea Băbăiţă, Petru Papazian Adv. Sci. Technol. Eng. Syst. J. 2(3), 147-152 (2017); View Description Control design for axial flux permanent magnet synchronous motor which operates above the nominal speed Xuan Minh Tran, Nhu Hien Nguyen, Quoc Tuan Duong Adv. Sci. Technol. Eng. Syst. J. 2(3), 153-159 (2017); View Description A synchronizing second order sliding mode control applied to decentralized time delayed multi−agent robotic systems: Stability Proof Marwa Fathallah, Fatma Abdelhedi, Nabil Derbel Adv. Sci. Technol. Eng. Syst. J. 2(3), 160-170 (2017); View Description Fault Diagnosis and Tolerant Control Using Observer Banks Applied to Continuous Stirred Tank Reactor Martin F. Pico, Eduardo J. Adam Adv. Sci. Technol. Eng. Syst. J. 2(3), 171-181 (2017); View Description Development and Validation o	yes	https://astesj.com/?smd_process_download=1&download_id=1582	OK	Downloaded: W4242909567.pdf
W4372325039	USPN	Chapitre 6. The challenges and effects of digital medical devices on the doctor-patient relationship, as seen through the lens of treating sleep apnoea	yes		NO_URL	No PDF URL available in CSV or OpenAlex metadata
W4391583858	USPN	Context Normalization Layer with Applications	yes		NO_URL	No PDF URL available in CSV or OpenAlex metadata
W4402404176	USPN	A New Lightweight Hybrid Graph Convolutional Neural Network -- CNN Scheme for Scene Classification using Object Detection Inference	yes	https://arxiv.org/pdf/2407.14658	OK	Downloaded: W4402404176.pdf
W4409364251	USPN	Linking Industry Sectors and Financial Statements: A Hybrid Approach for Company Classification	yes	https://ojs.aaai.org/index.php/AAAI/article/download/33806/35961	OK	Downloaded: W4409364251.pdf
W4412752466	USPN	Performance evaluation and reconfiguration of supply chains based on discrete event systems formalisms	yes	https://link.springer.com/content/pdf/10.1007/s11081-025-09994-9.pdf	OK	Downloaded: W4412752466.pdf
W4413323461	USPN	NSS-MDL: Natural Scene Statistics-guided multi-task deep learning for no-reference point cloud quality assessment	yes	https://doi.org/10.1016/j.iswa.2025.200570	FAILED	HTTP 200, Content-Type: text/html;charset=UTF-8
W4413829490	USPN	Task-oriented hybrid learning for robotic skill acquisition and control	yes	https://doi.org/10.1016/j.procir.2025.08.173	FAILED	HTTP 200, Content-Type: text/html;charset=UTF-8
W4414094252	USPN	A Symmetry-Aware Multi-Attention Framework for Bird Nest Detection on Railway Catenary Systems	yes	https://www.mdpi.com/2073-8994/17/9/1505/pdf?version=1757512665	FAILED	HTTP 403, Content-Type: text/html
W7130735628	USPN	LCMF: Lightweight Cross-Modality Mambaformer for Embodied Robotics VQA	yes		NO_URL	No PDF URL available in CSV or OpenAlex metadata
W4403934437	USPN	Automatic raster engineering drawing digitisation for legacy parts towards advanced manufacturing	yes	https://doi.org/10.1016/j.procir.2024.10.041	FAILED	HTTP 200, Content-Type: text/html;charset=UTF-8
W4402040737	USPN	Boosting UAVs Live Uplink Streaming by Video Stabilization	yes	https://doi.org/10.1109/access.2024.3452210	FAILED	HTTP 200, Content-Type: text/html;charset=UTF-8
W3033128911	USPN	Toward Integrated Virtual Emotion System with AI Applicability for Secure CPS-Enabled Smart Cities: AI-Based Research Challenges and Security Issues	yes		NO_URL	No PDF URL available in CSV or OpenAlex metadata
W7123489925	USPN	Posto: Probabilistic Safety Verification Tool for Complex Autonomous Systems	yes	https://doi.org/10.5281/zenodo.18233568	FAILED	HTTP 200, Content-Type: text/html; charset=utf-8
W7123616725	USPN	Posto: Probabilistic Safety Verification Tool for Complex Autonomous Systems	yes	https://doi.org/10.5281/zenodo.18233567	FAILED	HTTP 200, Content-Type: text/html; charset=utf-8
W3110399444	USPN	Research Challenges and Security Threats to AI-Driven 5G Virtual Emotion Applications Using Autonomous Vehicles, Drones, and Smart Devices	yes		NO_URL	No PDF URL available in CSV or OpenAlex metadata
W1995742266	USPN	SPOP: A Service Provider Oriented Peer-to-peer architecture	yes		NO_URL	No PDF URL available in CSV or OpenAlex metadata
W4205154000	USPN	YOLOv5 Based Visual Localization For Autonomous Vehicles	yes		NO_URL	No PDF URL available in CSV or OpenAlex metadata
W4414420981	USPN	Lane merging in autonomous vehicle urban driving using reinforcement learning models	yes	https://doi.org/10.1016/j.urbmob.2025.100150	FAILED	HTTP 200, Content-Type: text/html;charset=UTF-8
W4362706442	USPN	A review and a tutorial of ML-based MDS technology within a VANET context: From data collection to trained model deployment	yes	https://www.techrxiv.org/articles/preprint/A_review_and_a_tutorial_of_ML-based_MDS_technology_within_a_VANET_context_From_data_collection_to_trained_model_deployment/22559473/1/files/40029634.pdf	FAILED	HTTP 403, Content-Type: text/html; charset=UTF-8
W4406264576	USPN	Using Synthetic Images to Improve and Test Object Detection in the Context of the Autonomous Vehicle	yes		NO_URL	No PDF URL available in CSV or OpenAlex metadata
W3206780742	USPN	Dispatch of UAVs for Urban Vehicular Networks: A Deep Reinforcement Learning Approach	yes	https://hal.archives-ouvertes.fr/hal-03376381	FAILED	HTTP 200, Content-Type: text/html; charset=UTF-8
W4388206076	USPN	Joint Energy Efficiency and Throughput Optimization for UAV-WPT Integrated Ground Network Using DDPG	yes		NO_URL	No PDF URL available in CSV or OpenAlex metadata
W4293197576	USPN	Forest Disaster Detection Method Based on Ensemble Spatial–Spectral Genetic Algorithm	yes	https://ieeexplore.ieee.org/ielx7/4609443/4609444/09861672.pdf	FAILED	HTTP 404, Content-Type: text/html; charset=UTF-8
W3195980479	USPN	FAMU: Fault-Tolerant Mutual Assisted Virtual Emotion Barrier System Using Intelligent Smart UAVs	yes		NO_URL	No PDF URL available in CSV or OpenAlex metadata
W3046147954	USPN	UAV for Wireless Power Transfer in IoT Networks: A GMDP approach	yes		NO_URL	No PDF URL available in CSV or OpenAlex metadata
W3138135950	USPN	The 2011 Tohoku Tsunami from the Sky: A Review on the Evolution of Artificial Intelligence Methods for Damage Assessment	yes	https://www.mdpi.com/2076-3263/11/3/133/pdf?version=1616582744	FAILED	HTTP 403, Content-Type: text/html
W4407141301	USPN	Cardiac Arrest: Can Technology Be the Solution?	yes	https://www.mdpi.com/2077-0383/14/3/972/pdf	FAILED	HTTP 403, Content-Type: text/html
W4400727213	USPN	6G-enabled Situation-Aware ML-assisted UTM (6G-SAMU)	yes		NO_URL	No PDF URL available in CSV or OpenAlex metadata
W4416095534	USPN	Leveraging knowledge graphs and LLMs for content-based reviewer assignment	yes	https://link.springer.com/content/pdf/10.1007/s10844-025-01004-9.pdf	OK	Downloaded: W4416095534.pdf
W4392910126	USPN	Distributed Framework of WSN-Assisted UAV Network for Highway Surveillance	yes		NO_URL	No PDF URL available in CSV or OpenAlex metadata
W3129863325	USPN	Wireless energy supply scheduling strategy in a combined border surveillance architecture	yes		NO_URL	No PDF URL available in CSV or OpenAlex metadata
W7106490360	USPN	Hybrid RIS-Assisted Multi-Hop Indoor-Outdoor Secure Communication in UAV mmWave Networks	yes		NO_URL	No PDF URL available in CSV or OpenAlex metadata
W4403021883	USPN	Next-Gen Connectivity: Exploring UAV Swarm Applications in Cell-Free Massive MIMO for IIoT	yes	https://doi.org/10.1109/access.2024.3471392	FAILED	HTTP 200, Content-Type: text/html;charset=UTF-8
W2906001041	USPN	Distributed Inter-Domain Multi-Constrained Routing	yes	https://hal.science/hal-04018744/document	OK	Downloaded: W2906001041.pdf
W4405936756	USPN	An Intelligent Edge Embedded Data Center	yes		NO_URL	No PDF URL available in CSV or OpenAlex metadata
W4414406003	USPN	Deep Learning-Based Secure Content Fetching in UAV-Aided and RIS-Assisted Under Coordinated Aerial and Ground Eavesdropping	yes		NO_URL	No PDF URL available in CSV or OpenAlex metadata
W3115838484	USPN	A CRACK DETECTION SYSTEM FOR STRUCTURAL HEALTH MONITORING AIDED BY A CONVOLUTIONAL NEURAL NETWORK AND MAPREDUCE FRAMEWORK	yes	https://ijccse.iasv.ru/index.php/ijccse/article/download/318/216	OK	Downloaded: W3115838484.pdf
W4403663516	USPN	Domain-specific data gathering and exploitation	yes	https://hal.science/hal-04748884/document	OK	Downloaded: W4403663516.pdf
W4412019759	USPN	Cross-Domain Approach for Automated Thyroid Classification Using Diff-Quick Images	yes	https://www.mdpi.com/2227-7390/13/13/2191/pdf?version=1751633988	FAILED	HTTP 403, Content-Type: text/html
W7118339670	USPN	Literary Language Mashup: Curating Fictions with Large Language Models	yes	https://www.mdpi.com/2227-7390/14/2/210/pdf	FAILED	HTTP 403, Content-Type: text/html
W2038439784	UDCLV	Modeling and Control of the Twisted String Actuation System	yes	https://zenodo.org/record/3435383	FAILED	HTTP 410, Content-Type: text/html; charset=utf-8
W2810883421	UDCLV	Integration of Robotic Vision and Tactile Sensing for Wire-Terminal Insertion Tasks	yes	https://ieeexplore.ieee.org/document/8395267	FAILED	HTTP 200, Content-Type: text/html;charset=UTF-8
W3043036965	UDCLV	Improving Smart Cities Safety Using Sound Events Detection Based on Deep Neural Network Algorithms	yes	https://www.mdpi.com/2227-9709/7/3/23/pdf?version=1595386831	FAILED	HTTP 403, Content-Type: text/html
W4231543593	UDCLV	Unmanned Helicopters	yes	http://thescipub.com/pdf/10.3844/jastsp.2017.241.248	OK	Downloaded: W4231543593.pdf
W3120928485	UDCLV	A Multimodal Approach to Human Safety in Collaborative Robotic Workcells	yes	https://doi.org/10.1109/TASE.2020.3043286	FAILED	HTTP 200, Content-Type: text/html;charset=UTF-8
W4381149654	UDCLV	Artificial Intelligence in Andrology: From Semen Analysis to Image Diagnostics	yes	http://wjmh.org/Synapse/Data/PDFData/2074WJMH/wjmh-42-39.pdf	OK	Downloaded: W4381149654.pdf
W3159860343	UDCLV	A Particle Filtering Approach for Fault Detection and Isolation of UAV IMU Sensors: Design, Implementation and Sensitivity Analysis	yes	https://www.mdpi.com/1424-8220/21/9/3066/pdf?version=1619775246	FAILED	HTTP 403, Content-Type: text/html
W2765857190	UDCLV	A Comparison of Damped Least Squares Algorithms for Inverse Kinematics of Robot Manipulators	yes	https://doi.org/10.1016/j.ifacol.2017.08.1209	FAILED	HTTP 200, Content-Type: text/html;charset=UTF-8
W2788839876	UDCLV	NASA Satellites Help us to Quickly Detect Forest Fires	yes	http://thescipub.com/pdf/10.3844/ajeassp.2018.288.296	OK	Downloaded: W2788839876.pdf
W3159489391	UDCLV	Handover Control for Human-Robot and Robot-Robot Collaboration	yes	https://doi.org/10.3389/frobt.2021.672995	FAILED	HTTP 200, Content-Type: text/html;charset=utf-8
W3048981156	UDCLV	Path Planning and Real-Time Collision Avoidance Based on the Essential Visibility Graph	yes	https://www.mdpi.com/2076-3417/10/16/5613/pdf?version=1597388586	FAILED	HTTP 403, Content-Type: text/html
W2904149145	UDCLV	Preliminary Design of an Unmanned Aircraft System for Aircraft General Visual Inspection	yes	https://www.mdpi.com/2079-9292/7/12/435/pdf?version=1544769865	FAILED	HTTP 403, Content-Type: text/html
W2953574704	UDCLV	A Transfer Learning Approach to Cross-Modal Object Recognition: From Visual Observation to Robotic Haptic Exploration	yes	https://arxiv.org/pdf/2001.06673	OK	Downloaded: W2953574704.pdf
W3049495163	UDCLV	Sound Event Detection in Underground Parking Garage Using Convolutional Neural Network	yes	https://www.mdpi.com/2504-2289/4/3/20/pdf	FAILED	HTTP 403, Content-Type: text/html
W3164120731	UDCLV	Digital Technology in Clinical Trials for Multiple Sclerosis: Systematic Review	yes	https://www.mdpi.com/2077-0383/10/11/2328/pdf?version=1622029332	FAILED	HTTP 403, Content-Type: text/html
W4312553523	UDCLV	Towards Trustworthy Autonomous Systems: Taxonomies and Future Perspectives	yes	https://flore.unifi.it/bitstream/2158/1303990/1/Towards_Trustworthy_Autonomous_Systems_Taxonomies_and_Future_Perspectives.pdf	OK	Downloaded: W4312553523.pdf
W4313598678	UDCLV	A General Framework for Hierarchical Redundancy Resolution Under Arbitrary Constraints	yes		NO_URL	No PDF URL available in CSV or OpenAlex metadata
W2892289384	UDCLV	Tactile-Based Manipulation of Wires For Switchgear Assembly	yes		NO_URL	No PDF URL available in CSV or OpenAlex metadata
W3046376144	UDCLV	Decentralized Mesh-Based Model Predictive Control for Swarms of UAVs	yes	https://www.mdpi.com/1424-8220/20/15/4324/pdf?version=1596534100	FAILED	HTTP 403, Content-Type: text/html
W2998454305	UDCLV	Prostate Gleason Score Detection and Cancer Treatment Through Real-Time Formal Verification	yes	https://ieeexplore.ieee.org/ielx7/6287639/8600701/08939396.pdf	OK	Downloaded: W2998454305.pdf
W2777227586	UDCLV	Current Stage in the Field of Mechanisms with Gears and Rods	yes	http://thescipub.com/pdf/10.3844/jmrsp.2017.47.57	OK	Downloaded: W2777227586.pdf
W2609435022	UDCLV	A Distributed Tactile Sensor for Intuitive Human-Robot Interfacing	yes	http://downloads.hindawi.com/journals/js/2017/1357061.pdf	FAILED	HTTP 403, Content-Type: text/html; charset=UTF-8
W3135403211	UDCLV	Tactile Sensors for Parallel Grippers: Design and Characterization	yes	https://www.mdpi.com/1424-8220/21/5/1915/pdf?version=1615311097	FAILED	HTTP 403, Content-Type: text/html
W2404780948	UDCLV	Intelligent Distributed Computing	yes	https://onlinelibrary.wiley.com/doi/pdfdirect/10.1002/cpe.3759	FAILED	HTTP 403, Content-Type: text/html; charset=UTF-8
W4205356357	UDCLV	Enhanced Attitude and Altitude Estimation for Indoor Autonomous UAVs	yes	https://www.mdpi.com/2504-446X/6/1/18/pdf?version=1641978382	FAILED	HTTP 403, Content-Type: text/html
W4320917112	UDCLV	Fan Fault Diagnosis Using Acoustic Emission and Deep Learning Methods	yes	https://www.mdpi.com/2227-9709/10/1/24/pdf?version=1677138381	FAILED	HTTP 403, Content-Type: text/html
W4391754698	UDCLV	Path Planning for Fixed-Wing Unmanned Aerial Vehicles: An Integrated Approach with Theta* and Clothoids	yes	https://www.mdpi.com/2504-446X/8/2/62/pdf?version=1707704124	FAILED	HTTP 403, Content-Type: text/html
W3042868593	UDCLV	An Embedded Platform for Positioning and Obstacle Detection for Small Unmanned Aerial Vehicles	yes	https://www.mdpi.com/2079-9292/9/7/1175/pdf?version=1595477828	FAILED	HTTP 403, Content-Type: text/html
W4392595776	UDCLV	Capability of Machine Learning Algorithms to Classify Safe and Unsafe Postures during Weight Lifting Tasks Using Inertial Sensors	yes	https://www.mdpi.com/2075-4418/14/6/576/pdf?version=1709885896	FAILED	HTTP 403, Content-Type: text/html
W2755484458	UDCLV	The WIRES Experiment: Tools and Strategies for Robotized Switchgear Cabling	yes	https://doi.org/10.1016/j.promfg.2017.07.118	FAILED	HTTP 200, Content-Type: text/html;charset=UTF-8
W4387572919	UDCLV	Distributed Navigation in Emergency Scenarios: A Case Study on Post-Avalanche Search and Rescue Using Drones	yes	https://www.mdpi.com/2076-3417/13/20/11186/pdf?version=1697094319	FAILED	HTTP 403, Content-Type: text/html
W2736598700	UDCLV	Control of Energy Storage Systems for Aeronautic Applications	yes	http://downloads.hindawi.com/journals/jcse/2017/2458590.pdf	FAILED	HTTP 403, Content-Type: text/html; charset=UTF-8
W4407034828	UDCLV	Evaluating the Role of Robotic Surgery Gastric Cancer Treatment: A Comprehensive Review by the Robotic Global Surgical Society (TROGSS) and European Federation International Society for Digestive Surgery (EFISDS) Joint Working Group	yes	https://www.mdpi.com/1718-7729/32/2/83/pdf?version=1738325336	FAILED	HTTP 403, Content-Type: text/html
W2990110127	UDCLV	A Multimodal Perception System for Detection of Human Operators in Robotic Work Cells	yes	https://zenodo.org/record/5082492	FAILED	HTTP 200, Content-Type: text/html; charset=utf-8
W4387623722	UDCLV	Manipulation of Boltlike Fasteners Through Fingertip Tactile Perception in Robotic Assembly	yes	https://ieeexplore.ieee.org/ielx7/3516/4785241/10285120.pdf	OK	Downloaded: W4387623722.pdf
W2029097201	UDCLV	Low-level flexible planning for mobile manipulators: a distributed perception approach	yes		NO_URL	No PDF URL available in CSV or OpenAlex metadata
W4224315242	UDCLV	Ground Control System for UAS Safe Landing Area Determination (SLAD) in Urban Air Mobility Operations	yes	https://www.mdpi.com/1424-8220/22/9/3226/pdf?version=1651049069	FAILED	HTTP 403, Content-Type: text/html
W4200122913	UDCLV	Decentralized Triangular Guidance Algorithms for Formations of UAVs	yes	https://www.mdpi.com/2504-446X/6/1/7/pdf?version=1640829786	FAILED	HTTP 403, Content-Type: text/html
W3197658676	UDCLV	Proximity Sensor for Thin Wire Recognition and Manipulation	yes	https://www.mdpi.com/2075-1702/9/9/188/pdf?version=1631606196	FAILED	HTTP 403, Content-Type: text/html
W3173496433	UDCLV	Tactile Sensor Data Interpretation for Estimation of Wire Features	yes	https://www.mdpi.com/2079-9292/10/12/1458/pdf?version=1624004091	FAILED	HTTP 403, Content-Type: text/html
W4376274010	UDCLV	Clothoid-Based Path Planning for a Formation of Fixed-Wing UAVs	yes	https://www.mdpi.com/2079-9292/12/10/2204/pdf?version=1683881703	FAILED	HTTP 403, Content-Type: text/html
W4402563316	UDCLV	Using social robots as inclusive educational technology for mathematics learning through storytelling	yes	https://epsir.net/index.php/epsir/article/download/672/391	OK	Downloaded: W4402563316.pdf
W2070954207	UDCLV	Data Fusion Based on Optical Technology for Observation of Human Manipulation	yes	https://zenodo.org/record/3428349	FAILED	HTTP 410, Content-Type: text/html; charset=utf-8
W4401957410	UDCLV	Newer Technological Advances: A Step Towards Better Dental Care: A systematic review	yes	https://opendentistryjournal.com/VOLUME/18/ELOCATOR/e18742106320205/PDF/	OK	Downloaded: W4401957410.pdf
W4313897763	UDCLV	Detecting and Controlling Slip through Estimation and Control of the Sliding Velocity	yes	https://www.mdpi.com/2076-3417/13/2/921/pdf?version=1673509860	FAILED	HTTP 403, Content-Type: text/html
W4362467569	UDCLV	Hardware‐in‐the‐loop validation of an adaptive model predictive control on a connected and automated vehicle	yes	https://onlinelibrary.wiley.com/doi/pdfdirect/10.1002/acs.3583	FAILED	HTTP 403, Content-Type: text/html; charset=UTF-8
W4387914449	UDCLV	Enhanced 6D Pose Estimation for Robotic Fruit Picking	yes	https://doi.org/10.1109/CoDIT58514.2023.10284072	FAILED	HTTP 200, Content-Type: text/html;charset=UTF-8
W2766945104	UDCLV	Modeling and Calibration of a Tactile Sensor for Robust Grasping	yes	https://doi.org/10.1016/j.ifacol.2017.08.1205	FAILED	HTTP 200, Content-Type: text/html;charset=UTF-8
W3128962023	UDCLV	Effects of Dynamic Model Errors in Task-Priority Operational Space Control	yes		NO_URL	No PDF URL available in CSV or OpenAlex metadata
W4382141462	UDCLV	Non-Prehensile Manipulation Actions and Visual 6D Pose Estimation for Fruit Grasping Based on Tactile Sensing	yes	https://www.mdpi.com/2218-6581/12/4/92/pdf?version=1687826674	FAILED	HTTP 403, Content-Type: text/html
W2902527203	UDCLV	Motion Planning and Reactive Control Algorithms for Object Manipulation in Uncertain Conditions	yes	https://www.mdpi.com/2218-6581/7/4/76/pdf?version=1543321543	FAILED	HTTP 403, Content-Type: text/html
W3024910361	UDCLV	EEGs as potential predictors of virtual agents’ acceptance	yes		NO_URL	No PDF URL available in CSV or OpenAlex metadata
W4391450105	UDCLV	An Integrated Architecture for Robotic Assembly and Inspection of a Composite Fuselage Panel with an Industry 5.0 Perspective	yes	https://www.mdpi.com/2075-1702/12/2/103/pdf?version=1706781789	FAILED	HTTP 403, Content-Type: text/html
W4410316585	UDCLV	Bridging ACO-Based Drone Logistics and Computing Continuum for Enhanced Smart City Applications	yes	https://www.mdpi.com/2504-446X/9/5/368/pdf?version=1747193597	FAILED	HTTP 403, Content-Type: text/html
W3199579713	UDCLV	Integration of a Model Predictive Control with a Fast Energy Management Strategy for a Hybrid Powertrain of a Connected and Automated Vehicle	yes	https://www.mdpi.com/2032-6653/12/3/159/pdf?version=1632391983	FAILED	HTTP 403, Content-Type: text/html
W4384153920	UDCLV	An adaptive cascade predictive control strategy for connected and automated vehicles	yes	https://onlinelibrary.wiley.com/doi/pdfdirect/10.1002/acs.3658	FAILED	HTTP 403, Content-Type: text/html; charset=UTF-8
W3128884508	UDCLV	Robotized assembly and inspection of composite fuselage panels: the LABOR project approach	yes	https://doi.org/10.1088/1757-899x/1024/1/012019	FAILED	HTTP 200, Content-Type: text/html; charset=UTF-8
W3184812834	UDCLV	Vision-Based Robotic Solution for Wire Insertion With an Assigned Label Orientation	yes	https://ieeexplore.ieee.org/ielx7/6287639/9312710/09490630.pdf	OK	Downloaded: W3184812834.pdf
W4410320903	UDCLV	Current Trends and Future Directions in Lumbar Spine Surgery: A Review of Emerging Techniques and Evolving Management Paradigms	yes	https://www.mdpi.com/2077-0383/14/10/3390/pdf?version=1747125635	FAILED	HTTP 403, Content-Type: text/html
W4401921055	UDCLV	Experimental Comparison of Two 6D Pose Estimation Algorithms in Robotic Fruit-Picking Tasks	yes	https://www.mdpi.com/2218-6581/13/9/127/pdf?version=1724686940	FAILED	HTTP 403, Content-Type: text/html
W3136510087	UDCLV	Smart cities and robotic technologies for a model of integrated growth	yes	https://revistas.uma.es/index.php/eviterna/article/download/11459/12666	OK	Downloaded: W3136510087.pdf
W4409261271	UDCLV	Exploring Emotion Expression Recognition in Older Adults Interacting With a Virtual Coach	yes	https://doi.org/10.1109/taffc.2025.3558141	FAILED	HTTP 200, Content-Type: text/html;charset=UTF-8
W2898886931	UDCLV	Modeling Errors Analysis in Inverse Dynamics Approaches Within a Task-Priority Framework	yes		NO_URL	No PDF URL available in CSV or OpenAlex metadata
W4407168535	UDCLV	Nonlinear Model Predictive Control for Robotic Pushing of Planar Objects With Generic Shape	yes		NO_URL	No PDF URL available in CSV or OpenAlex metadata
W4390678271	UDCLV	A Consensus-Based Kalman Filter for Target Localization in Emergency Scenarios	yes		NO_URL	No PDF URL available in CSV or OpenAlex metadata
W4401752443	UDCLV	Scalable Shared Encoding Architecture for Learning-Based Error Detection in Robotic Wiring Harness Assembly	yes	https://cris.unibo.it/bitstream/11585/1018378/3/caporali%20post%20print.pdf	OK	Downloaded: W4401752443.pdf
W4206363158	UDCLV	Report from ‘ESCP 2021 Virtual’: the 16th Scientific and Annual Conference of the European Society of Coloproctology, 22–24 September 2021	yes	https://doi.org/10.1111/codi.16061	FAILED	HTTP 403, Content-Type: text/html; charset=UTF-8
W4400687378	UDCLV	Digital Twin Technology in Built Environment: A Review of Applications, Capabilities and Challenges	yes	https://www.preprints.org/frontend/manuscript/144d2f77f16bda7cd11776f9be61a6ca/download_pub	FAILED	HTTP 403, Content-Type: text/html
W4403084017	UDCLV	A conceptual framework proposal for the implementation of Prognostic and Health Management in production systems	yes	https://doi.org/10.1049/cim2.12122	FAILED	HTTP 403, Content-Type: text/html; charset=UTF-8
W4403676356	UDCLV	Endoscopic Stereo Vision for Robotic 3D Detection of Thin Wire Features	yes	https://doi.org/10.1109/CASE59546.2024.10711442	FAILED	HTTP 200, Content-Type: text/html;charset=UTF-8
W4411369629	UDCLV	Digital Control of an Inverted Pendulum Using a Velocity-Controlled Robot	yes	https://www.mdpi.com/2075-1702/13/6/528/pdf?version=1750216124	FAILED	HTTP 403, Content-Type: text/html
W4416161288	UDCLV	New gait performance indices and cognitive functions: a pilot study on correlation in people with Parkinson’s disease	yes	https://public-pages-files-2025.frontiersin.org/journals/human-neuroscience/articles/10.3389/fnhum.2025.1636813/pdf	OK	Downloaded: W4416161288.pdf
W4308004833	UDCLV	Editorial: Gastrointestinal Surgery: Emerging techniques, controversies and state of art	yes	https://www.frontiersin.org/articles/10.3389/fsurg.2022.1033757/pdf	OK	Downloaded: W4308004833.pdf
W1992821835	UDCLV	Editorial Comment to Clinical analysis of the <scp>PADUA</scp> and the <scp>RENAL</scp> scoring systems for renal neoplasms: A retrospective study of 245 patients undergoing laparoscopic partial nephrectomy	yes		NO_URL	No PDF URL available in CSV or OpenAlex metadata
W2068393939	UDCLV	Integrated visual servoing and force control—the task frame approach, Johan Baeten and Joris De Schutter, Springer Tracts in Advanced Robotics, B. Siciliano, O. Khatib, F. Groen (eds), Springer, Berlin, 2003, vol. 8, 179 pp. with 115 figures, 72.75?? ISBN: 3-540-40475-9	yes	https://onlinelibrary.wiley.com/doi/pdfdirect/10.1002/rnc.1057	FAILED	HTTP 403, Content-Type: text/html; charset=UTF-8
W4236460174	UDCLV	Flexible Motion Planning for Object Manipulation in Cluttered Scenes	yes	https://doi.org/10.5220/0006848701200131	FAILED	HTTP 200, Content-Type: text/html; charset=utf-8
W4287279023	UDCLV	Tactile Sensors for Parallel Grippers: Design and Characterization	yes	https://zenodo.org/record/4672281	FAILED	HTTP 200, Content-Type: text/html; charset=utf-8
W4387962241	UDCLV	Hybrid graph-clothoid based path planning for a fixed wing aircraft	yes	https://mrforum.com/wp-content/uploads/open_access/9781644902813/23.pdf	OK	Downloaded: W4387962241.pdf
W4388505343	UDCLV	On the Convergence of a Closed-Loop Inverse Kinematics Solver With Time-Varying Task Functions	yes		NO_URL	No PDF URL available in CSV or OpenAlex metadata
W4393492229	UDCLV	REMODEL. WP5. Cable Manipulation Planning, Execution and Interactive Perception. T5-2. Cable grasping. Data related to a paper published in IEEE Access 2021	yes	https://zenodo.org/record/7180588	FAILED	HTTP 200, Content-Type: text/html; charset=utf-8
W4393533135	UDCLV	REMODEL. WP5. Cable Manipulation Planning, Execution and Interactive Perception. T5-2. Cable grasping. Data related to a paper published in IEEE Access 2021	yes	https://doi.org/10.5281/zenodo.7180587	FAILED	HTTP 200, Content-Type: text/html; charset=utf-8
W4405689247	UDCLV	EXAMINING THE IMPACT OF ARTIFICIAL INTELLIGENCE IN DENTISTRY: A COMPREHENSIVE SYSTEMATIC REVIEW	yes	https://doi.org/10.58240/1829006x-2025.1-132	OK	Downloaded: W4405689247.pdf
W4414404846	UDCLV	Guest Editorial: Focused Section on Smart Actuation and Multimodal Sensing Systems for Mechatronics Applications, Beyond the Human Capabilities	yes		NO_URL	No PDF URL available in CSV or OpenAlex metadata
W4414555833	UDCLV	Redesigning UAV Vertical Tail Structures with Lightweight Eco-Friendly Carbon-Reinforced Polymers: A Generative Design-Based Approach	yes	https://www.mdpi.com/2504-477X/9/10/517/pdf?version=1758884713	FAILED	HTTP 403, Content-Type: text/html
W4415494649	UDCLV	Editorial: The right heart: a key target for cardiovascular medicine	yes	https://public-pages-files-2025.frontiersin.org/journals/cardiovascular-medicine/articles/10.3389/fcvm.2025.1713152/pdf	OK	Downloaded: W4415494649.pdf
W7127658491	UDCLV	LiDAR–RADAR Sensor Fusion and Telemetry Data Integration for Obstacle Detection Along the UAS Navigation Trajectory	yes	https://www.mdpi.com/2079-9292/15/3/685/pdf?version=1770772950	FAILED	HTTP 403, Content-Type: text/html
W2791017413	UDCLV	On the use of Virtual Reality for a human-centered workplace design	yes	https://doi.org/10.1016/j.prostr.2017.12.031	FAILED	HTTP 200, Content-Type: text/html;charset=UTF-8
W2946174783	UDCLV	Workplace design ergonomic validation based on multiple human factors assessment methods and simulation	yes	https://www.tandfonline.com/doi/pdf/10.1080/21693277.2019.1616631?needAccess=true&	FAILED	HTTP 403, Content-Type: text/html; charset=UTF-8
W4384134618	UDCLV	Machine learning for prognostics and health management of industrial mechanical systems and equipment: A systematic literature review	yes	https://journals.sagepub.com/doi/pdf/10.1177/18479790231186848	FAILED	HTTP 403, Content-Type: text/html; charset=UTF-8
W3093922477	UDCLV	Overview of Energy Management and Leakage Control Systems for Smart Water Grids and Digital Water	yes	https://doi.org/10.3390/modelling1020009	FAILED	HTTP 403, Content-Type: text/html
W3197750208	UDCLV	Resilience learning through self adaptation in digital twins of human-cyber-physical systems	yes		NO_URL	No PDF URL available in CSV or OpenAlex metadata
W4294926277	UDCLV	Unbalanced, cracked, and misaligned rotating machines: a comparison between classification procedures throughout the steady-state operation	yes	https://link.springer.com/content/pdf/10.1007/s40430-022-03750-1.pdf	OK	Downloaded: W4294926277.pdf
W4393502237	UDCLV	REMODEL. WP6. Sensory Systems and Mechatronic Tools. T6-2. Development and optimization of sensory system components. Data related to a paper published in MDPI Machines 2021	yes	https://zenodo.org/record/7157595	FAILED	HTTP 200, Content-Type: text/html; charset=utf-8
W4393701102	UDCLV	REMODEL. WP6. Sensory Systems and Mechatronic Tools. T6-2. Development and optimization of sensory system components. Data related to a paper published in MDPI Machines 2021	yes	https://doi.org/10.5281/zenodo.7157594	FAILED	HTTP 200, Content-Type: text/html; charset=utf-8
W3023881775	UDCLV	Scalable Distributed State Estimation in UTM Context	yes	https://www.mdpi.com/1424-8220/20/9/2682/pdf?version=1589357778	FAILED	HTTP 403, Content-Type: text/html
W4288047769	UDCLV	Decentralized Moving Horizon Estimation for a Fleet of UAVs	yes		NO_URL	No PDF URL available in CSV or OpenAlex metadata
W2962956752	UDCLV	Fault Diagnosis for UAV Blades Using Artificial Neural Network	yes	https://www.mdpi.com/2218-6581/8/3/59/pdf?version=1563618432	FAILED	HTTP 403, Content-Type: text/html
W2808408280	UDCLV	UAV Sensor FDI in Duplex Attitude Estimation Architectures Using a Set-Based Approach	yes		NO_URL	No PDF URL available in CSV or OpenAlex metadata
W2953195108	UDCLV	Distributed Reactive Model Predictive Control for Collision Avoidance of Unmanned Aerial Vehicles in Civil Airspace	yes		NO_URL	No PDF URL available in CSV or OpenAlex metadata
W4313146150	UDCLV	UAV Path Planning in 3-D Constrained Environments Based on Layered Essential Visibility Graphs	yes		NO_URL	No PDF URL available in CSV or OpenAlex metadata
W2321299766	UDCLV	Incremental Nonlinear Dynamic Inversion and Control Allocation for a Tilt Rotor UAV	yes		NO_URL	No PDF URL available in CSV or OpenAlex metadata
W2765979276	UDCLV	Fault tolerant low cost IMUS for UAVs	yes		NO_URL	No PDF URL available in CSV or OpenAlex metadata
W1480341535	UDCLV	Attitude and position estimation for an UAV swarm using consensus Kalman filtering	yes		NO_URL	No PDF URL available in CSV or OpenAlex metadata
W2890382624	UDCLV	Distributed Collision Avoidance for Unmanned Aerial Vehicles Integration in the Civil Airspace	yes		NO_URL	No PDF URL available in CSV or OpenAlex metadata
W3194618355	UDCLV	Safe Landing Area Determination (SLAD) for Unmanned Aircraft Systems by using rotary LiDAR	yes		NO_URL	No PDF URL available in CSV or OpenAlex metadata
W3092535820	UDCLV	A recurrent planning strategy for UAV optimum path identification in a dynamic environment based on bit-coded flight manoeuvres	yes		NO_URL	No PDF URL available in CSV or OpenAlex metadata
W2968631359	UDCLV	Smooth Path planning for Fixed-Wing Aircraft in 3D Environment Using a Layered Essential Visibility Graph	yes		NO_URL	No PDF URL available in CSV or OpenAlex metadata
W3127232808	UDCLV	Modeling and Control of a Modular Iron Bird	yes	https://www.mdpi.com/2226-4310/8/2/39/pdf?version=1612247847	FAILED	HTTP 403, Content-Type: text/html
W4396935650	UDCLV	GobhiSet: Dataset of raw, manually, and automatically annotated RGB images across phenology of Brassica oleracea var. Botrytis	yes	https://doi.org/10.1016/j.dib.2024.110506	FAILED	HTTP 200, Content-Type: text/html;charset=UTF-8
W4392285263	UDCLV	Comprehensive Evaluation of Multispectral Image Registration Strategies in Heterogenous Agriculture Environment	yes	https://www.mdpi.com/2313-433X/10/3/61/pdf?version=1709201186	FAILED	HTTP 403, Content-Type: text/html
W4400912102	UDCLV	3D LiDAR Sensor Characterization for Obstacle Detection in Autonomous UAS Applications	yes		NO_URL	No PDF URL available in CSV or OpenAlex metadata
W2744050494	UDCLV	Bi-level flight path optimization for UAV formations	yes		NO_URL	No PDF URL available in CSV or OpenAlex metadata
W4407341038	UDCLV	A Consensus-Driven Distributed Moving Horizon Estimation Approach for Target Detection Within Unmanned Aerial Vehicle Formations in Rescue Operations	yes	https://doi.org/10.3390/drones9020127	FAILED	HTTP 403, Content-Type: text/html
W4410115806	UDCLV	Development of a Communication Channel Interface for Obstacle Detection and Avoidance System in UAM Operations	yes		NO_URL	No PDF URL available in CSV or OpenAlex metadata
W3089258785	UDCLV	Assessment of Falanghina vine status at different spatial and temporal scales by means of a smart multiple spatial and temporal resolution system	yes	https://doi.org/10.5194/egusphere-egu2020-11481	FAILED	HTTP 200, Content-Type: text/html; charset=utf-8
W4220850890	UDCLV	RadHawk: a smart UAV for hunting radioactivity	yes	https://doi.org/10.5194/egusphere-egu22-11835	FAILED	HTTP 200, Content-Type: text/html; charset=utf-8
W4387962285	UDCLV	Target localization with a distributed Kalman filter over a network of UAVs	yes	https://mrforum.com/wp-content/uploads/open_access/9781644902813/21.pdf	OK	Downloaded: W4387962285.pdf
W4390678428	UDCLV	Path Planning and Risk Assessment in Unmanned Specific Operations	yes		NO_URL	No PDF URL available in CSV or OpenAlex metadata
W4407247884	UDCLV	A Multi Agent Simulator for Disaster Prevention and First Response Applications	yes		NO_URL	No PDF URL available in CSV or OpenAlex metadata
W2743830115	UDCLV	Obstacle detection and ranging sensor integration for a small unmanned aircraft system	yes		NO_URL	No PDF URL available in CSV or OpenAlex metadata
W4315482653	UDCLV	Coronavirus covid-19 detection by means of explainable deep learning	yes	https://www.nature.com/articles/s41598-023-27697-y.pdf	OK	Downloaded: W4315482653.pdf
W4377008445	UDCLV	Design process innovation through flexible and circular technological solutions	yes	http://polipapers.upv.es/index.php/vitruvio/article/download/18715/15591	ERROR	HTTPSConnectionPool(host='polipapers.upv.es', port=443): Max retries exceeded with url: /index.php/vitruvio/article/download/18715/15591 (Caused by SSLError(SSLCertVerificationError(1, '[SSL: CERTIFICATE_VERIFY_FAILED] certificate verify failed: unable to get local issuer certificate (_ssl.c:1032)')))
W1941819235	UDCLV	Automatic classifier based on heart rate variability to identify fallers among hypertensive subjects	yes	https://onlinelibrary.wiley.com/doi/pdfdirect/10.1049/htl.2015.0012	FAILED	HTTP 403, Content-Type: text/html; charset=UTF-8
W1826082914	UDCLV	A pilot study for development of a novel tool for clinical decision making to identify fallers among ophthalmic patients	yes	https://bmcmedinformdecismak.biomedcentral.com/counter/pdf/10.1186/1472-6947-15-S3-S6	OK	Downloaded: W1826082914.pdf
W3217631768	UDCLV	A Privacy-Oriented Approach for Depression Signs Detection Based on Speech Analysis	yes	https://www.mdpi.com/2079-9292/10/23/2986/pdf?version=1638345967	FAILED	HTTP 403, Content-Type: text/html
W4412121010	UDCLV	<scp>AI</scp> Revolution in Radiology, Radiation Oncology and Nuclear Medicine: Transforming and Innovating the Radiological Sciences	yes	https://onlinelibrary.wiley.com/doi/pdfdirect/10.1111/1754-9485.13880	FAILED	HTTP 403, Content-Type: text/html; charset=UTF-8
W3217170181	UMA	Path Planning for Autonomous Mobile Robots: A Review	yes	https://www.mdpi.com/1424-8220/21/23/7898/pdf?version=1638260371	FAILED	HTTP 403, Content-Type: text/html
W3033835801	UMA	Artificial intelligence within the interplay between natural and artificial computation: Advances in data science, trends and applications	yes	https://www.sciencedirect.com/science/article/am/pii/S0925231220309292	FAILED	HTTP 403, Content-Type: text/html; charset=UTF-8
W2027162577	UMA	Approximating Kinematics for Tracked Mobile Robots	yes		NO_URL	No PDF URL available in CSV or OpenAlex metadata
W4385383529	UMA	Computational approaches to Explainable Artificial Intelligence: Advances in theory, applications and trends	yes	https://doi.org/10.1016/j.inffus.2023.101945	FAILED	HTTP 200, Content-Type: text/html;charset=UTF-8
W2157439304	UMA	A statistical approach to gas distribution modelling with mobile robots - The Kernel DM+V algorithm	yes	http://urn.kb.se/resolve?urn=urn:nbn:se:oru:diva-8435	FAILED	HTTP 403, Content-Type: text/html; charset=iso-8859-1
W3006272302	UMA	Digitalization of Agri-Cooperatives in the Smart Agriculture Context. Proposal of a Digital Diagnosis Tool	yes	https://www.mdpi.com/2071-1050/12/4/1325/pdf?version=1582700174	FAILED	HTTP 403, Content-Type: text/html
W3122817280	UMA	Ghostnet for Hyperspectral Image Classification	yes		NO_URL	No PDF URL available in CSV or OpenAlex metadata
W2940682483	UMA	CNN-Based Methods for Object Recognition With High-Resolution Tactile Sensors	yes	https://arxiv.org/pdf/2305.12417	OK	Downloaded: W2940682483.pdf
W1970971073	UMA	GiraffPlus: Combining social interaction and long term monitoring for promoting independent living	yes	http://urn.kb.se/resolve?urn=urn:nbn:se:oru:diva-30546	FAILED	HTTP 403, Content-Type: text/html; charset=iso-8859-1
W2653160509	UMA	GADEN: A 3D Gas Dispersion Simulator for Mobile Robot Olfaction in Realistic Environments	yes	https://www.mdpi.com/1424-8220/17/7/1479/pdf?version=1498214925	FAILED	HTTP 403, Content-Type: text/html
W2411918187	UMA	Robust stereo visual odometry through a probabilistic combination of points and line segments	yes		NO_URL	No PDF URL available in CSV or OpenAlex metadata
W3128168331	UMA	Multi-Sensor Fusion for Underwater Vehicle Localization by Augmentation of RBF Neural Network and Error-State Kalman Filter	yes	https://www.mdpi.com/1424-8220/21/4/1149/pdf?version=1612844012	FAILED	HTTP 403, Content-Type: text/html
W2606926518	UMA	Robot@Home, a robotic dataset for semantic mapping of home environments	yes	https://journals.sagepub.com/doi/pdf/10.1177/0278364917695640	FAILED	HTTP 403, Content-Type: text/html; charset=UTF-8
W2904399478	UMA	An End-to-End Multi-Task and Fusion CNN for Inertial-Based Gait Recognition	yes	https://ieeexplore.ieee.org/ielx7/6287639/8600701/08576517.pdf	OK	Downloaded: W2904399478.pdf
W2131390330	UMA	Map building for a mobile robot equipped with a 2D laser rangefinder	yes		NO_URL	No PDF URL available in CSV or OpenAlex metadata
W4386047677	UMA	OpenTwins: An open-source framework for the development of next-gen compositional digital twins	yes	https://doi.org/10.1016/j.compind.2023.104007	FAILED	HTTP 200, Content-Type: text/html;charset=UTF-8
W2007064482	UMA	Predictive path tracking of mobile robots. Application to the CMU NavLab	yes		NO_URL	No PDF URL available in CSV or OpenAlex metadata
W2792044747	UMA	Enhancing Perception with Tactile Object Recognition in Adaptive Grippers for Human–Robot Interaction	yes	https://doi.org/10.3390/s18030692	FAILED	HTTP 403, Content-Type: text/html
W3104218527	UMA	Object Detection from Thermal Infrared and Visible Light Cameras in Search and Rescue Scenes	yes		NO_URL	No PDF URL available in CSV or OpenAlex metadata
W2726240580	UMA	Cartan-Sync: Fast and Global SE(&lt;italic&gt;d&lt;/italic&gt;)-Synchronization	yes		NO_URL	No PDF URL available in CSV or OpenAlex metadata
W3104441645	UMA	Bayesian and Neural Inference on LSTM-Based Object Recognition From Tactile and Kinesthetic Information	yes	https://arxiv.org/pdf/2306.06423	OK	Downloaded: W3104441645.pdf
W2104363892	UMA	Improving Efficiency in Mobile Robot Task Planning Through World Abstraction	yes		NO_URL	No PDF URL available in CSV or OpenAlex metadata
W2127061146	UMA	Steering Limitations for a Vehicle Pulling Passive Trailers	yes		NO_URL	No PDF URL available in CSV or OpenAlex metadata
W2172068760	UMA	Feature extraction from laser scan data based on curvature estimation for mobile robotics	yes		NO_URL	No PDF URL available in CSV or OpenAlex metadata
W1973034110	UMA	Technical improvements of the Giraff telepresence robot based on users' evaluation	yes		NO_URL	No PDF URL available in CSV or OpenAlex metadata
W2902043185	UMA	A Semantic-Based Gas Source Localization with a Mobile Robot Combining Vision and Chemical Sensing	yes	https://doi.org/10.3390/s18124174	FAILED	HTTP 403, Content-Type: text/html
W2287234120	UMA	Fisher Motion Descriptor for Multiview Gait Recognition	yes	https://hdl.handle.net/10630/32712	ERROR	('Connection aborted.', RemoteDisconnected('Remote end closed connection without response'))
W3149657993	UMA	A Review on Deep Learning in Minimally Invasive Surgery	yes	https://ieeexplore.ieee.org/ielx7/6287639/9312710/09386091.pdf	OK	Downloaded: W3149657993.pdf
W2115991397	UMA	A robust, multi-hypothesis approach to matching occupancy grid maps	yes		NO_URL	No PDF URL available in CSV or OpenAlex metadata
W2619440467	UMA	A Biomimetical Dynamic Window Approach to Navigation for Collaborative Control	yes	https://hdl.handle.net/10630/30224	ERROR	('Connection aborted.', RemoteDisconnected('Remote end closed connection without response'))
W4210405781	UMA	Energy-Aware Multi-Objective Job Shop Scheduling Optimization with Metaheuristics in Manufacturing Industries: A Critical Survey, Results, and Perspectives	yes	https://www.mdpi.com/2076-3417/12/3/1491/pdf?version=1644291323	FAILED	HTTP 403, Content-Type: text/html
W2994492048	UMA	Using 3D Convolutional Neural Networks for Tactile Object Recognition with Robotic Palpation	yes	https://www.mdpi.com/1424-8220/19/24/5356/pdf?version=1575966785	FAILED	HTTP 403, Content-Type: text/html
W2058109453	UMA	Development of ALACRANE: A Mobile Robotic Assistance for Exploration and Rescue Missions	yes		NO_URL	No PDF URL available in CSV or OpenAlex metadata
W2119899274	UMA	Curvature-Based Environment Description for Robot Navigation Using Laser Range Sensors	yes	https://www.mdpi.com/1424-8220/9/8/5894/pdf?version=1403311622	FAILED	HTTP 403, Content-Type: text/html
W4380999056	UMA	Brand personality: Current insights and future research directions	yes	https://doi.org/10.1016/j.jbusres.2023.114062	FAILED	HTTP 200, Content-Type: text/html;charset=UTF-8
W2405455158	UMA	Data Fusion Calibration for a 3D Laser Range Finder and a Camera using Inertial Data.	yes		NO_URL	No PDF URL available in CSV or OpenAlex metadata
W3136824686	UMA	A Feasibility Study of the Use of Smartwatches in Wearable Fall Detection Systems	yes	https://www.mdpi.com/1424-8220/21/6/2254/pdf?version=1616583715	FAILED	HTTP 403, Content-Type: text/html
W1822776485	UMA	The optical identification of events with poorly defined locations: the case of the Fermi GBM GRB 140801A	yes	https://academic.oup.com/mnras/article-pdf/455/1/712/3062657/stv2228.pdf	FAILED	HTTP 403, Content-Type: text/html; charset=UTF-8
W4391850789	UMA	Fuzzy logic controller for UAV with gains optimized via genetic algorithm	yes	https://doi.org/10.1016/j.heliyon.2024.e26363	FAILED	HTTP 200, Content-Type: text/html;charset=UTF-8
W1592348498	UMA	Fast Visual Odometry for 3-D Range Sensors	yes		NO_URL	No PDF URL available in CSV or OpenAlex metadata
W2772584122	UMA	Human and object recognition with a high-resolution tactile sensor	yes		NO_URL	No PDF URL available in CSV or OpenAlex metadata
W2951033459	UMA	ARCog: An Aerial Robotics Cognitive Architecture	yes		NO_URL	No PDF URL available in CSV or OpenAlex metadata
W2984280075	UMA	Human 3D Pose Estimation with a Tilting Camera for Social Mobile Robot Interaction	yes	https://www.mdpi.com/1424-8220/19/22/4943/pdf?version=1573637385	FAILED	HTTP 403, Content-Type: text/html
W2102248503	UMA	Hierarchical graph search for mobile robot path planning	yes		NO_URL	No PDF URL available in CSV or OpenAlex metadata
W2768775148	UMA	Smart Cable-Driven Camera Robotic Assistant	yes	https://hdl.handle.net/10630/33426	ERROR	('Connection aborted.', RemoteDisconnected('Remote end closed connection without response'))
W1482620625	UMA	Extrinsic calibration of 2D laser rangefinders from perpendicular plane observations	yes		NO_URL	No PDF URL available in CSV or OpenAlex metadata
W2911177228	UMA	Methods for Autonomous Wristband Placement with a Search-and-Rescue Aerial Manipulator	yes	https://hdl.handle.net/10630/16852	ERROR	('Connection aborted.', RemoteDisconnected('Remote end closed connection without response'))
W2121884734	UMA	Kinematic modelling of tracked vehicles by experimental identification	yes		NO_URL	No PDF URL available in CSV or OpenAlex metadata
W2893548795	UMA	Teaching machine learning in robotics interactively: the case of reinforcement learning with Lego<sup>®</sup>Mindstorms	yes		NO_URL	No PDF URL available in CSV or OpenAlex metadata
W2153479179	UMA	Novelty detection and 3D shape retrieval using superquadrics and multi-scale sampling for autonomous mobile robots	yes		NO_URL	No PDF URL available in CSV or OpenAlex metadata
W1589649298	UMA	Melomics: A Case‐Study of AI in Spain	yes	https://ojs.aaai.org/index.php/aimagazine/article/download/2464/2375	OK	Downloaded: W1589649298.pdf
W4288053665	UMA	Automatically Annotated Dataset of a Ground Mobile Robot in Natural Environments via Gazebo Simulations	yes	https://www.mdpi.com/1424-8220/22/15/5599/pdf?version=1658988986	FAILED	HTTP 403, Content-Type: text/html
W2595640798	UMA	Voxel-Based Neighborhood for Spatial Shape Pattern Classification of Lidar Point Clouds with Supervised Learning	yes	https://doi.org/10.3390/s17030594	FAILED	HTTP 403, Content-Type: text/html
W4317934113	UMA	Automated labeling of training data for improved object detection in traffic videos by fine-tuned deep convolutional neural networks	yes	https://doi.org/10.1016/j.patrec.2023.01.015	FAILED	HTTP 200, Content-Type: text/html;charset=UTF-8
W2011502221	UMA	Audio-Visual Perception System for a Humanoid Robotic Head	yes	https://www.mdpi.com/1424-8220/14/6/9522/pdf?version=1403353939	FAILED	HTTP 403, Content-Type: text/html
W2171737664	UMA	Fast laser scan matching approach based on adaptive curvature estimation for mobile robots	yes		NO_URL	No PDF URL available in CSV or OpenAlex metadata
W2108762236	UMA	Direct motion estimation from a range scan sequence	yes		NO_URL	No PDF URL available in CSV or OpenAlex metadata
W3145217148	UMA	The UMA-SAR Dataset: Multimodal data collection from a ground vehicle during outdoor disaster response training exercises	yes		NO_URL	No PDF URL available in CSV or OpenAlex metadata
W3005486462	UMA	Supervised Learning of Natural-Terrain Traversability with Synthetic 3D Laser Scans	yes	https://www.mdpi.com/2076-3417/10/3/1140/pdf?version=1581476061	FAILED	HTTP 403, Content-Type: text/html
W4295008751	UMA	Advancing fishery-independent stock assessments for the Norway lobster (Nephrops norvegicus) with new monitoring technologies	yes	https://www.frontiersin.org/articles/10.3389/fmars.2022.969071/pdf	OK	Downloaded: W4295008751.pdf
W2170886978	UMA	An Algorithm for Fitting 2-D Data on the Circle: Applications to Mobile Robotics	yes		NO_URL	No PDF URL available in CSV or OpenAlex metadata
W2973817887	UMA	Method for Detecting Abnormal Activity in a Group of Mobile Robots	yes	https://www.mdpi.com/1424-8220/19/18/4007/pdf?version=1569201744	FAILED	HTTP 403, Content-Type: text/html
W4320928948	UMA	DEM-AIA: Asymmetric inclination-aware trajectory planner for off-road vehicles with digital elevation models	yes	https://doi.org/10.1016/j.engappai.2023.105976	FAILED	HTTP 200, Content-Type: text/html;charset=UTF-8
W3187778070	UMA	Wearable Urban Mobility Assistive Device for Visually Impaired Pedestrians Using a Smartphone and a Tactile-Foot Interface	yes	https://doi.org/10.3390/s21165274	FAILED	HTTP 403, Content-Type: text/html
W2075982326	UMA	Change detection in 3D environments based on Gaussian Mixture Model and robust structural matching for autonomous robotic applications	yes		NO_URL	No PDF URL available in CSV or OpenAlex metadata
W2787177473	UMA	An Electronic Architecture for Multipurpose Artificial Noses	yes	http://downloads.hindawi.com/journals/js/2018/5427693.pdf	FAILED	HTTP 403, Content-Type: text/html; charset=UTF-8
W2908402719	UMA	Real-Time Robot Vision on Low-Performance Computing Hardware	yes	https://research.vu.nl/ws/files/69867130/Real_time_Robot_Vision_on_Low_performance_Computing_Hardware.pdf	OK	Downloaded: W2908402719.pdf
W1556436033	UMA	A Rao-Blackwellisation approach to GDM-SLAM : integrating SLAM and gas distribution mapping (GDM)	yes	http://urn.kb.se/resolve?urn=urn:nbn:se:oru:diva-4265	FAILED	HTTP 403, Content-Type: text/html; charset=iso-8859-1
W1994370751	UMA	Fuzzy Logic User Adaptive Navigation Control System For Mobile Robots In Unknown Environments	yes	http://orbilu.uni.lu/handle/10993/19742	ERROR	"HTTPConnectionPool(host='orbilu.uni.lu', port=80): Max retries exceeded with url: /handle/10993/19742 (Caused by NewConnectionError(""HTTPConnection(host='orbilu.uni.lu', port=80): Failed to establish a new connection: [Errno 61] Connection refused""))"
W3109403242	UMA	Measuring Smoothness as a Factor for Efficient and Socially Accepted Robot Motion	yes	https://www.mdpi.com/1424-8220/20/23/6822/pdf?version=1606640697	FAILED	HTTP 403, Content-Type: text/html
W4206551848	UMA	VPP: Visibility-Based Path Planning Heuristic for Monitoring Large Regions of Complex Terrain Using a UAV Onboard Camera	yes	https://ieeexplore.ieee.org/ielx7/4609443/9656571/09647997.pdf	OK	Downloaded: W4206551848.pdf
W4284682787	UMA	Robot@VirtualHome, an ecosystem of virtual environments and tools for realistic indoor robotic simulation	yes	https://doi.org/10.1016/j.eswa.2022.117970	FAILED	HTTP 200, Content-Type: text/html;charset=UTF-8
W3094030634	UMA	Integrating Blockchain in Safety-Critical Systems: An Application to the Nuclear Industry	yes	https://ieeexplore.ieee.org/ielx7/6287639/8948470/09229377.pdf	OK	Downloaded: W3094030634.pdf
W4282587413	UMA	A Novel Detection Refinement Technique for Accurate Identification of Nephrops norvegicus Burrows in Underwater Imagery	yes	https://www.mdpi.com/1424-8220/22/12/4441/pdf?version=1655111987	FAILED	HTTP 403, Content-Type: text/html
W4361005442	UMA	Evolution of Socially-Aware Robot Navigation	yes	https://www.mdpi.com/2079-9292/12/7/1570/pdf?version=1679908019	FAILED	HTTP 403, Content-Type: text/html
W3147033676	UMA	Subspace-oriented energy distribution for the Time Domain Passivity Approach	yes		NO_URL	No PDF URL available in CSV or OpenAlex metadata
W4224036806	UMA	A practical approach with drones, smartphones, and tracking tags for potential real-time animal tracking	yes	https://academic.oup.com/cz/advance-article-pdf/doi/10.1093/cz/zoac029/43518603/zoac029.pdf	FAILED	HTTP 403, Content-Type: text/html; charset=UTF-8
W4399802801	UMA	Socially Assistive Robots in Smart Environments to Attend Elderly People—A Survey	yes	https://www.mdpi.com/2076-3417/14/12/5287/pdf?version=1718783901	FAILED	HTTP 403, Content-Type: text/html
W4313586277	UMA	Prompt Emission and Early Optical Afterglow of Very-high-energy Detected GRB 201015A and GRB 201216C: Onset of the External Forward Shock	yes	https://iopscience.iop.org/article/10.3847/1538-4357/aca414/pdf	OK	Downloaded: W4313586277.pdf
W2218630515	UMA	Joint categorization of objects and rooms for mobile robots	yes	https://hdl.handle.net/10630/36399	FAILED	HTTP 200, Content-Type: text/html; charset=utf-8
W4304890691	UMA	Explaining quality attribute tradeoffs in automated planning for self-adaptive systems	yes	https://doi.org/10.1016/j.jss.2022.111538	FAILED	HTTP 200, Content-Type: text/html;charset=UTF-8
W3003700681	UMA	Underactuated Gripper with Forearm Roll Estimation for Human Limbs Manipulation in Rescue Robotics	yes		NO_URL	No PDF URL available in CSV or OpenAlex metadata
W2961631563	UMA	Using Gaussian Mixture Models for Gesture Recognition During Haptically Guided Telemanipulation	yes	https://www.mdpi.com/2079-9292/8/7/772/pdf?version=1564125032	FAILED	HTTP 403, Content-Type: text/html
W2991129060	UMA	A Gesture Recognition Algorithm for Hand-Assisted Laparoscopic Surgery	yes	https://www.mdpi.com/1424-8220/19/23/5182/pdf?version=1575369681	FAILED	HTTP 403, Content-Type: text/html
W3134708440	UMA	Automation, automatic capital returns, and the functional income distribution	yes		NO_URL	No PDF URL available in CSV or OpenAlex metadata
W2113260736	UMA	Life-Long Optimization of the Symbolic Model of Indoor Environments for a Mobile Robot	yes		NO_URL	No PDF URL available in CSV or OpenAlex metadata
W4328090755	UMA	Automated detection of vehicles with anomalous trajectories in traffic surveillance videos	yes	https://riuma.uma.es/xmlui/bitstream/10630/30222/3/ICAE_Automated_detection_preprint.pdf	FAILED	HTTP 404, Content-Type: text/html; charset=utf-8
W4403504095	UMA	Design and Development of a Wayside <scp>AI</scp> ‐Assisted Vision System for Online Train Wheel Inspection	yes	https://onlinelibrary.wiley.com/doi/pdfdirect/10.1002/eng2.13027	FAILED	HTTP 403, Content-Type: text/html; charset=UTF-8
W3195445035	UMA	A Study of One-Class Classification Algorithms for Wearable Fall Sensors	yes	https://www.mdpi.com/2079-6374/11/8/284/pdf	FAILED	HTTP 403, Content-Type: text/html
W2078094218	UMA	Visual Odometry Based on Structural Matching of Local Invariant Features Using Stereo Camera Sensor	yes	https://www.mdpi.com/1424-8220/11/7/7262/pdf?version=1403315804	FAILED	HTTP 403, Content-Type: text/html
W2094147511	UMA	OLT: A Toolkit for Object Labeling applied to robotic RGB-D datasets	yes		NO_URL	No PDF URL available in CSV or OpenAlex metadata
W3129169790	UMA	A surgical dataset from the da Vinci Research Kit for task automation and recognition	yes	https://arxiv.org/pdf/2102.03643	OK	Downloaded: W3129169790.pdf
W3146369908	UMA	Underwater Vehicle Localization by Hybridization of Indirect Kalman Filter and Neural Network	yes		NO_URL	No PDF URL available in CSV or OpenAlex metadata
W2788769756	UMA	A novel expert system for objective masticatory efficiency assessment	yes	https://journals.plos.org/plosone/article/file?id=10.1371/journal.pone.0190386&type=printable	OK	Downloaded: W2788769756.pdf
W4383892324	UMA	A multidimensional Bayesian architecture for real-time anomaly detection and recovery in mobile robot sensory systems	yes	https://doi.org/10.1016/j.engappai.2023.106673	FAILED	HTTP 200, Content-Type: text/html;charset=UTF-8
W4401416422	UMA	Robot-Assisted Navigation for Visually Impaired through Adaptive Impedance and Path Planning	yes		NO_URL	No PDF URL available in CSV or OpenAlex metadata
W3007514476	UMA	From Object Detection to Room Categorization in Robotics	yes	https://research.rug.nl/en/publications/58020223-f5d2-480b-a575-648c7821c526	FAILED	HTTP 200, Content-Type: text/html;charset=UTF-8
W2004373988	UMA	Maneuvers recognition in laparoscopic surgery: Artificial Neural Network and hidden Markov model approaches	yes		NO_URL	No PDF URL available in CSV or OpenAlex metadata
W112490267	UMA	Derivation and Implementation of a Full 6D EKF-based Solution to Bearing-Range SLAM	yes		NO_URL	No PDF URL available in CSV or OpenAlex metadata
W2147529943	UMA	Mobile robot motion estimation from a range scan sequence	yes		NO_URL	No PDF URL available in CSV or OpenAlex metadata
W2405683732	UMA	Parallel force-position control scheme with fuzzy gain tuning for single port laparoscopic surgery	yes		NO_URL	No PDF URL available in CSV or OpenAlex metadata
W2967856968	UMA	Olfaction, Vision, and Semantics for Mobile Robots. Results of the IRO Project	yes	https://doi.org/10.3390/s19163488	FAILED	HTTP 403, Content-Type: text/html
W4327971797	UMA	Reinforcement and Curriculum Learning for Off-Road Navigation of an UGV with a 3D LiDAR	yes	https://www.mdpi.com/1424-8220/23/6/3239/pdf?version=1679128269	FAILED	HTTP 403, Content-Type: text/html
W3007038641	UMA	An Evaluation of Gas Source Localization Algorithms for Mobile Robots	yes		NO_URL	No PDF URL available in CSV or OpenAlex metadata
W2043633554	UMA	A Multi‐Agent Control Architecture for a Robotic Wheelchair	yes	https://doi.org/10.1533/abbi.2006.0027	FAILED	HTTP 403, Content-Type: text/html; charset=UTF-8
W2150221092	UMA	Adaptive collaborative assistance for wheelchair driving via CBR learning	yes		NO_URL	No PDF URL available in CSV or OpenAlex metadata
W2167661984	UMA	A PDL APPROACH FOR QUALITATIVE VELOCITY	yes		NO_URL	No PDF URL available in CSV or OpenAlex metadata
W4360939579	UMA	Vision-based techniques for automatic marine plankton classification	yes	https://link.springer.com/content/pdf/10.1007/s10462-023-10456-w.pdf	OK	Downloaded: W4360939579.pdf
W4309089986	UMA	Victim Detection and Localization in Emergencies	yes	https://www.mdpi.com/1424-8220/22/21/8433/pdf?version=1667454901	FAILED	HTTP 403, Content-Type: text/html
W4361285401	UMA	Uncertainty-aware Simulation of Adaptive Systems	yes	https://inria.hal.science/hal-04064771/document	OK	Downloaded: W4361285401.pdf
W2004682152	UMA	Navigability analysis of natural terrains with fuzzy elevation maps from ground-based 3D range scans	yes	http://hdl.handle.net/10630/6855	FAILED	HTTP 200, Content-Type: text/html; charset=utf-8
W4407904831	UMA	Agentic Workflows for Improving Large Language Model Reasoning in Robotic Object-Centered Planning	yes	https://www.mdpi.com/2218-6581/14/3/24/pdf?version=1740391818	FAILED	HTTP 403, Content-Type: text/html
W2725146367	UMA	Online context-based object recognition for mobile robots	yes		NO_URL	No PDF URL available in CSV or OpenAlex metadata
W2540320047	UMA	Robot learning of upper-body human motion by active imitation	yes		NO_URL	No PDF URL available in CSV or OpenAlex metadata
W101387454	UMA	Interactive task planning through multiple abstraction: application to assistant robotics	yes		NO_URL	No PDF URL available in CSV or OpenAlex metadata
W1552172705	UMA	Speed planning and generation approach based on the path-time space for mobile robots	yes		NO_URL	No PDF URL available in CSV or OpenAlex metadata
W1945988617	UMA	Real time position estimation for mobile robots by means of sonar sensors	yes		NO_URL	No PDF URL available in CSV or OpenAlex metadata
W2168357780	UMA	Autonomous global localisation using Markov chains and optimised sonar landmarks	yes		NO_URL	No PDF URL available in CSV or OpenAlex metadata
W4400587514	UMA	Exploring the Viability of Socially Assistive Robots for At-Home Cognitive Monitoring: Potential and Limitations	yes	https://link.springer.com/content/pdf/10.1007/s12369-024-01158-6.pdf	OK	Downloaded: W4400587514.pdf
W1637253159	UMA	Hopfield networks: from optimization to adaptive control	yes		NO_URL	No PDF URL available in CSV or OpenAlex metadata
W4392570651	UMA	Integrating FMI and ML/AI models on the open‐source digital twin framework OpenTwins	yes	https://onlinelibrary.wiley.com/doi/pdfdirect/10.1002/spe.3322	FAILED	HTTP 403, Content-Type: text/html; charset=UTF-8
W4404122645	UMA	An Alien in the Newsroom: AI Anxiety in European and American Newspapers	yes	https://www.mdpi.com/2076-0760/13/11/608/pdf?version=1730966186	FAILED	HTTP 403, Content-Type: text/html
W2781097021	UMA	Mobile Robot Object Recognition through the Synergy of Probabilistic Graphical Models and Semantic Knowledge	yes	http://hdl.handle.net/10630/8282	ERROR	('Connection aborted.', RemoteDisconnected('Remote end closed connection without response'))
W3123742290	UMA	Improving the Head Pose Variation Problem in Face Recognition for Mobile Robots	yes	https://www.mdpi.com/1424-8220/21/2/659/pdf?version=1611194262	FAILED	HTTP 403, Content-Type: text/html
W3149656776	UMA	Appearance-Based Sequential Robot Localization Using a Patchwise Approximation of a Descriptor Manifold	yes	https://doi.org/10.3390/s21072483	FAILED	HTTP 403, Content-Type: text/html
W2129216891	UMA	Spectral clustering for feature-based metric maps partitioning in a hybrid mapping framework	yes		NO_URL	No PDF URL available in CSV or OpenAlex metadata
W2166695482	UMA	Marginal Probabilistic Modeling of the Delays in the Sensory Data Transmission of Networked Telerobots	yes	https://www.mdpi.com/1424-8220/14/2/2305/pdf?version=1403344646	FAILED	HTTP 403, Content-Type: text/html
W3006711776	UMA	A Face Recognition System for Assistive Robots	yes	https://hdl.handle.net/10630/19402	ERROR	('Connection aborted.', RemoteDisconnected('Remote end closed connection without response'))
W4309003552	UMA	Dataset with Tactile and Kinesthetic Information from a Human Forearm and Its Application to Deep Learning	yes	https://www.mdpi.com/1424-8220/22/22/8752/pdf?version=1668576396	FAILED	HTTP 403, Content-Type: text/html
W2120063858	UMA	Adaptive Observation Covariance for EKF-SLAM in Indoor Environments using Laser Data	yes		NO_URL	No PDF URL available in CSV or OpenAlex metadata
W4407761660	UMA	FaultSeg: A Dataset for Train Wheel Defect Detection	yes	https://www.nature.com/articles/s41597-025-04557-0.pdf	OK	Downloaded: W4407761660.pdf
W4297311334	UMA	Towards Adaptive Planning of Assistive-care Robot Tasks	yes	https://arxiv.org/pdf/2209.14041	OK	Downloaded: W4297311334.pdf
W4388732094	UMA	VGR Dataset: A CFD-based Gas Dispersion Dataset for Mobile Robotic Olfaction	yes	https://link.springer.com/content/pdf/10.1007/s10846-023-02012-z.pdf	OK	Downloaded: W4388732094.pdf
W2104415862	UMA	Direct interfaces for smart skins based on FPGAs	yes		NO_URL	No PDF URL available in CSV or OpenAlex metadata
W3153881645	UMA	ACVIZ: A tool for the visual analysis of the configuration of algorithms with irace	yes	https://www.sciencedirect.com/science/article/pii/S2214716021000099?via%3Dihub	FAILED	HTTP 403, Content-Type: text/html; charset=UTF-8
W3216371472	UMA	THE BOOTES NETWORK IN THE GRAVITATIONAL WAVE ERA	yes	https://doi.org/10.22201/ia.14052059p.2021.53.18	OK	Downloaded: W3216371472.pdf
W4353091005	UMA	Analysis and Recognition of Human Gait Activity Based on Multimodal Sensors	yes	https://www.mdpi.com/2227-7390/11/6/1538/pdf?version=1679466675	FAILED	HTTP 403, Content-Type: text/html
W4385611129	UMA	Waypoint Generation in Satellite Images Based on a CNN for Outdoor UGV Navigation	yes	https://www.mdpi.com/2075-1702/11/8/807/pdf?version=1691327505	FAILED	HTTP 403, Content-Type: text/html
W2948898677	UMA	An Evaluation of Plume Tracking as a Strategy for Gas Source Localization in Turbulent Wind Flows	yes	https://hdl.handle.net/10630/17764	ERROR	('Connection aborted.', RemoteDisconnected('Remote end closed connection without response'))
W1837553366	UMA	Evaluation of Sensor Configurations for Robotic Surgical Instruments	yes	https://www.mdpi.com/1424-8220/15/10/27341/pdf?version=1445938031	FAILED	HTTP 403, Content-Type: text/html
W2044379353	UMA	Force-position control for a miniature camera robotic system for single-site surgery	yes		NO_URL	No PDF URL available in CSV or OpenAlex metadata
W4390012981	UMA	Pollen recognition through an open-source web-based system: automated particle counting for aerobiological analysis	yes	https://link.springer.com/content/pdf/10.1007/s12145-023-01189-z.pdf	OK	Downloaded: W4390012981.pdf
W4406906895	UMA	AI in Marketing Management: Executive Perspectives from Companies	yes	https://mmi.sumdu.edu.ua/wp-content/uploads/2025/01/04_A829-2024_Maldonado-Canca-et-al.pdf	OK	Downloaded: W4406906895.pdf
W4413806993	UMA	University students’ perceptions of the impact of artificial intelligence in the business sector on their educational and professional development	yes	https://link.springer.com/content/pdf/10.1007/s10639-025-13712-4.pdf	OK	Downloaded: W4413806993.pdf
W4404462141	UMA	Advances towards autonomous robotic suturing: Integration of finite element force analysis and instantaneous wound detection through deep learning	yes	https://doi.org/10.1016/j.bspc.2024.107181	FAILED	HTTP 200, Content-Type: text/html;charset=UTF-8
W2032934798	UMA	A Compact Planar-patch Descriptor based on Color	yes		NO_URL	No PDF URL available in CSV or OpenAlex metadata
W3193962713	UMA	Autonomous Docking of Mobile Robots by Reinforcement Learning Tackling the Sparse Reward Problem	yes		NO_URL	No PDF URL available in CSV or OpenAlex metadata
W4317241224	UMA	Implicaciones sociales de la irrupción del Big Data y la robótica: un análisis prospectivo en docentes hispanoamericanos	yes	https://revistas.um.es/reifop/article/download/543871/336421	OK	Downloaded: W4317241224.pdf
W4362571080	UMA	Advanced Detections of Norway Lobster (Nephrops Norvegicus) Burrows using Deep Learning Techniques	yes	http://thesai.org/Downloads/Volume14No3/Paper_57-Advancing_Detections_of_Norway_Lobster.pdf	OK	Downloaded: W4362571080.pdf
W4289950771	UMA	Unsupervised Appearance Map Abstraction for Indoor Visual Place Recognition With Mobile Robots	yes	https://hdl.handle.net/10630/24935	ERROR	('Connection aborted.', RemoteDisconnected('Remote end closed connection without response'))
W4296051495	UMA	Efficient 3D Lidar Odometry Based on Planar Patches	yes	https://www.mdpi.com/1424-8220/22/18/6976/pdf?version=1663233999	FAILED	HTTP 403, Content-Type: text/html
W2064329360	UMA	Interfaz multimodal para un asistente robótico quirúrgico: uso de reconocimiento de maniobras quirúrgicas	yes	https://polipapers.upv.es/index.php/RIAI/article/download/8578/8659	ERROR	HTTPSConnectionPool(host='polipapers.upv.es', port=443): Max retries exceeded with url: /index.php/RIAI/article/download/8578/8659 (Caused by SSLError(SSLCertVerificationError(1, '[SSL: CERTIFICATE_VERIFY_FAILED] certificate verify failed: unable to get local issuer certificate (_ssl.c:1032)')))
W2100769971	UMA	Outdoor scene registration from 3D laser range data with coarse binary cubes	yes		NO_URL	No PDF URL available in CSV or OpenAlex metadata
W2595852273	UMA	EXPERIENCES ON A MOTIVATIONAL LEARNING APPROACH FOR ROBOTICS IN UNDERGRADUATE COURSES	yes	https://library.iated.org/download/RUIZSARMIENTO2017EXP	FAILED	HTTP 403, Content-Type: text/html; charset=UTF-8
W4240719099	UMA	A Multi-Agent Control Architecture for a Robotic Wheelchair	yes	https://downloads.hindawi.com/journals/abb/2006/612940.pdf	FAILED	HTTP 403, Content-Type: text/html; charset=UTF-8
W2166617933	UMA	On-line unsupervised planar shape recognition based on curvature functions	yes		NO_URL	No PDF URL available in CSV or OpenAlex metadata
W4379882551	UMA	Information-Driven Gas Distribution Mapping for Autonomous Mobile Robots	yes	https://www.mdpi.com/1424-8220/23/12/5387/pdf?version=1686123254	FAILED	HTTP 403, Content-Type: text/html
W1500910543	UMA	Image Matching based on Curvilinear Regions	yes	https://www.intechopen.com/citation-pdf-url/323	OK	Downloaded: W1500910543.pdf
W3046512384	UMA	Object stiffness recognition with descriptors given by an FPGA-based tactile sensor	yes		NO_URL	No PDF URL available in CSV or OpenAlex metadata
W4383499804	UMA	Automated suturing: sharp wound recognition and planning with surgical robot	yes		NO_URL	No PDF URL available in CSV or OpenAlex metadata
W4388293408	UMA	Editorial: Socially, culturally and contextually aware robots	yes	https://www.frontiersin.org/articles/10.3389/frobt.2023.1232215/pdf?isPublishedV2=False	OK	Downloaded: W4388293408.pdf
W4399431553	UMA	Automated Planning for Adaptive Cyber-Physical Systems under Uncertainty in Temporal Availability Constraints	yes	https://dl.acm.org/doi/pdf/10.1145/3643915.3644083	FAILED	HTTP 403, Content-Type: text/html; charset=UTF-8
W1508582970	UMA	Smoothly adjustable autonomy for the low-level remote control of mobile robots that is independent of the navigation algorithm	yes		NO_URL	No PDF URL available in CSV or OpenAlex metadata
W4307782217	UMA	A surgical dataset from the da Vinci Research Kit for task automation and recognition	yes	https://doi.org/10.48550/arxiv.2102.03643	FAILED	HTTP 200, Content-Type: text/html; charset=utf-8
W3080638173	UMA	Characterization, Statistical Analysis and Method Selection in the Two-Clocks Synchronization Problem for Pairwise Interconnected Sensors	yes	https://doi.org/10.3390/s20174808	FAILED	HTTP 403, Content-Type: text/html
W2964403767	UMA	A cane-based low cost sensor to implement attention mechanisms in telecare robots	yes	https://hdl.handle.net/10630/17628	ERROR	('Connection aborted.', RemoteDisconnected('Remote end closed connection without response'))
W4285804239	UMA	LTC-Mapping, Enhancing Long-Term Consistency of Object-Oriented Semantic Maps in Robotics	yes	https://www.mdpi.com/1424-8220/22/14/5308/pdf?version=1658232299	FAILED	HTTP 403, Content-Type: text/html
W4386479212	UMA	Sequential Monte Carlo localization in topometric appearance maps	yes	https://riuma.uma.es/xmlui/bitstream/10630/28262/1/_IJRR__2023___Sequential_Monte_Carlo_Localization_in_Topometric_Appearance_Maps.pdf	FAILED	HTTP 404, Content-Type: text/html; charset=utf-8
W1495955127	UMA	Genetic algorithms based multirobot trajectory planning	yes		NO_URL	No PDF URL available in CSV or OpenAlex metadata
W1521503984	UMA	A fuzzy logic based decision algorithm for a heterogeneous telescope network	yes		NO_URL	No PDF URL available in CSV or OpenAlex metadata
W2000488590	UMA	Maneuvers recognition system for laparoscopic surgery	yes		NO_URL	No PDF URL available in CSV or OpenAlex metadata
W2124017869	UMA	Surgical tools pose estimation for a multimodal HMI of a surgical robotic assistant	yes	https://hdl.handle.net/10630/33671	ERROR	('Connection aborted.', RemoteDisconnected('Remote end closed connection without response'))
W2971448363	UMA	A Realistic Remote Gas Sensor Model for Three-Dimensional Olfaction Simulations	yes	http://urn.kb.se/resolve?urn=urn:nbn:se:oru:diva-76220	FAILED	HTTP 403, Content-Type: text/html; charset=iso-8859-1
W4247858170	UMA	Optimal Velocity Planning of Wheeled Mobile Robots on Specific Paths in Static and Dynamic Environments	yes	https://www.intechopen.com/citation-pdf-url/144	OK	Downloaded: W4247858170.pdf
W2123137355	UMA	Simultaneous mobile robot localization and mapping using an adaptive curvature-based environment description	yes		NO_URL	No PDF URL available in CSV or OpenAlex metadata
W3208787245	UMA	Training dataset from the Da Vinci Research Kit	yes	https://zenodo.org/record/3841804	FAILED	HTTP 200, Content-Type: text/html; charset=utf-8
W4412106293	UMA	SAFERNet: Channel, Positional, and Global Attention Fusion for Efficient RGB-T Segmentation in Disaster Robotics	yes	https://www.authorea.com/doi/pdf/10.22541/au.175199254.45194201	FAILED	HTTP 403, Content-Type: text/html; charset=UTF-8
W4417245140	UMA	Emotion in Context: Human and AI Perspectives on the Affective Landscape of Severance	yes	https://link.springer.com/content/pdf/10.1007/s41701-025-00220-6.pdf	OK	Downloaded: W4417245140.pdf
W4388305057	UMA	Wavelet-based temporal models of human activity for anomaly detection in smart robot-assisted environments1	yes	https://riuma.uma.es/xmlui/bitstream/10630/34193/1/2024_Wavelet-based%20temporal%20models%20of%20human%20activity%20for%20anomaly%20detection%20in%20smart%20robot-assisted%20environments.pdf	FAILED	HTTP 404, Content-Type: text/html; charset=utf-8
W4401222212	UMA	Detección de participantes del tráfico en entornos urbanos sobre imágenes RGB y nubes de puntos 3D	yes	https://revistas.udc.es/index.php/JA_CEA/article/download/10870/8225	OK	Downloaded: W4401222212.pdf
W4405710106	UMA	Integrating DEM Path Planning in the Navigation and Control System for UGVs in Rough Terrain: A Case Study on Multiple Victim Evacuation	yes		NO_URL	No PDF URL available in CSV or OpenAlex metadata
W4408015511	UMA	Industria 4.0 y sostenibilidad: evaluación del compromiso organizacional con la agenda 2030 desde un enfoque bibliométrico	yes	https://revistas.ubp.edu.ar/index.php/revista-ciencias-empresariales/article/download/576/693	OK	Downloaded: W4408015511.pdf
W4410358733	UMA	Real-Time FTM-Based Victim Positioning System Using Heterogeneous Robots in Remote and Outdoor Scenarios	yes	https://doi.org/10.1109/access.2025.3570203	FAILED	HTTP 200, Content-Type: text/html;charset=UTF-8
W4413206531	UMA	Building a Self-Explanatory Social Robot on the Basis of an Explanation-Oriented Runtime Knowledge Model	yes	https://www.mdpi.com/2079-9292/14/16/3178/pdf?version=1754832225	FAILED	HTTP 403, Content-Type: text/html
W4414923573	UMA	Personalized causal explanations of a robot’s behavior	yes	https://www.frontiersin.org/journals/robotics-and-ai/articles/10.3389/frobt.2025.1637574/pdf	OK	Downloaded: W4414923573.pdf
W4415241121	UMA	Design and Validation of a Walking Exoskeleton for Gait Rehabilitation Using a Dual Eight-Bar Mechanism	yes	https://www.mdpi.com/2227-7080/13/10/463/pdf?version=1760354640	FAILED	HTTP 403, Content-Type: text/html
W2112978850	UMA	Optimal Design of Mechanisms for Robot Hands	yes	https://www.intechopen.com/citation-pdf-url/848	OK	Downloaded: W2112978850.pdf
W2138227006	UMA	Parameter identification in nonlinear dynamical systems with Hopfield neural networks	yes		NO_URL	No PDF URL available in CSV or OpenAlex metadata
W2152694935	UMA	Automatic Regulation of the Information Flow in the Control Loops of a Web Teleoperated Robot	yes		NO_URL	No PDF URL available in CSV or OpenAlex metadata
W3093687567	UMA	Texture Detection by Hardware-Friendly Low-Level Preprocessing	yes		NO_URL	No PDF URL available in CSV or OpenAlex metadata
W4281257697	UMA	Smart Sensorization Using Propositional Dynamic Logic	yes	https://www.mdpi.com/1424-8220/22/10/3899/pdf?version=1653295097	FAILED	HTTP 403, Content-Type: text/html
W4384155019	UMA	Perceived distress in assisted gait with a four-wheeled rollator under stress induction conditions	yes	https://www.tandfonline.com/doi/pdf/10.1080/23311916.2023.2233743?needAccess=true&role=button	FAILED	HTTP 403, Content-Type: text/html; charset=UTF-8
W4391268001	UMA	Artificial Intelligence in Art: An Amoral Subject of Law	yes	https://doi.org/10.23880/phij-16000275	OK	Downloaded: W4391268001.pdf
W4399431577	UMA	Towards Proactive Decentralized Adaptation of Unmanned Aerial Vehicles for Wildfire Tracking	yes	https://dl.acm.org/doi/pdf/10.1145/3643915.3644081	FAILED	HTTP 403, Content-Type: text/html; charset=UTF-8
W2958343342	UMA	Experimental study of the suitability of CNN-based holistic descriptors for accurate visual localization	yes		NO_URL	No PDF URL available in CSV or OpenAlex metadata
W1213554902	UMA	An active perception control architecture for autonomous robots	yes		NO_URL	No PDF URL available in CSV or OpenAlex metadata
W1971690148	UMA	Making Preliminary GRBs Real‐Time Astronomical Reports	yes	https://downloads.hindawi.com/journals/aa/2010/102831.pdf	FAILED	HTTP 403, Content-Type: text/html; charset=UTF-8
W2085638648	UMA	Combined constraint matching algorithm for stereo visual odometry based on local interest points	yes		NO_URL	No PDF URL available in CSV or OpenAlex metadata
W2106288581	UMA	Tactile Retina for Slip Detection	yes		NO_URL	No PDF URL available in CSV or OpenAlex metadata
W4392767207	UMA	Instruments Detection and Descriptive Gesture Segmentation on a Robotic Surgical Maneuvers Dataset	yes	https://www.preprints.org/manuscript/202403.0008/v1/download	FAILED	HTTP 403, Content-Type: text/html
W4393594338	UMA	Training dataset from the Da Vinci Research Kit	yes		NO_URL	No PDF URL available in CSV or OpenAlex metadata
W1974030534	UMA	Integrated circuit interface for artificial skins	yes		NO_URL	No PDF URL available in CSV or OpenAlex metadata
W1999460723	UMA	Tactile on-chip pre-processing with techniques from artificial retinas	yes		NO_URL	No PDF URL available in CSV or OpenAlex metadata
W2036843301	UMA	SOLFABOT: Low-cost support tool for solfeo training	yes		NO_URL	No PDF URL available in CSV or OpenAlex metadata
W2079658382	UMA	A multi-behavior algorithm for auto-guided movements in surgeon assistance	yes		NO_URL	No PDF URL available in CSV or OpenAlex metadata
W2116147725	UMA	A biomechanical study of spherical grip	yes	https://springerplus.springeropen.com/counter/pdf/10.1186/2193-1801-2-591	OK	Downloaded: W2116147725.pdf
W2121071089	UMA	Ladar scan preprocessing for robust motion estimation	yes		NO_URL	No PDF URL available in CSV or OpenAlex metadata
W2126244502	UMA	&lt;title&gt;GPS and odometer data fusion for outdoor robots continuous positioning&lt;/title&gt;	yes		NO_URL	No PDF URL available in CSV or OpenAlex metadata
W2259234918	UMA	Recent developments in the study of cognitive processing of emotionally arousing words	yes		NO_URL	No PDF URL available in CSV or OpenAlex metadata
W2954093078	UMA	AVOIDING MURPHY'S LAW ON DETECTING METEORS	yes	https://doi.org/10.22201/ia.14052059p.2019.51.20	OK	Downloaded: W2954093078.pdf
W3016108735	UMA	GPS and odometer data fusion for outdoor robots continuous positioning.	yes		NO_URL	No PDF URL available in CSV or OpenAlex metadata
W3204370669	UMA	CrowdDriven: A New Challenging Dataset for Outdoor Visual Localization	yes	https://arxiv.org/pdf/2109.04527	OK	Downloaded: W3204370669.pdf
W3210153968	UMA	Context-Aware 3D Object Anchoring For Mobile Robots Dataset	yes	https://zenodo.org/record/1257047	FAILED	HTTP 200, Content-Type: text/html; charset=utf-8
W4200145245	UMA	Requirements and Specifications for the Orchestration of Network Intelligence in 6G	yes	https://zenodo.org/record/5767861	FAILED	HTTP 200, Content-Type: text/html; charset=utf-8
W4287864120	UMA	Wavelet-based temporal models of human activity for anomaly detection in smart robot-assisted environments	yes	https://arxiv.org/pdf/2002.11503	OK	Downloaded: W4287864120.pdf
W4366596859	UMA	Proposal and Implementation of a Procedure for Compliance Recognition of Objects with Smart Tactile Sensors	yes	https://www.mdpi.com/1424-8220/23/8/4120/pdf?version=1681920847	FAILED	HTTP 403, Content-Type: text/html
W4385742186	UMA	The Robot@Home2 dataset: A new release with improved usability tools	yes	http://www.softxjournal.com/article/S2352711023001863/pdf	FAILED	HTTP 200, Content-Type: text/html; charset=utf-8
W4387816784	UMA	Path planning with far-away obstacles detection under uncertainty	yes	http://dx.doi.org/10.17979/spudc.9788497498609.633	FAILED	HTTP 200, Content-Type: text/html; charset=utf-8
W4387878243	UMA	Exploring Learning Techniques for Developing Socially-Aware Service Robots: Best Practices for Social Comfort	yes	https://ebooks.iospress.nl/pdf/doi/10.3233/FAIA230692	FAILED	HTTP 200, Content-Type: text/html; charset=utf-8
W4387929396	UMA	Robot-Assisted Navigation for Visually Impaired through Adaptive Impedance and Path Planning	yes	https://arxiv.org/pdf/2310.14705	OK	Downloaded: W4387929396.pdf
W4388981515	UMA	RUR e il governo dei Robot	yes	https://riviste.unimi.it/index.php/sociologiadeldiritto/article/download/20739/18401	OK	Downloaded: W4388981515.pdf
W4393071966	UMA	Causal-Based Approaches to Explain and Learn from Self-Extension—A Review	yes	https://www.mdpi.com/2079-9292/13/7/1169/pdf?version=1711094309	FAILED	HTTP 403, Content-Type: text/html
W4393512175	UMA	Robot@Home, a robotic dataset for semantic mapping of home environments	yes		NO_URL	No PDF URL available in CSV or OpenAlex metadata
W4393524438	UMA	Training dataset from the Da Vinci Research Kit	yes	https://doi.org/10.5281/zenodo.3830937	FAILED	HTTP 200, Content-Type: text/html; charset=utf-8
W4393576937	UMA	Robot@Home2, a robotic dataset of home environments	yes	https://doi.org/10.5281/zenodo.7811783	FAILED	HTTP 200, Content-Type: text/html; charset=utf-8
W4393628674	UMA	Robot@Home2, a robotic dataset of home environments	yes	https://zenodo.org/record/4530453	FAILED	HTTP 200, Content-Type: text/html; charset=utf-8
W4393641000	UMA	Context-Aware 3D Object Anchoring For Mobile Robots Dataset	yes	https://doi.org/10.5281/zenodo.1257046	FAILED	HTTP 200, Content-Type: text/html; charset=utf-8
W4393720770	UMA	Robot@Home2, a robotic dataset of home environments	yes	https://zenodo.org/record/7811795	FAILED	HTTP 200, Content-Type: text/html; charset=utf-8
W4393731951	UMA	Training dataset from the Da Vinci Research Kit	yes	https://zenodo.org/record/3830938	FAILED	HTTP 200, Content-Type: text/html; charset=utf-8
W4393794113	UMA	Training dataset from the Da Vinci Research Kit	yes	https://zenodo.org/record/7100542	FAILED	HTTP 200, Content-Type: text/html; charset=utf-8
W4393840960	UMA	Robot@Home, a robotic dataset for semantic mapping of home environments	yes		NO_URL	No PDF URL available in CSV or OpenAlex metadata
W4393887542	UMA	Robot@Home, a robotic dataset for semantic mapping of home environments	yes	https://zenodo.org/record/3901564	FAILED	HTTP 200, Content-Type: text/html; charset=utf-8
W4393893831	UMA	Robot@Home2, a robotic dataset of home environments	yes	https://doi.org/10.5281/zenodo.3901563	FAILED	HTTP 200, Content-Type: text/html; charset=utf-8
W4395665380	UMA	Instrument Detection and Descriptive Gesture Segmentation on a Robotic Surgical Maneuvers Dataset	yes	https://www.mdpi.com/2076-3417/14/9/3701/pdf?version=1714135820	FAILED	HTTP 403, Content-Type: text/html
W4403935766	UMA	A Human Behavior Exploration Approach Using LLMs for Cyber-Physical Systems	yes	https://edepot.wur.nl/677284	OK	Downloaded: W4403935766.pdf
W4410120002	UMA	Automated Planning for Task-Based Cyber-Physical Systems under Multiple Sources of Uncertainty	yes		NO_URL	No PDF URL available in CSV or OpenAlex metadata
W4411802882	UMA	Algorithms for Load Balancing in Next-Generation Mobile Networks: A Systematic Literature Review	yes	https://www.mdpi.com/1999-5903/17/7/290/pdf?version=1751107398	FAILED	HTTP 403, Content-Type: text/html
W4412121899	UMA	The role of robotics in planetary exploration, contributions from the university of malaga	yes	https://doi.org/10.5194/epsc-dps2025-1658	FAILED	HTTP 200, Content-Type: text/html; charset=utf-8
W4415693375	UMA	Field Assessment of Force Torque Sensors for Planetary Rover Navigation	yes	https://link.springer.com/content/pdf/10.1007/s10846-025-02324-2.pdf	OK	Downloaded: W4415693375.pdf
W4416170471	UMA	Technical Narrators and the Possibilities of Cognitive Assemblages in Kazuo Ishiguro’s &lt;i&gt;Klara and the Sun&lt;/i&gt;	yes	https://revistas.uva.es/index.php/esreview/article/download/technical-narrators-possibilities-cognitive-klara-and-the-sun/6987	OK	Downloaded: W4416170471.pdf
W7115568786	UMA	GSR and PPG Signals with Extracted Features During Startle Events While Walking with a Smart Cane	yes	https://doi.org/10.5281/zenodo.17938653	FAILED	HTTP 410, Content-Type: text/html; charset=utf-8
W7115583045	UMA	GSR and PPG Signals with Extracted Features During Startle Events While Walking with a Smart Cane	yes	https://doi.org/10.5281/zenodo.17938652	FAILED	HTTP 410, Content-Type: text/html; charset=utf-8
W7115885433	UMA	GSR and PPG Signals with Extracted Features During Startle Events While Walking with a Smart Cane	yes	https://doi.org/10.5281/zenodo.17961532	FAILED	HTTP 410, Content-Type: text/html; charset=utf-8
W7115929919	UMA	GSR and PPG Signals with Extracted Features During Startle Events While Walking with a Smart Cane	yes	https://doi.org/10.5281/zenodo.17961533	FAILED	HTTP 410, Content-Type: text/html; charset=utf-8
W7117321209	UMA	The Impact of the Accelerometer Sampling Rate on the Performance of Machine and Deep Learning Models in Wearable Fall-Detection Systems	yes	https://www.mdpi.com/1424-8220/26/1/162/pdf?version=1766737399	FAILED	HTTP 403, Content-Type: text/html
W7117407451	UMA	GSR Signals, Extracted Features and ML Trained Models For Startle Events Detection While Walking with a Smart Cane	yes	https://doi.org/10.5281/zenodo.18069695	FAILED	HTTP 200, Content-Type: text/html; charset=utf-8
W7117414660	UMA	GSR Signals, Extracted Features and ML Trained Models For Startle Events Detection While Walking with a Smart Cane	yes	https://doi.org/10.5281/zenodo.18069696	FAILED	HTTP 200, Content-Type: text/html; charset=utf-8
W7126051914	UMA	Cartography of the Use of Artificial Intelligence Against Disinformation in Europe: Trends, Stakeholders, and Emerging Challenges	yes	https://www.mdpi.com/2076-0760/15/2/71/pdf?version=1769681699	FAILED	HTTP 403, Content-Type: text/html
W7135063432	UMA	Adaptive planning for assistive-care robotic missions	yes	https://doi.org/10.1177/02783649261420234	FAILED	HTTP 403, Content-Type: text/html; charset=UTF-8
W7138271016	UMA	BogieSeg: A Dataset for Railway Bogie Component and Wheel Defect Detection	yes	https://doi.org/10.5281/zenodo.18831526	FAILED	HTTP 200, Content-Type: text/html; charset=utf-8
W7138466750	UMA	BogieSeg: A Dataset for Railway Bogie Component and Wheel Defect Detection	yes	https://doi.org/10.5281/zenodo.18831525	FAILED	HTTP 200, Content-Type: text/html; charset=utf-8
W4225657853	UMA	Digital Twin: A Comprehensive Survey of Security Threats	yes	https://hdl.handle.net/10630/36109	FAILED	HTTP 200, Content-Type: text/html; charset=utf-8
W2980749699	UMA	A predictive model for the maintenance of industrial machinery in the context of industry 4.0	yes	https://hdl.handle.net/10630/29794	FAILED	HTTP 200, Content-Type: text/html; charset=utf-8
W4388260481	UMA	MachNet, a general Deep Learning architecture for Predictive Maintenance within the industry 4.0 paradigm	yes	https://doi.org/10.1016/j.engappai.2023.107365	FAILED	HTTP 200, Content-Type: text/html;charset=UTF-8
W4206301766	UMA	Dynamic Packet Duplication for Industrial URLLC	yes	https://www.mdpi.com/1424-8220/22/2/587/pdf?version=1642060594	FAILED	HTTP 403, Content-Type: text/html
W4322588017	UMA	A Machine Learning Based Full Duplex System Supporting Multiple Sign Languages for the Deaf and Mute	yes	https://www.mdpi.com/2076-3417/13/5/3114/pdf?version=1677581474	FAILED	HTTP 403, Content-Type: text/html
W4324330600	UMA	The orchestration of <scp>Machine Learning</scp> frameworks with data streams and <scp>GPU</scp> acceleration in <scp>Kafka‐ML</scp>: A deep‐learning performance comparative	yes	https://onlinelibrary.wiley.com/doi/pdfdirect/10.1111/exsy.13287	FAILED	HTTP 403, Content-Type: text/html; charset=UTF-8
W4399391903	UMA	Online learning and continuous model upgrading with data streams through the Kafka-ML framework	yes	https://doi.org/10.1016/j.future.2024.06.001	FAILED	HTTP 200, Content-Type: text/html;charset=UTF-8
W4405143006	UMA	Distributed digital twins on the open-source OpenTwins framework	yes	https://doi.org/10.1016/j.aei.2024.102970	FAILED	HTTP 200, Content-Type: text/html;charset=UTF-8
W3171491277	UMA	A Novel Process to Setup Electronic Products Test Sites Based on Figure of Merit and Machine Learning	yes	https://ieeexplore.ieee.org/ielx7/6287639/9312710/09443195.pdf	OK	Downloaded: W3171491277.pdf
W4313890379	UMA	A Novel System to Increase Yield of Manufacturing Test of an RF Transceiver through Application of Machine Learning	yes	https://www.mdpi.com/1424-8220/23/2/705/pdf?version=1673953215	FAILED	HTTP 403, Content-Type: text/html
W3198514214	UMA	Analysis of Data from the Industrial Machinery Within the Hot Rolling Process for Predictive Maintenance	yes		NO_URL	No PDF URL available in CSV or OpenAlex metadata
W3120617884	UMA	A Universal Machine-Learning-Based Automated Testing System for Consumer Electronic Products	yes	https://www.mdpi.com/2079-9292/10/2/136/pdf?version=1610268769	FAILED	HTTP 403, Content-Type: text/html
W4294253312	UMA	A Low Cost IoT Cyber-Physical System for Vehicle and Pedestrian Tracking in a Smart Campus	yes	https://www.mdpi.com/1424-8220/22/17/6585/pdf?version=1662355817	FAILED	HTTP 403, Content-Type: text/html
W3198585441	UMA	Transfer learning for multiobjective optimization algorithms supporting dynamic software product lines	yes		NO_URL	No PDF URL available in CSV or OpenAlex metadata
W4321446157	UMA	Optimized instance segmentation by super-resolution and maximal clique generation	yes	https://riuma.uma.es/xmlui/bitstream/10630/37222/1/EXTENSI%c3%93N_IWINAC___CLIQUES_ICAE__postprint.pdf	FAILED	HTTP 404, Content-Type: text/html; charset=utf-8
W4410762635	UMA	Optimizing load-balanced resource allocation in next-generation mobile networks: A parallelized multi-objective approach	yes	https://doi.org/10.1016/j.adhoc.2025.103912	FAILED	HTTP 200, Content-Type: text/html;charset=UTF-8
W4386254908	UMA	Beyond REM: A New Approach to the Use of Image Classifiers for the Management of 6G Networks	yes	https://www.mdpi.com/1424-8220/23/17/7494/pdf?version=1693295239	FAILED	HTTP 403, Content-Type: text/html
W81858559	UMA	Multiresolution Vision in Autonomous Systems	yes		NO_URL	No PDF URL available in CSV or OpenAlex metadata
W4406612395	UMA	Enhanced Spatial-Temporal Analysis for EEG-Based Microsleep Detection: Integrating Kalman Filtering with Voronoi Tessellation and Adaptive Coverage Control	yes		NO_URL	No PDF URL available in CSV or OpenAlex metadata
W7124877155	UMA	Next-Generation AI Systems: From Cognitive Models to Real-World Impact	yes		NO_URL	No PDF URL available in CSV or OpenAlex metadata
W4360614218	UMA	Underwater Positioning System Based on Drifting Buoys and Acoustic Modems	yes	https://www.mdpi.com/2077-1312/11/4/682/pdf?version=1679544068	FAILED	HTTP 403, Content-Type: text/html
W4293065158	UMA	Circular Optical Phased Array with Large Steering Range and High Resolution	yes	https://www.mdpi.com/1424-8220/22/16/6135/pdf?version=1660785317	FAILED	HTTP 403, Content-Type: text/html
W2771285759	UMA	Context‐dependent reconfiguration of autonomous vehicles in mixed traffic	yes	https://idus.us.es/handle//11441/111454	FAILED	HTTP 200, Content-Type: text/html; charset=utf-8
W4388767046	UMA	Detection of dangerously approaching vehicles over onboard cameras by speed estimation from apparent size	yes	https://doi.org/10.1016/j.neucom.2023.127057	FAILED	HTTP 200, Content-Type: text/html;charset=UTF-8
W2916087113	UMA	Integration of Relational Databases in ethical decision-making for autonomous vehicles	yes		NO_URL	No PDF URL available in CSV or OpenAlex metadata
W4387161366	UMA	Introduction and Fundamentals	yes	https://onlinelibrary.wiley.com/doi/pdfdirect/10.1002/9781119911463.ch1	FAILED	HTTP 403, Content-Type: text/html; charset=UTF-8
W4312363356	UMA	Integrated optical phased arrays with circular architecture on a silicon platform	yes	https://www.epj-conferences.org/articles/epjconf/pdf/2022/10/epjconf_eosam2022_01002.pdf	OK	Downloaded: W4312363356.pdf
W4413191734	UMA	Human-in-the-Loop Models for Ethical AI Grading: Combining AI Speed with Human Ethical Oversight	yes	https://ai.ageditor.ar/index.php/ai/article/download/413/166	OK	Downloaded: W4413191734.pdf
W4417172544	UMA	Artificial Intelligence in Public Urban Transport: Insights and Emerging Trends	yes		NO_URL	No PDF URL available in CSV or OpenAlex metadata
W7128805634	UMA	A Novel Lightweight Hybrid GAN-Transformer Architecture for Sand-Dust and Haze Image Enhancement	yes	https://doi.org/10.1109/access.2026.3664280	FAILED	HTTP 200, Content-Type: text/html;charset=UTF-8
W3009942643	UMA	Efficient autonomous navigation for planetary rovers with limited resources	yes		NO_URL	No PDF URL available in CSV or OpenAlex metadata
W3089700794	UMA	A GNC Architecture for Planetary Rovers with Autonomous Navigation	yes		NO_URL	No PDF URL available in CSV or OpenAlex metadata
W3195348390	UMA	Applications of Artificial Intelligence, Machine Learning, Big Data and the Internet of Things to the COVID-19 Pandemic: A Scientometric Review Using Text Mining	yes	https://www.mdpi.com/1660-4601/18/16/8578/pdf?version=1629975284	FAILED	HTTP 403, Content-Type: text/html
W4313812023	UMA	Portable motorized telescope system for wind turbine blades damage detection	yes	https://onlinelibrary.wiley.com/doi/pdfdirect/10.1002/eng2.12618	FAILED	HTTP 403, Content-Type: text/html; charset=UTF-8
W4410243042	UMA	Addressing significant challenges for animal detection in camera trap images: a novel deep learning-based approach	yes	https://www.nature.com/articles/s41598-025-90249-z.pdf	OK	Downloaded: W4410243042.pdf
W4200478308	UMA	Tiled Sparse Coding in Eigenspaces for Image Classification	yes	https://digibug.ugr.es/bitstream/10481/85811/1/manuscript_ijns.pdf	OK	Downloaded: W4200478308.pdf
W3215357617	UMA	Zoometric data extraction from drone imagery: the Arabian oryx (<i>Oryx leucoryx</i>)	yes		NO_URL	No PDF URL available in CSV or OpenAlex metadata
W4380996124	UMA	Object detection in traffic videos: an optimized approach using super-resolution and maximal clique algorithm	yes	https://link.springer.com/content/pdf/10.1007/s00521-023-08741-4.pdf	OK	Downloaded: W4380996124.pdf
W4406795585	UMA	Assessment of Pine Tree Crown Delineation Algorithms on UAV Data: From K-Means Clustering to CNN Segmentation	yes	https://www.mdpi.com/1999-4907/16/2/228/pdf?version=1737737091	FAILED	HTTP 403, Content-Type: text/html
W4409785314	UMA	Neural networks and genetic algorithms-based self-adjustment system for a backstepping controller of an unmanned aerial vehicle	yes	https://doi.org/10.1016/j.aej.2025.04.034	FAILED	HTTP 200, Content-Type: text/html;charset=UTF-8
W4388733597	UMA	Combining UAV thermography, point cloud analysis and machine learning for assessing small‐scale evapotranspiration patterns in a tropical rainforest	yes	https://onlinelibrary.wiley.com/doi/pdfdirect/10.1002/eco.2604	FAILED	HTTP 403, Content-Type: text/html; charset=UTF-8
W4385269848	UMA	Orchestration Procedures for the Network Intelligence Stratum in 6G Networks	yes	https://e-archivo.uc3m.es/bitstreams/131095dc-2255-483f-a319-b088058c04c2/download	OK	Downloaded: W4385269848.pdf
W4415973486	UMA	Estimating tree diameter at breast height (DBH) from UAV data: A comparison of oblique–Vertical imagery fusion and allometric modeling	yes	https://doi.org/10.1016/j.srs.2025.100331	FAILED	HTTP 200, Content-Type: text/html;charset=UTF-8
W4394995311	UMA	Disaster Area Recognition from Aerial Images with Complex-Shape Class Detection	yes		NO_URL	No PDF URL available in CSV or OpenAlex metadata
W4404052352	UMA	Integration of weighted majority voting in machine learning algorithms to enhance pine tree crown mapping on UAV imagery	yes	https://isprs-annals.copernicus.org/articles/X-3-2024/187/2024/isprs-annals-X-3-2024-187-2024.pdf	OK	Downloaded: W4404052352.pdf
W4408486981	UMA	Multiple kinematic analysis of rock walls using 2D and 3D data: Application at Caminito del Rey (M&amp;#225;laga)	yes	https://doi.org/10.5194/egusphere-egu25-15235	FAILED	HTTP 200, Content-Type: text/html; charset=utf-8
W4412832420	UMA	Tree Top Detection in UAV Data: Evaluating Accuracy of Different Estimation Techniques	yes	https://isprs-archives.copernicus.org/articles/XLVIII-G-2025/611/2025/isprs-archives-XLVIII-G-2025-611-2025.pdf	OK	Downloaded: W4412832420.pdf
W7119630890	UMA	Low-Cost Deep Learning for Building Detection with Application to Informal Urban Planning	yes	https://www.mdpi.com/2220-9964/15/1/36/pdf?version=1767963988	FAILED	HTTP 403, Content-Type: text/html
W7133119463	UMA	Assessing Relative Gully Morphometric Change After Extreme Rainfall Events: A <scp>UAV</scp> ‐Based <scp>GIS</scp> Framework Applied to the 2024 <scp>DANA</scp> in Southern Spain	yes	https://doi.org/10.1111/tgis.70214	FAILED	HTTP 403, Content-Type: text/html; charset=UTF-8
W2560331925	UMA	Analysis of a Smartphone-Based Architecture with Multiple Mobility Sensors for Fall Detection	yes	https://journals.plos.org/plosone/article/file?id=10.1371/journal.pone.0168069&type=printable	OK	Downloaded: W2560331925.pdf
W4295560422	UMA	Non-Invasive Microwave-Based Imaging System for Early Detection of Breast Tumours	yes	https://www.mdpi.com/2079-6374/12/9/752/pdf?version=1663064313	FAILED	HTTP 403, Content-Type: text/html
W1879985326	UMA	Goal‐directed <scp>EEG</scp> activity evoked by discriminative stimuli in reinforcement learning	yes	https://unsworks.unsw.edu.au/bitstreams/fb681b47-d02f-44c6-b206-4220e297e56d/download	OK	Downloaded: W1879985326.pdf
W2160025018	UMA	Traffic steering by self-tuning controllers in enterprise LTE femtocells	yes	https://jwcn-eurasipjournals.springeropen.com/counter/pdf/10.1186/1687-1499-2012-337	OK	Downloaded: W2160025018.pdf
W2106548558	UMA	A computationally efficient method for self-planning uplink power control parameters in LTE	yes	https://jwcn-eurasipjournals.springeropen.com/counter/pdf/10.1186/s13638-015-0320-7	OK	Downloaded: W2106548558.pdf
W2949967586	UMA	Learned predictiveness acquired through experience prevails over the influence of conflicting verbal instructions in rapid selective attention	yes	https://journals.plos.org/plosone/article/file?id=10.1371/journal.pone.0200051&type=printable	OK	Downloaded: W2949967586.pdf
W2745679322	UMA	Self-Planning of Base Station Transmit Power for Coverage and Capacity Optimization in LTE	yes	http://downloads.hindawi.com/journals/misy/2017/4380676.pdf	FAILED	HTTP 403, Content-Type: text/html; charset=UTF-8
W4316926438	UMA	DAEMON Deliverable 4.2: Refined design of intelligent orchestration and management mechanisms	yes	https://doi.org/10.5281/zenodo.7544155	FAILED	HTTP 200, Content-Type: text/html; charset=utf-8
W4406949914	UMA	Optimizing Route Efficiency in Formula One (F1) Vehicles Using Reinforcement Learning Algorithms	yes		NO_URL	No PDF URL available in CSV or OpenAlex metadata
W2809484286	UMA	Learned predictiveness acquired through experience prevails over the influence of conflicting verbal instructions in rapid selective attention	yes	https://www.biorxiv.org/content/biorxiv/early/2018/06/20/351908.full.pdf	FAILED	HTTP 403, Content-Type: text/html; charset=UTF-8
W2996223149	UMA	Modeling the UE-perceived cellular network performance following a controller-based approach	yes	https://jwcn-eurasipjournals.springeropen.com/track/pdf/10.1186/s13638-019-1596-9	OK	Downloaded: W2996223149.pdf
W4317768858	UMA	DAEMON: A Network Intelligence Plane for 6G Networks	yes	https://zenodo.org/record/7555199	FAILED	HTTP 200, Content-Type: text/html; charset=utf-8
W4318157185	UMA	DAEMON Deliverable 4.2: Refined design of intelligent orchestration and management mechanisms	yes	https://doi.org/10.5281/zenodo.7573188	FAILED	HTTP 200, Content-Type: text/html; charset=utf-8
W4412940633	UMA	Enhanced deep-style interpreter for automatic synthesis of annotated medical images	yes	https://link.springer.com/content/pdf/10.1007/s00521-025-11516-8.pdf	OK	Downloaded: W4412940633.pdf
W4408044908	UMA	Adoption and Usage Patterns of Referencing Services Management Software Among Postgraduate Students: A Case Study of Selected Kenyan Universities	yes	https://mw.ageditor.ar/index.php/mw/article/download/622/432	OK	Downloaded: W4408044908.pdf
W4312718379	UMA	Probabilistic Combination of Non-Linear Eigenprojections For Ensemble Classification	yes	https://digibug.ugr.es/bitstream/10481/85814/1/manuscript.pdf	OK	Downloaded: W4312718379.pdf
W4360764170	UMA	Structural health and intelligent monitoring of wind turbine blades with a motorized telescope	yes		NO_URL	No PDF URL available in CSV or OpenAlex metadata
W2060866511	UMA	Comparison and Characterization of Android-Based Fall Detection Systems	yes	https://www.mdpi.com/1424-8220/14/10/18543/pdf?version=1412763229	FAILED	HTTP 403, Content-Type: text/html
W3002204141	UMA	Consumption Analysis of Smartphone based Fall Detection Systems with Multiple External Wireless Sensors	yes	https://www.mdpi.com/1424-8220/20/3/622/pdf?version=1580393385	FAILED	HTTP 403, Content-Type: text/html
W1973465095	UMA	Dynamic Reconfiguration of Security Policies in Wireless Sensor Networks	yes	https://www.mdpi.com/1424-8220/15/3/5251/pdf?version=1425463431	FAILED	HTTP 403, Content-Type: text/html
W4402514316	UMA	Wearable Fall Detectors Based on Low Power Transmission Systems: A Systematic Review	yes	https://www.mdpi.com/2227-7080/12/9/166/pdf?version=1726717649	FAILED	HTTP 403, Content-Type: text/html
W4401946918	UMA	Big Data-driven MLOps workflow for annual high-resolution land cover classification models	yes	https://doi.org/10.1016/j.future.2024.107499	FAILED	HTTP 200, Content-Type: text/html;charset=UTF-8
W4386488673	KK	Data acquisition for digitisation in the paraffin candle production process	yes	http://ojs.kaunokolegija.lt/index.php/mttlk/article/view/574/642	OK	Downloaded: W4386488673.pdf
W4405653891	KK	TECHNOLOGY INNOVATIONS IN THE FIELD OF LOGISTICS	yes	https://journals.rta.lv/index.php/ISS/article/download/8329/6805	OK	Downloaded: W4405653891.pdf
W4416860821	KK	Optimization of an Automated Substrate Irrigation System Using the SAC Reinforcement Learning Agent	yes	https://www.mdpi.com/2076-3417/15/23/12715/pdf?version=1764588393	FAILED	HTTP 403, Content-Type: text/html
W7125432937	KK	Learning-based Target Localization in Robotic Radioguided Surgery in Noisy Environments	yes	https://doi.org/10.1515/cdbme-2025-0323	FAILED	HTTP 200, Content-Type: text/html; charset=UTF-8
W4413416207	KK	Development and Optimization of an Automated Industrial Wastewater Treatment System Using PLC and LSTM Neural Network	yes	https://www.mdpi.com/2076-3417/15/16/8990/pdf?version=1755251240	FAILED	HTTP 403, Content-Type: text/html
W4313410799	KK	Intelligent Control of Mushroom Growing Conditions Using an Electronic System for Monitoring and Maintaining Environmental Parameters	yes	https://www.mdpi.com/2076-3417/12/24/13040/pdf?version=1671594123	FAILED	HTTP 403, Content-Type: text/html
W4406245123	UT	Ethical concerns in AI development: analyzing students’ perspectives on robotics and society	yes		NO_URL	No PDF URL available in CSV or OpenAlex metadata
W2490176519	UT	Albanian Sign Language (AlbSL) Number Recognition from Both Hand’s Gestures Acquired by Kinect Sensors	yes	http://thesai.org/Downloads/Volume7No7/Paper_29-Albanian_Sign_Language _AlbSL_Number_Recognition.pdf	OK	Downloaded: W2490176519.pdf
W3045867448	UT	A Wearable Fall Detection System based on LoRa LPWAN Technology	yes	https://jcoms.fesb.unist.hr/pdfs/v16n3_1039_zanaj.pdf	OK	Downloaded: W3045867448.pdf
W4367726263	UT	Exploring the Impact of Emerging Technologies on Business Models, Customer Behavior, and Workforce Implications	yes	https://psppjournals.org/index.php/jmap/article/download/185/208	OK	Downloaded: W4367726263.pdf
W4317517924	UT	Future Human Resources, Technologically Engaged	yes	http://journal.hmjournals.com/index.php/JPOME/article/download/1476/1833/2629	OK	Downloaded: W4317517924.pdf
W4412813467	UT	"&lt;p class=""MDPI12title""&gt;Strategic Readiness for AI and Smart Technology Adoption in Emerging Hospitality Markets: A Tri-Lens Assessment of Barriers, Benefits, and Segments in Albania"	yes	https://www.preprints.org/frontend/manuscript/4f8662e615893afbda7dc1fde1a56c1f/download_pub	FAILED	HTTP 403, Content-Type: text/html
W4245914224	UT	Target Tracking Using Reinforcement Learning and Neural Networks	yes	https://www.ej-eng.org/index.php/ejeng/article/download/2316/1018	FAILED	HTTP 404, Content-Type: text/html; charset=utf-8
W4396705240	UT	Socio-economic Challenges in COVID Detection using Transfer Learning-Based Methods	yes	https://doi.org/10.37394/23209.2024.21.21	OK	Downloaded: W4396705240.pdf
W4409480397	UT	AUTOMATING FINANCIAL AND OPERATIONALPROCESSES USING ERP SYSTEMS IN DEVELOPINGCOUNTRIES: TRENDS AND CHALLENGES	yes	https://doi.org/10.70827/1224afaop	OK	Downloaded: W4409480397.pdf
W4413074216	UT	Artificial Intelligence and Humanoid Robotics: Bioethical Implications of Replacing Human Agency in Healthcare and beyond	yes	https://reference-global.com/2/v2/download/article/10.2478/ebtj-2025-0019.pdf	OK	Downloaded: W4413074216.pdf
W7120074006	UT	Linearization Strategies for Energy-Aware Optimization of Single-Truck, Multiple-Drone Last-Mile Delivery Systems	yes	https://www.mdpi.com/1999-5903/18/1/45/pdf?version=1767967836	FAILED	HTTP 403, Content-Type: text/html
W4415268218	UT	From Ultrasound Image Collection to De-identification and Re-identification: A Practical Pipeline	yes	https://doi.org/10.37394/232018.2025.13.57	OK	Downloaded: W4415268218.pdf
W4206225427	UT	Knowledge Representation in Business Process Automation Systems	yes	https://www.dpublication.com/wp-content/uploads/2021/02/19-8021.pdf	OK	Downloaded: W4206225427.pdf
W4407604885	UT	The Impact of AI and ML Tools on the Accounting and Auditing Profession: A Survey of Student Expectations	yes	https://www.dpublication.com/conference-proceedings/index.php/imeconf/article/download/841/534	OK	Downloaded: W4407604885.pdf
W4404460958	UT	Airborne DNA: State of the art – Established methods and missing pieces in the molecular genetic detection of airborne microorganisms, viruses and plant particles	yes	https://doi.org/10.1016/j.scitotenv.2024.177439	FAILED	HTTP 200, Content-Type: text/html;charset=UTF-8
W7118176819	UT	Automating the Classification of Economic Activities in Official Statistics: A Comparative Study of Neural Networks and Transformers	yes	https://doi.org/10.37394/232018.2026.14.4	OK	Downloaded: W7118176819.pdf
W3099626665	THWS	Recognition of Typical Locomotion Activities Based on the Sensor Data of a Smartphone in Pocket or Hand	yes	https://www.mdpi.com/1424-8220/20/22/6559/pdf?version=1605784769	FAILED	HTTP 403, Content-Type: text/html
W4210869281	THWS	An Improved Approach for Inverse Kinematics and Motion Planning of an Industrial Robot Manipulator with Reinforcement Learning	yes		NO_URL	No PDF URL available in CSV or OpenAlex metadata
W4297899689	THWS	Towards gestured-based technologies for human-centred Smart Factories	yes		NO_URL	No PDF URL available in CSV or OpenAlex metadata
W4401583024	THWS	Standardized wireless deep brain stimulation system for mice	yes	https://www.nature.com/articles/s41531-024-00767-2.pdf	OK	Downloaded: W4401583024.pdf
W4323536869	THWS	Anomaly Detection for Dynamic Human-Robot Assembly	yes	https://dl.acm.org/doi/pdf/10.1145/3568294.3580100	FAILED	HTTP 403, Content-Type: text/html; charset=UTF-8
W4399801670	THWS	Generative AI Copilot to Support Safety Analyses of Human–Robot Collaborations: Hazard Operability Analysis and GPT-4	yes		NO_URL	No PDF URL available in CSV or OpenAlex metadata
W4406578449	THWS	A computer vision system for recognition and defect detection for reusable containers	yes	https://link.springer.com/content/pdf/10.1007/s00138-024-01636-x.pdf	OK	Downloaded: W4406578449.pdf
W4377291925	THWS	Automation Strategies for the Photogrammetric Reconstruction of Pipelines	yes	https://link.springer.com/content/pdf/10.1007/s41064-023-00244-0.pdf	OK	Downloaded: W4377291925.pdf
W4405554696	THWS	Speech-Controlled Robot Enabling Cognitive Training and Stimulation in Dementia Prevention for Severely Disabled People	yes	https://www.degruyterbrill.com/document/doi/10.1515/cdbme-2024-2133/pdf	OK	Downloaded: W4405554696.pdf
W4205890611	THWS	Towards a Mobile Robot Localization Benchmark with Challenging Sensordata in an Industrial Environment	yes		NO_URL	No PDF URL available in CSV or OpenAlex metadata
W4367022406	THWS	Cascaded Scheduling for Highly Autonomous Production Cells with AGVs	yes	https://link.springer.com/content/pdf/10.1007/978-3-031-28839-5_43.pdf	OK	Downloaded: W4367022406.pdf
W7125958390	THWS	AI‐Powered Framework for Evaluating Drug Efficacy for Three‐Dimensional In Vitro Cancer Models in Robot‐Assisted Production	yes	https://doi.org/10.1002/adrr.202500049	FAILED	HTTP 403, Content-Type: text/html; charset=UTF-8
W4403675339	THWS	A Realistic Industrial Car Factory Digital Twin Simulation for Virtual Reality Applications and Robotic Training<sup>*</sup>	yes		NO_URL	No PDF URL available in CSV or OpenAlex metadata
W4411234032	THWS	Robotics Software Engineering Education: An Experience Report	yes		NO_URL	No PDF URL available in CSV or OpenAlex metadata
W4297838895	THWS	Adaptive multi-modal positive semi-definite and indefinite kernel fusion for binary classification	yes	https://doi.org/10.14428/esann/2022.es2022-70	OK	Downloaded: W4297838895.pdf
W1626761514	THWS	Statistical indoor localization using fusion of depth-images and step detection	yes		NO_URL	No PDF URL available in CSV or OpenAlex metadata
W4321435966	THWS	Non-destructive classification of unlabeled cells: Combining an automated benchtop magnetic resonance scanner and artificial intelligence	yes	https://journals.plos.org/ploscompbiol/article/file?id=10.1371/journal.pcbi.1010842&type=printable	OK	Downloaded: W4321435966.pdf
W4391422818	THWS	BLOCSIE - Benchmark for LOCalization in a Simulated Industrial Environment	yes		NO_URL	No PDF URL available in CSV or OpenAlex metadata
W4404037159	THWS	Advancing Robotics with an Interactive and Musical Humanoid Robot Based on the InMoov Project	yes		NO_URL	No PDF URL available in CSV or OpenAlex metadata
W4406086586	THWS	A Peak Shaving Approach in Manufacturing Combining Machine Learning and Job Shop Scheduling	yes	https://link.springer.com/content/pdf/10.1007/978-3-031-77429-4_59.pdf	OK	Downloaded: W4406086586.pdf
W4410297755	THWS	Deep Reinforcement Learning for Adaptive Job Shop Scheduling in Robotic Cells: Handling Disruptions Effectively	yes		NO_URL	No PDF URL available in CSV or OpenAlex metadata
W4415567547	THWS	A Progress Report on the Economics of Artificial Intelligence: Impacts, Challenges, and Future Directions	yes	https://www.anserpress.org/journal/jea/4/4/126/pdf	OK	Downloaded: W4415567547.pdf
W4416104283	THWS	Human-centred robotics and the EU AI Act: selected standards and implications	yes	https://ojs.kaunokolegija.lt/index.php/mttlk/article/download/730/779	OK	Downloaded: W4416104283.pdf
W7133219553	THWS	Defamiliarization Attack: Literary Theory Enabled Discussion of LLM Safety	yes	https://www.mdpi.com/2079-9292/15/5/1047/pdf	FAILED	HTTP 403, Content-Type: text/html
W7140142869	THWS	An Ultra-Wideband Localization Approach for Unknown Anchor Distributions	yes		NO_URL	No PDF URL available in CSV or OpenAlex metadata
W3196954236	THWS	Enhanced Changeover Detection in Industry 4.0 Environments with Machine Learning	yes	https://www.mdpi.com/1424-8220/21/17/5896/pdf?version=1630634429	FAILED	HTTP 403, Content-Type: text/html
W4226405113	THWS	Industry 4.0 and International Collaborative Online Learning in a Higher Education Course on Machine Learning	yes		NO_URL	No PDF URL available in CSV or OpenAlex metadata
W4417122030	THWS	Could industry 4.0 benefit from hybrid AI analytics to enhance smart manufacturing, defect detection, and prediction?	yes		NO_URL	No PDF URL available in CSV or OpenAlex metadata
W4391432356	THWS	Evaluating Different Deep Learning Approaches for Tree Health Classification Using High-Resolution Multispectral UAV Data in the Black Forest, Harz Region, and Göttinger Forest	yes	https://www.mdpi.com/2072-4292/16/3/561/pdf?version=1706777510	FAILED	HTTP 403, Content-Type: text/html
W3165119948	THWS	Tree Localization and Monitoring on Autonomous Drones employing Deep Learning	yes	https://doaj.org/article/ced3aef0e1dd4fd3b1a53623cda17946	FAILED	HTTP 410, Content-Type: text/html; charset=utf-8
W4409209448	THWS	MMTSCNet: Multimodal Tree Species Classification Network for Classification of Multi-Source, Single-Tree LiDAR Point Clouds	yes	https://www.mdpi.com/2072-4292/17/7/1304/pdf?version=1744032821	FAILED	HTTP 403, Content-Type: text/html
W4403042656	THWS	TreeSeg—A Toolbox for Fully Automated Tree Crown Segmentation Based on High-Resolution Multispectral UAV Data	yes	https://www.mdpi.com/2072-4292/16/19/3660/pdf?version=1727753074	FAILED	HTTP 403, Content-Type: text/html
W4224021865	THWS	UAS based autonomous visual inspection of airplane surface defects	yes		NO_URL	No PDF URL available in CSV or OpenAlex metadata
W2973707774	THWS	RULE-BASED MAPPING OF PARKED VEHICLES USING AERIAL IMAGE SEQUENCES	yes	https://www.isprs-ann-photogramm-remote-sens-spatial-inf-sci.net/IV-2-W7/95/2019/isprs-annals-IV-2-W7-95-2019.pdf	OK	Downloaded: W2973707774.pdf
W4392616262	THWS	Time-series analysis on multi-modal data for precisionviticulture to support adaptation to changing climate patternsin Franconia	yes	https://doi.org/10.5194/egusphere-egu24-4541	FAILED	HTTP 200, Content-Type: text/html; charset=utf-8
W4415640964	THWS	NeuenahrFlood dataset and an improved human-in-the-loop strategy for efficient flood water segmentation	yes		NO_URL	No PDF URL available in CSV or OpenAlex metadata
W7118646061	THWS	Long-Duration Drone Tracking Dataset	yes	https://doi.org/10.5281/zenodo.17182189	FAILED	HTTP 200, Content-Type: text/html; charset=utf-8
W7118868323	THWS	Long-Duration Drone Tracking Dataset	yes	https://doi.org/10.5281/zenodo.17182190	FAILED	HTTP 200, Content-Type: text/html; charset=utf-8
W4389734484	THWS	Computer Vision in Reusable Container Management : Requirements, Conception, and Data Acquisition	yes	http://fis.uni-bamberg.de/bitstreams/7a90d462-c483-41fc-9c63-605c7aea1131/download	OK	Downloaded: W4389734484.pdf
W4391216757	THWS	Advancing Efficiency in Mineral Construction Materials Recycling: A Comprehensive Approach Integrating Machine Learning and X-ray Diffraction Analysis	yes	https://www.mdpi.com/2075-5309/14/2/340/pdf?version=1706188775	FAILED	HTTP 403, Content-Type: text/html
W1999426267	TAMK	A novel time optimal path following controller with bounded velocities for mobile robots with independently steerable wheels	yes		NO_URL	No PDF URL available in CSV or OpenAlex metadata
W4312303251	TAMK	OpenDR: An Open Toolkit for Enabling High Performance, Low Footprint Deep Learning for Robotics	yes		NO_URL	No PDF URL available in CSV or OpenAlex metadata
W2090426736	TAMK	Time optimal path following with bounded velocities and accelerations for mobile robots with independently steerable wheels	yes		NO_URL	No PDF URL available in CSV or OpenAlex metadata
W2995069358	TAMK	Control System of Collaborative Robotic Based on the Methods of Contactless Recognition of Human Actions	yes	https://www.epj-conferences.org/articles/epjconf/pdf/2019/29/epjconf_mnps2018_04006.pdf	OK	Downloaded: W2995069358.pdf
W4390825640	TAMK	Industrial Data Pipelines for Manufacturing Applications	yes	https://doi.org/10.1016/j.procir.2023.08.013	FAILED	HTTP 200, Content-Type: text/html;charset=UTF-8
W1965626533	TAMK	Enhanced Map-Based Indoor Navigation System of a Humanoid Robot Using Ultrasound Measurements	yes	http://www.scirp.org/journal/PaperDownload.aspx?paperID=19231	OK	Downloaded: W1965626533.pdf
W4414899123	TAMK	Human–robot collaborative visual inspection with Large Language Models	yes	https://doi.org/10.1016/j.rcim.2025.103154	FAILED	HTTP 200, Content-Type: text/html;charset=UTF-8
W1995320282	TAMK	New scheme for image space path planning incorporating CAD-based recognition methods for visual servoing	yes		NO_URL	No PDF URL available in CSV or OpenAlex metadata
W2023129473	TAMK	An open energy consumption-relevant factory automation dataset in the cloud	yes		NO_URL	No PDF URL available in CSV or OpenAlex metadata
W4312547457	TAMK	Business-to-Business Selling in Transition: A Digital Dynamic Managerial Capability Framework	yes	https://scholarlypublishingcollective.org/uip/jfs/article-pdf/23/2/156/1609369/156mattila.pdf	FAILED	HTTP 403, Content-Type: text/html; charset=UTF-8
W4402366263	TAMK	Exploring the Impacts of AI-Based Physical Robots on Human Well-Being	yes	https://doi.org/10.1007/978-3-031-72234-9_4	FAILED	HTTP 200, Content-Type: text/html; charset=utf-8
W4409252449	TAMK	Artificial intelligence in wellbeing services counties: management and experts’ perspectives on opportunities, challenges and AI readiness	yes	https://journal.fi/finjehew/article/download/155471/104354	OK	Downloaded: W4409252449.pdf
W3184194409	TAMK	A Review of the Empirical Literature on Service Robots in Information Systems Literature	yes		NO_URL	No PDF URL available in CSV or OpenAlex metadata
W4403387454	TAMK	Informed consent in the age of smart technologies	yes	https://journal.fi/finjehew/article/download/137992/94803	OK	Downloaded: W4403387454.pdf
W2110158058	TAMK	A new possible branch of computational intelligence for developing real time control in mechatronics	yes		NO_URL	No PDF URL available in CSV or OpenAlex metadata
W4287591052	TAMK	Speech Command Recognition in Computationally Constrained Environments\n with a Quadratic Self-organized Operational Layer	yes	https://arxiv.org/pdf/2011.11436	OK	Downloaded: W4287591052.pdf
W4392097611	TAMK	Generation of realistic synthetic cable images to train Deep Learning segmentation models	yes	https://www.researchsquare.com/article/rs-3959243/latest.pdf	OK	Downloaded: W4392097611.pdf
W4413463169	TAMK	Constrained Trajectory Optimization on Matrix Lie Groups via Lie-Algebraic Differential Dynamic Programming	yes	https://doi.org/10.1016/j.sysconle.2025.106220	FAILED	HTTP 200, Content-Type: text/html;charset=UTF-8
W4415694143	TAMK	A dual-arm robotic system for automated multi-branch wire harness assembly in automotive industry	yes	https://doi.org/10.1016/j.jmsy.2025.10.008	FAILED	HTTP 200, Content-Type: text/html;charset=UTF-8
W4416181871	TAMK	An AI-powered smart Agribot for detecting locusts in farmlands using IoT and deep learning	yes	https://www.nature.com/articles/s41598-025-23497-8.pdf	OK	Downloaded: W4416181871.pdf
W4416282071	TAMK	A Hands-on Workshop on Designing LLM-Powered Context-Aware Behavior for Companion Robots	yes	https://dl.acm.org/doi/pdf/10.1145/3757980.3758014	FAILED	HTTP 403, Content-Type: text/html; charset=UTF-8
W7111586712	TAMK	Enhancing employee performance management : an AI driven approach to overcome key challenges	yes	http://www.theseus.fi/bitstream/10024/898565/2/Tambekar_Nikhil.pdf	OK	Downloaded: W7111586712.pdf
W7111726389	TAMK	Digital transformation in strategic project management for overcoming execution challenges in multinational engineering firms	yes	http://www.theseus.fi/bitstream/10024/900902/3/Roy_Somir.pdf	OK	Downloaded: W7111726389.pdf
W7132870710	TAMK	Solving a Rubik's Cube with computer vision	yes	https://trepo.tuni.fi/bitstream/10024/154365/2/JokinenLauri.pdf	OK	Downloaded: W7132870710.pdf
W7133025280	TAMK	Which developments led to the fourth industrial revolution	yes	https://trepo.tuni.fi/bitstream/10024/161531/5/KukkonenLeevi.pdf	OK	Downloaded: W7133025280.pdf
W7133081065	TAMK	The Report of 85 AI Tools : GenAI Content Production: Enhancing Repeatability and Automation with ChatGPT	yes	https://trepo.tuni.fi/bitstream/10024/158346/2/978-952-03-3502-1.pdf	OK	Downloaded: W7133081065.pdf
W7140304624	TAMK	Data Scaling for Navigation in Unknown Environments	yes	https://doi.org/10.1109/lra.2026.3677718	FAILED	HTTP 200, Content-Type: text/html;charset=UTF-8
W1672049684	TAMK	From artificial cognitive systems and open architectures to cognitive manufacturing systems	yes		NO_URL	No PDF URL available in CSV or OpenAlex metadata
W4411067687	TAMK	Generative AI meets CAD: enhancing engineering design to manufacturing processes with large language models	yes	https://link.springer.com/content/pdf/10.1007/s00170-025-15830-2.pdf	OK	Downloaded: W4411067687.pdf
W2082823735	TAMK	Using semantic web technologies to describe automation objects	yes		NO_URL	No PDF URL available in CSV or OpenAlex metadata
W2146611505	TAMK	Agent-based control model for reconfigurable manufacturing systems	yes		NO_URL	No PDF URL available in CSV or OpenAlex metadata
W4405889086	TAMK	Infrastructure-as-Code for 5G RAN, Core and SBI Deployment: A comprehensive review	yes	https://gjeta.com/sites/default/files/GJETA-2024-0235.pdf	OK	Downloaded: W4405889086.pdf
W2068303195	TAMK	Normal Distributions Transform Occupancy Maps: Application to large-scale online 3D mapping	yes		NO_URL	No PDF URL available in CSV or OpenAlex metadata
W7133025573	TAMK	Energy Efficient Control of Hydrostatic Drive Transmissions: A Nonlinear Model-Based Approach	yes	https://trepo.tuni.fi/bitstream/10024/115057/1/backas_1559.pdf	OK	Downloaded: W7133025573.pdf
W4289914010	TAMK	Non-destructive estimation of individual tree biomass: Allometric models, terrestrial and UAV laser scanning	yes	https://doi.org/10.1016/j.rse.2022.113180	FAILED	HTTP 200, Content-Type: text/html;charset=UTF-8
W4376480814	TAMK	Optimal Joint Radar and Communications Beamforming for the Low-Altitude Airborne Vehicles in SAGIN	yes		NO_URL	No PDF URL available in CSV or OpenAlex metadata
W4396879159	TAMK	On the Optimal Antenna Beamwidth for UAV Localization using mmWave/THz Range Radars	yes		NO_URL	No PDF URL available in CSV or OpenAlex metadata
W4411436017	TAMK	Measured and modelled air quality related effects of a noise barrier near a busy highway	yes	https://egusphere.copernicus.org/preprints/2025/egusphere-2025-1423/egusphere-2025-1423.pdf	OK	Downloaded: W4411436017.pdf
W4412112817	TAMK	Comment on egusphere-2025-1423	yes	https://doi.org/10.5194/egusphere-2025-1423-rc1	FAILED	HTTP 200, Content-Type: text/html
W4412933682	TAMK	Comment on egusphere-2025-1423	yes	https://doi.org/10.5194/egusphere-2025-1423-rc2	FAILED	HTTP 200, Content-Type: text/html
W4414433515	TAMK	Human-Drone Swarm Interaction System for Persistent Monitoring of Large Disperse Area	yes		NO_URL	No PDF URL available in CSV or OpenAlex metadata
W7116987679	TAMK	Measured and modelled air quality related effects of a noise barrier near a busy highway	yes	https://acp.copernicus.org/articles/25/18719/2025/acp-25-18719-2025.pdf	OK	Downloaded: W7116987679.pdf
W2111478242	TAMK	Object detection for dynamic adaptation of interconnections in inkjet printed electronics	yes		NO_URL	No PDF URL available in CSV or OpenAlex metadata
W4381851120	TAMK	Acoustic Manipulation of Particles in Microfluidic Chips with an Adaptive Controller that Models Acoustic Fields	yes	https://onlinelibrary.wiley.com/doi/pdfdirect/10.1002/aisy.202300058	FAILED	HTTP 403, Content-Type: text/html; charset=UTF-8
W2123862199	TAMK	Proactive and adaptive fuzzy profile control for mobile phones	yes		NO_URL	No PDF URL available in CSV or OpenAlex metadata
W2514263839	THUAS	Python in robotics and mechatronics education	yes		NO_URL	No PDF URL available in CSV or OpenAlex metadata
W4206242217	THUAS	Preparing Engineers for Lifelong Learning in the Era of Industry 4.0	yes		NO_URL	No PDF URL available in CSV or OpenAlex metadata
W4386850197	THUAS	Force-Based Self-Organizing MANET/FANET with a UAV Swarm	yes	https://www.mdpi.com/1999-5903/15/9/315/pdf?version=1695106659	FAILED	HTTP 403, Content-Type: text/html
W2953585735	THUAS	Sensor fusion of odometry and a single beacon distance measurement	yes		NO_URL	No PDF URL available in CSV or OpenAlex metadata
W3095853535	THUAS	CHILL-ICE: Construction of a Habitat Inside a Lunar-analogue Lava-tube: Iceland Campaign of EuroMoonMars	yes	https://doi.org/10.5194/epsc2020-901	FAILED	HTTP 200, Content-Type: text/html; charset=utf-8
W4285813118	THUAS	Mono-DCNet: Monocular 3D Object Detection via Depth-based Centroid Refinement and Pose Estimation	yes	https://e-archivo.uc3m.es/bitstreams/99bd2ce7-7796-455e-a001-e87f925a9a65/download	OK	Downloaded: W4285813118.pdf
W3006668360	THUAS	Sensor Fusion of Odometer, Compass and Beacon Distance for Mobile Robots	yes	https://doi.org/10.4018/ijaiml.2020010101	FAILED	HTTP 429, Content-Type: text/html
W4241146597	THUAS	Contribuciones al desarrollo de un sistema efectivo para la inspección de cultivos	yes	http://oa.upm.es/48041/1/JOSE_MARIA_BENGOCHEA_GUEVARA.pdf	OK	Downloaded: W4241146597.pdf
W3109657194	THUAS	PrimaVera: Synergising Predictive Maintenance	yes	https://www.mdpi.com/2076-3417/10/23/8348/pdf?version=1606301414	FAILED	HTTP 403, Content-Type: text/html
W3104633277	THUAS	The Second EuroMoonMars IMA at HI-SEA Field Campaign: An Overview of The EMMIHS-II Analog Mission to the Moon	yes	https://doi.org/10.5194/epsc2020-1020	FAILED	HTTP 200, Content-Type: text/html; charset=utf-8
